MFR URL,Ref URL 1,Ref URL 2,Ref URL 3,Ref URL 4,Ref URL 5,PART_NUMBER,Dept,Class,Fine,SKU - MY_PART_NUMBER,Mfg_Part_Num,Part_Desc,E1_Brand,Unilog_Brand,DIB_Brand,Part_Manuf,MANUFACTURER_NAME,BRAND_NAME,TRADE_NAME,MANUFACTURER_PART_NUMBER,ALTERNATE_PART_NUMBER,Classpath,MOBILE_DESC,INVOICE_DESC,SHORT_DESC,LONG_DESC1,RETAIL_DESC,MARKETING_DESCRIPTION,ITEM_FEATURES_1,ITEM_FEATURES_2,ITEM_FEATURES_3,ITEM_FEATURES_4,ITEM_FEATURES_5,ITEM_FEATURES_6,ITEM_FEATURES_7,ITEM_FEATURES_8,ITEM_FEATURES_9,ITEM_FEATURES_10,ITEM_FEATURES_11,ITEM_FEATURES_12,ITEM_FEATURES_13,ITEM_FEATURES_14,ITEM_FEATURES_15,ITEM_FEATURES_16,ITEM_FEATURES_17,ITEM_FEATURES_18,ITEM_FEATURES_19,ITEM_FEATURES_20,With,Standard/Approvals,Prop 65,Application,Includes,Product Name,ATTRIBUTE_LABEL 1,ATTRIBUTE_VALUE 1,ATTRIBUTE_UOM 1,ATTRIBUTE_LABEL 2,ATTRIBUTE_VALUE 2,ATTRIBUTE_UOM 2,ATTRIBUTE_LABEL 3,ATTRIBUTE_VALUE 3,ATTRIBUTE_UOM 3,ATTRIBUTE_LABEL 4,ATTRIBUTE_VALUE 4,ATTRIBUTE_UOM 4,ATTRIBUTE_LABEL 5,ATTRIBUTE_VALUE 5,ATTRIBUTE_UOM 5,ATTRIBUTE_LABEL 6,ATTRIBUTE_VALUE 6,ATTRIBUTE_UOM 6,ATTRIBUTE_LABEL 7,ATTRIBUTE_VALUE 7,ATTRIBUTE_UOM 7,ATTRIBUTE_LABEL 8,ATTRIBUTE_VALUE 8,ATTRIBUTE_UOM 8,ATTRIBUTE_LABEL 9,ATTRIBUTE_VALUE 9,ATTRIBUTE_UOM 9,ATTRIBUTE_LABEL 10,ATTRIBUTE_VALUE 10,ATTRIBUTE_UOM 10,ATTRIBUTE_LABEL 11,ATTRIBUTE_VALUE 11,ATTRIBUTE_UOM 11,ATTRIBUTE_LABEL 12,ATTRIBUTE_VALUE 12,ATTRIBUTE_UOM 12,ATTRIBUTE_LABEL 13,ATTRIBUTE_VALUE 13,ATTRIBUTE_UOM 13,ATTRIBUTE_LABEL 14,ATTRIBUTE_VALUE 14,ATTRIBUTE_UOM 14,ATTRIBUTE_LABEL 15,ATTRIBUTE_VALUE 15,ATTRIBUTE_UOM 15,ATTRIBUTE_LABEL 16,ATTRIBUTE_VALUE 16,ATTRIBUTE_UOM 16,ATTRIBUTE_LABEL 17,ATTRIBUTE_VALUE 17,ATTRIBUTE_UOM 17,ATTRIBUTE_LABEL 18,ATTRIBUTE_VALUE 18,ATTRIBUTE_UOM 18,ATTRIBUTE_LABEL 19,ATTRIBUTE_VALUE 19,ATTRIBUTE_UOM 19,ATTRIBUTE_LABEL 20,ATTRIBUTE_VALUE 20,ATTRIBUTE_UOM 20,ATTRIBUTE_LABEL 21,ATTRIBUTE_VALUE 21,ATTRIBUTE_UOM 21,ATTRIBUTE_LABEL 22,ATTRIBUTE_VALUE 22,ATTRIBUTE_UOM 22,ATTRIBUTE_LABEL 23,ATTRIBUTE_VALUE 23,ATTRIBUTE_UOM 23,ATTRIBUTE_LABEL 24,ATTRIBUTE_VALUE 24,ATTRIBUTE_UOM 24,ATTRIBUTE_LABEL 25,ATTRIBUTE_VALUE 25,ATTRIBUTE_UOM 25,ATTRIBUTE_LABEL 26,ATTRIBUTE_VALUE 26,ATTRIBUTE_UOM 26,ATTRIBUTE_LABEL 27,ATTRIBUTE_VALUE 27,ATTRIBUTE_UOM 27,ATTRIBUTE_LABEL 28,ATTRIBUTE_VALUE 28,ATTRIBUTE_UOM 28,ATTRIBUTE_LABEL 29,ATTRIBUTE_VALUE 29,ATTRIBUTE_UOM 29,ATTRIBUTE_LABEL 30,ATTRIBUTE_VALUE 30,ATTRIBUTE_UOM 30,ATTRIBUTE_LABEL 31,ATTRIBUTE_VALUE 31,ATTRIBUTE_UOM 31,ATTRIBUTE_LABEL 32,ATTRIBUTE_VALUE 32,ATTRIBUTE_UOM 32,ATTRIBUTE_LABEL 33,ATTRIBUTE_VALUE 33,ATTRIBUTE_UOM 33,ATTRIBUTE_LABEL 34,ATTRIBUTE_VALUE 34,ATTRIBUTE_UOM 34,ATTRIBUTE_LABEL 35,ATTRIBUTE_VALUE 35,ATTRIBUTE_UOM 35,ATTRIBUTE_LABEL 36,ATTRIBUTE_VALUE 36,ATTRIBUTE_UOM 36,ATTRIBUTE_LABEL 37,ATTRIBUTE_VALUE 37,ATTRIBUTE_UOM 37,ATTRIBUTE_LABEL 38,ATTRIBUTE_VALUE 38,ATTRIBUTE_UOM 38,ATTRIBUTE_LABEL 39,ATTRIBUTE_VALUE 39,ATTRIBUTE_UOM 39,ATTRIBUTE_LABEL 40,ATTRIBUTE_VALUE 40,ATTRIBUTE_UOM 40,ATTRIBUTE_LABEL 41,ATTRIBUTE_VALUE 41,ATTRIBUTE_UOM 41,ATTRIBUTE_LABEL 42,ATTRIBUTE_VALUE 42,ATTRIBUTE_UOM 42,ATTRIBUTE_LABEL 43,ATTRIBUTE_VALUE 43,ATTRIBUTE_UOM 43,ATTRIBUTE_LABEL 44,ATTRIBUTE_VALUE 44,ATTRIBUTE_UOM 44,ATTRIBUTE_LABEL 45,ATTRIBUTE_VALUE 45,ATTRIBUTE_UOM 45,ATTRIBUTE_LABEL 46,ATTRIBUTE_VALUE 46,ATTRIBUTE_UOM 46,ATTRIBUTE_LABEL 47,ATTRIBUTE_VALUE 47,ATTRIBUTE_UOM 47,ATTRIBUTE_LABEL 48,ATTRIBUTE_VALUE 48,ATTRIBUTE_UOM 48,ATTRIBUTE_LABEL 49,ATTRIBUTE_VALUE 49,ATTRIBUTE_UOM 49,ATTRIBUTE_LABEL 50,ATTRIBUTE_VALUE 50,ATTRIBUTE_UOM 50,UPC,EAN,GTIN,UNSPSC,Warranty,List Price,Selling Qty,Selling UOM,Standard Packaging Information,LENGTH,LENGTH_UOM,HEIGHT,HEIGHT_UOM,WIDTH,WIDTH_UOM,WEIGHT,WEIGHT_UOM,VOLUME,VOLUME_UOM,Product Image,Alternate Image 1,Alternate Image 2,Alternate Image 3,Alternate Image 4,SDS,SDS_1,Warranty Information,Catalog,Specification Sheet,Instruction/Installation Manual,Service Manual,Owners/User Manual,Line Drawing,MTR,RoHS,Full Engineering Drawing,Energy Star Guide,Technical Bulletin,Submittal,Compatibility Chart,Size Chart,Product Label/Insert,Video Link,Video Link 1,Country Of Origin,Discontinued,Actual Image (Yes/No)
,,,,,,,,,,,DCB518ASTS06G-1,"DCB518ASTS06G Diablo 1/2""x18"" - Sanding Belt 6pc Item #1",,,,Freud Inc (2435),Freud Inc,DIABLO®,,DCB518ASTS06G-1,,unclassified / needs manual mapping,DIABLO® DCB518ASTS06G-1 Product,DIABLO DCB518ASTS06G-1 PRODUCT,DIABLO® DCB518ASTS06G-1 Product,DIABLO® DCB518ASTS06G-1 Product,,,,,,,,,,,,,,,,,,,,,,,,,,,,,,,,,,,,,,,,,,,,,,,,,,,,,,,,,,,,,,,,,,,,,,,,,,,,,,,,,,,,,,,,,,,,,,,,,,,,,,,,,,,,,,,,,,,,,,,,,,,,,,,,,,,,,,,,,,,,,,,,,,,,,,,,,,,,,,,,,,,,,,,,,,,,,,,,,,,,,,,,,,,,,,,,,,,,,,,,,,,,,,,,,,,,,,,,,,,,,,,,,
,,,,,,,,,,,6702-000-2,Moen 6702-000 Genta Single Handle Bathroom Sink Faucet Chrome 1.2 gpm 4in Item #2,,,,Moen Incorporated (MOEN),Moen Incorporated,MOEN®,,6702-000-2,,Plumbing>Faucets>Bathroom Sink Faucets,"MOEN® 6702-000-2 Bathroom Sink Faucets, 2, 1.2 gpm, Chrome",MOEN 6702-000-2 BATHROOM SINK FAUCETS,"MOEN® 6702-000-2 Bathroom Sink Faucets, 2, 1.2 gpm, Chrome","MOEN® 6702-000-2 Bathroom Sink Faucets, 2, 1.2 gpm, Chrome",,,,,,,,,,,,,,,,,,,,,,,,,,,,,Number of Faucet Handles,2,,Flow Rate,1.2,gpm,Finish/Color,Chrome,,,,,,,,,,,,,,,,,,,,,,,,,,,,,,,,,,,,,,,,,,,,,,,,,,,,,,,,,,,,,,,,,,,,,,,,,,,,,,,,,,,,,,,,,,,,,,,,,,,,,,,,,,,,,,,,,,,,,,,,,,,,,,,,,,,,,,,,,,,,,,,,,,30181702,,,,,,,,,,,,,,,,,,,,,,,,,,,,,,,,,,,,,,,,,,,
,,,,,,,,,,,559HA-DST-3,Delta 559HA-DST Trinsic Single Handle Bathroom Sink Faucet Matte Black 1.2 gpm Item #3,,,,Delta Faucet Company (DELTA),Delta Faucet Company,DELTA®,,559HA-DST-3,,Plumbing>Faucets>Bathroom Sink Faucets,"DELTA® 559HA-DST-3 Bathroom Sink Faucets, 2, 1.2 gpm, Matte Black",DELTA 559HA-DST-3 BATHROOM SINK FAUCETS,"DELTA® 559HA-DST-3 Bathroom Sink Faucets, 2, 1.2 gpm, Matte Black","DELTA® 559HA-DST-3 Bathroom Sink Faucets, 2, 1.2 gpm, Matte Black",,,,,,,,,,,,,,,,,,,,,,,,,,,,,Number of Faucet Handles,2,,Flow Rate,1.2,gpm,Finish/Color,Matte Black,,,,,,,,,,,,,,,,,,,,,,,,,,,,,,,,,,,,,,,,,,,,,,,,,,,,,,,,,,,,,,,,,,,,,,,,,,,,,,,,,,,,,,,,,,,,,,,,,,,,,,,,,,,,,,,,,,,,,,,,,,,,,,,,,,,,,,,,,,,,,,,,,,30181702,,,,,,,,,,,,,,,,,,,,,,,,,,,,,,,,,,,,,,,,,,,
,,,,,,,,,,,K-596-VS-4,Kohler K-596-VS Simplice Pull-Down Kitchen Faucet Vibrant Stainless 1.5 gpm Item #4,,,,Kohler Co. (KOHLER),Kohler Co.,KOHLER®,,K-596-VS-4,,Plumbing>Faucets>Utility Faucets,KOHLER® K-596-VS-4 Utility Faucets,KOHLER K-596-VS-4 UTILITY FAUCETS,KOHLER® K-596-VS-4 Utility Faucets,KOHLER® K-596-VS-4 Utility Faucets,,,,,,,,,,,,,,,,,,,,,,,,,,,,,,,,,,,,,,,,,,,,,,,,,,,,,,,,,,,,,,,,,,,,,,,,,,,,,,,,,,,,,,,,,,,,,,,,,,,,,,,,,,,,,,,,,,,,,,,,,,,,,,,,,,,,,,,,,,,,,,,,,,,,,,,,,,,,,,,,,,,,,,,,,,,,,,,,,,,,,,30181706,,,,,,,,,,,,,,,,,,,,,,,,,,,,,,,,,,,,,,,,,,,
,,,,,,,,,,,607-1/2-5,Nibco 607 1/2 1/2 in Copper Wrot Pressure 90 Deg Elbow Item #5,,,,Nibco Inc (NIBCO),Nibco Inc,NIBCO®,,607-1/2-5,,"Plumbing>Pipe, Tube & Hose Fittings>Pipe Fittings","NIBCO® 607-1/2-5 Pipe Fittings, Elbow, 1/2 in, Press, Copper",NIBCO 607-1/2-5 PIPE FITTINGS,"NIBCO® 607-1/2-5 Pipe Fittings, Elbow, 1/2 in, Press, Copper","NIBCO® 607-1/2-5 Pipe Fittings, Elbow, 1/2 in, Press, Copper",,,,,,,,,,,,,,,,,,,,,,,,,,,,,Fitting Fitting/Connector Type,Elbow,,Pipe Size,1/2,in,Connection Type,Press,,Fitting Material,Copper,,,,,,,,,,,,,,,,,,,,,,,,,,,,,,,,,,,,,,,,,,,,,,,,,,,,,,,,,,,,,,,,,,,,,,,,,,,,,,,,,,,,,,,,,,,,,,,,,,,,,,,,,,,,,,,,,,,,,,,,,,,,,,,,,,,,,,,,,,,,,,,40172600,,,,,,,,,,,,,,,,,,,,,,,,,,,,,,,,,,,,,,,,,,,
,,,,,,,,,,,U008LF-6,SharkBite U008LF 1/2 in Push-to-Connect Brass Coupling Item #6,,,,SharkBite Plumbing Solutions (SHARK),SharkBite Plumbing Solutions,SHARKBITE®,,U008LF-6,,"Plumbing>Pipe, Tube & Hose Fittings>Pipe Fittings","SHARKBITE® U008LF-6 Pipe Fittings, Coupling, 1/2 in, Push-to-Connect, Brass",SHARKBITE U008LF-6 PIPE FITTINGS,"SHARKBITE® U008LF-6 Pipe Fittings, Coupling, 1/2 in, Push-to-Connect, Brass","SHARKBITE® U008LF-6 Pipe Fittings, Coupling, 1/2 in, Push-to-Connect, Brass",,,,,,,,,,,,,,,,,,,,,,,,,,,,,Fitting Fitting/Connector Type,Coupling,,Pipe Size,1/2,in,Connection Type,Push-to-Connect,,Fitting Material,Brass,,,,,,,,,,,,,,,,,,,,,,,,,,,,,,,,,,,,,,,,,,,,,,,,,,,,,,,,,,,,,,,,,,,,,,,,,,,,,,,,,,,,,,,,,,,,,,,,,,,,,,,,,,,,,,,,,,,,,,,,,,,,,,,,,,,,,,,,,,,,,,,40172600,,,,,,,,,,,,,,,,,,,,,,,,,,,,,,,,,,,,,,,,,,,
,,,,,,,,,,,NIP-050-CLOSE-7,Charlotte Pipe 1/2 in x Close Black Steel Nipple MNPT Item #7,,,,Charlotte Pipe and Foundry (CHARL),Charlotte Pipe and Foundry,CHARLOTTE PIPE®,,NIP-050-CLOSE-7,,"Plumbing>Pipe, Tube & Hose Fittings>Pipe Fittings","CHARLOTTE PIPE® NIP-050-CLOSE-7 Pipe Fittings, Tee, 1/2 in, MNPT",CHARLOTTE PIPE NIP-050-CLOSE-7 PIPE FITT,"CHARLOTTE PIPE® NIP-050-CLOSE-7 Pipe Fittings, Tee, 1/2 in, MNPT","CHARLOTTE PIPE® NIP-050-CLOSE-7 Pipe Fittings, Tee, 1/2 in, MNPT",,,,,,,,,,,,,,,,,,,,,,,,,,,,,Fitting Fitting/Connector Type,Tee,,Pipe Size,1/2,in,Connection Type,MNPT,,,,,,,,,,,,,,,,,,,,,,,,,,,,,,,,,,,,,,,,,,,,,,,,,,,,,,,,,,,,,,,,,,,,,,,,,,,,,,,,,,,,,,,,,,,,,,,,,,,,,,,,,,,,,,,,,,,,,,,,,,,,,,,,,,,,,,,,,,,,,,,,,,40172600,,,,,,,,,,,,,,,,,,,,,,,,,,,,,,,,,,,,,,,,,,,
,,,,,,,,,,,PDSH4816AF-8,PDSH4816AF Dishwasher SS - Display Only Item #8,,,,Appliance Dealers Cooperative (APPDE),Appliance Dealers Cooperative,FRIGIDAIRE®,,PDSH4816AF-8,,unclassified / needs manual mapping,FRIGIDAIRE® PDSH4816AF-8 Product,FRIGIDAIRE PDSH4816AF-8 PRODUCT,FRIGIDAIRE® PDSH4816AF-8 Product,FRIGIDAIRE® PDSH4816AF-8 Product,,,,,,,,,,,,,,,,,,,,,,,,,,,,,,,,,,,,,,,,,,,,,,,,,,,,,,,,,,,,,,,,,,,,,,,,,,,,,,,,,,,,,,,,,,,,,,,,,,,,,,,,,,,,,,,,,,,,,,,,,,,,,,,,,,,,,,,,,,,,,,,,,,,,,,,,,,,,,,,,,,,,,,,,,,,,,,,,,,,,,,,,,,,,,,,,,,,,,,,,,,,,,,,,,,,,,,,,,,,,,,,,,
,,,,,,,,,,,WDTS7024RZ-9,WDTS7024RZ Dishwasher SS - Display Only Item #9,,,,Appliance Dealers Cooperative (APPDE),Appliance Dealers Cooperative,FRIGIDAIRE®,,WDTS7024RZ-9,,unclassified / needs manual mapping,FRIGIDAIRE® WDTS7024RZ-9 Product,FRIGIDAIRE WDTS7024RZ-9 PRODUCT,FRIGIDAIRE® WDTS7024RZ-9 Product,FRIGIDAIRE® WDTS7024RZ-9 Product,,,,,,,,,,,,,,,,,,,,,,,,,,,,,,,,,,,,,,,,,,,,,,,,,,,,,,,,,,,,,,,,,,,,,,,,,,,,,,,,,,,,,,,,,,,,,,,,,,,,,,,,,,,,,,,,,,,,,,,,,,,,,,,,,,,,,,,,,,,,,,,,,,,,,,,,,,,,,,,,,,,,,,,,,,,,,,,,,,,,,,,,,,,,,,,,,,,,,,,,,,,,,,,,,,,,,,,,,,,,,,,,,
,,,,,,,,,,,DCB205C-10,Dewalt 20V Max 5.0Ah Starter Kit Item #10,,,,Black & Decker (2585),Black & Decker,DEWALT®,,DCB205C-10,,unclassified / needs manual mapping,DEWALT® DCB205C-10 Product,DEWALT DCB205C-10 PRODUCT,DEWALT® DCB205C-10 Product,DEWALT® DCB205C-10 Product,,,,,,,,,,,,,,,,,,,,,,,,,,,,,,,,,,,,,,,,,,,,,,,,,,,,,,,,,,,,,,,,,,,,,,,,,,,,,,,,,,,,,,,,,,,,,,,,,,,,,,,,,,,,,,,,,,,,,,,,,,,,,,,,,,,,,,,,,,,,,,,,,,,,,,,,,,,,,,,,,,,,,,,,,,,,,,,,,,,,,,,,,,,,,,,,,,,,,,,,,,,,,,,,,,,,,,,,,,,,,,,,,
,,,,,,,,,,,DCB518ASTS06G-11,"DCB518ASTS06G Diablo 1/2""x18"" - Sanding Belt 6pc Item #11",,,,Freud Inc (2435),Freud Inc,DIABLO®,,DCB518ASTS06G-11,,unclassified / needs manual mapping,DIABLO® DCB518ASTS06G-11 Product,DIABLO DCB518ASTS06G-11 PRODUCT,DIABLO® DCB518ASTS06G-11 Product,DIABLO® DCB518ASTS06G-11 Product,,,,,,,,,,,,,,,,,,,,,,,,,,,,,,,,,,,,,,,,,,,,,,,,,,,,,,,,,,,,,,,,,,,,,,,,,,,,,,,,,,,,,,,,,,,,,,,,,,,,,,,,,,,,,,,,,,,,,,,,,,,,,,,,,,,,,,,,,,,,,,,,,,,,,,,,,,,,,,,,,,,,,,,,,,,,,,,,,,,,,,,,,,,,,,,,,,,,,,,,,,,,,,,,,,,,,,,,,,,,,,,,,
,,,,,,,,,,,6702-000-12,Moen 6702-000 Genta Single Handle Bathroom Sink Faucet Chrome 1.2 gpm 4in Item #12,,,,Moen Incorporated (MOEN),Moen Incorporated,MOEN®,,6702-000-12,,Plumbing>Faucets>Bathroom Sink Faucets,"MOEN® 6702-000-12 Bathroom Sink Faucets, 2, 1.2 gpm, Chrome",MOEN 6702-000-12 BATHROOM SINK FAUCETS,"MOEN® 6702-000-12 Bathroom Sink Faucets, 2, 1.2 gpm, Chrome","MOEN® 6702-000-12 Bathroom Sink Faucets, 2, 1.2 gpm, Chrome",,,,,,,,,,,,,,,,,,,,,,,,,,,,,Number of Faucet Handles,2,,Flow Rate,1.2,gpm,Finish/Color,Chrome,,,,,,,,,,,,,,,,,,,,,,,,,,,,,,,,,,,,,,,,,,,,,,,,,,,,,,,,,,,,,,,,,,,,,,,,,,,,,,,,,,,,,,,,,,,,,,,,,,,,,,,,,,,,,,,,,,,,,,,,,,,,,,,,,,,,,,,,,,,,,,,,,,30181702,,,,,,,,,,,,,,,,,,,,,,,,,,,,,,,,,,,,,,,,,,,
,,,,,,,,,,,559HA-DST-13,Delta 559HA-DST Trinsic Single Handle Bathroom Sink Faucet Matte Black 1.2 gpm Item #13,,,,Delta Faucet Company (DELTA),Delta Faucet Company,DELTA®,,559HA-DST-13,,Plumbing>Faucets>Bathroom Sink Faucets,"DELTA® 559HA-DST-13 Bathroom Sink Faucets, 2, 1.2 gpm, Matte Black",DELTA 559HA-DST-13 BATHROOM SINK FAUCETS,"DELTA® 559HA-DST-13 Bathroom Sink Faucets, 2, 1.2 gpm, Matte Black","DELTA® 559HA-DST-13 Bathroom Sink Faucets, 2, 1.2 gpm, Matte Black",,,,,,,,,,,,,,,,,,,,,,,,,,,,,Number of Faucet Handles,2,,Flow Rate,1.2,gpm,Finish/Color,Matte Black,,,,,,,,,,,,,,,,,,,,,,,,,,,,,,,,,,,,,,,,,,,,,,,,,,,,,,,,,,,,,,,,,,,,,,,,,,,,,,,,,,,,,,,,,,,,,,,,,,,,,,,,,,,,,,,,,,,,,,,,,,,,,,,,,,,,,,,,,,,,,,,,,,30181702,,,,,,,,,,,,,,,,,,,,,,,,,,,,,,,,,,,,,,,,,,,
,,,,,,,,,,,K-596-VS-14,Kohler K-596-VS Simplice Pull-Down Kitchen Faucet Vibrant Stainless 1.5 gpm Item #14,,,,Kohler Co. (KOHLER),Kohler Co.,KOHLER®,,K-596-VS-14,,Plumbing>Faucets>Utility Faucets,KOHLER® K-596-VS-14 Utility Faucets,KOHLER K-596-VS-14 UTILITY FAUCETS,KOHLER® K-596-VS-14 Utility Faucets,KOHLER® K-596-VS-14 Utility Faucets,,,,,,,,,,,,,,,,,,,,,,,,,,,,,,,,,,,,,,,,,,,,,,,,,,,,,,,,,,,,,,,,,,,,,,,,,,,,,,,,,,,,,,,,,,,,,,,,,,,,,,,,,,,,,,,,,,,,,,,,,,,,,,,,,,,,,,,,,,,,,,,,,,,,,,,,,,,,,,,,,,,,,,,,,,,,,,,,,,,,,,30181706,,,,,,,,,,,,,,,,,,,,,,,,,,,,,,,,,,,,,,,,,,,
,,,,,,,,,,,607-1/2-15,Nibco 607 1/2 1/2 in Copper Wrot Pressure 90 Deg Elbow Item #15,,,,Nibco Inc (NIBCO),Nibco Inc,NIBCO®,,607-1/2-15,,"Plumbing>Pipe, Tube & Hose Fittings>Pipe Fittings","NIBCO® 607-1/2-15 Pipe Fittings, Elbow, 1/2 in, Press, Copper",NIBCO 607-1/2-15 PIPE FITTINGS,"NIBCO® 607-1/2-15 Pipe Fittings, Elbow, 1/2 in, Press, Copper","NIBCO® 607-1/2-15 Pipe Fittings, Elbow, 1/2 in, Press, Copper",,,,,,,,,,,,,,,,,,,,,,,,,,,,,Fitting Fitting/Connector Type,Elbow,,Pipe Size,1/2,in,Connection Type,Press,,Fitting Material,Copper,,,,,,,,,,,,,,,,,,,,,,,,,,,,,,,,,,,,,,,,,,,,,,,,,,,,,,,,,,,,,,,,,,,,,,,,,,,,,,,,,,,,,,,,,,,,,,,,,,,,,,,,,,,,,,,,,,,,,,,,,,,,,,,,,,,,,,,,,,,,,,,40172600,,,,,,,,,,,,,,,,,,,,,,,,,,,,,,,,,,,,,,,,,,,
,,,,,,,,,,,U008LF-16,SharkBite U008LF 1/2 in Push-to-Connect Brass Coupling Item #16,,,,SharkBite Plumbing Solutions (SHARK),SharkBite Plumbing Solutions,SHARKBITE®,,U008LF-16,,"Plumbing>Pipe, Tube & Hose Fittings>Pipe Fittings","SHARKBITE® U008LF-16 Pipe Fittings, Coupling, 1/2 in, Push-to-Connect, Brass",SHARKBITE U008LF-16 PIPE FITTINGS,"SHARKBITE® U008LF-16 Pipe Fittings, Coupling, 1/2 in, Push-to-Connect, Brass","SHARKBITE® U008LF-16 Pipe Fittings, Coupling, 1/2 in, Push-to-Connect, Brass",,,,,,,,,,,,,,,,,,,,,,,,,,,,,Fitting Fitting/Connector Type,Coupling,,Pipe Size,1/2,in,Connection Type,Push-to-Connect,,Fitting Material,Brass,,,,,,,,,,,,,,,,,,,,,,,,,,,,,,,,,,,,,,,,,,,,,,,,,,,,,,,,,,,,,,,,,,,,,,,,,,,,,,,,,,,,,,,,,,,,,,,,,,,,,,,,,,,,,,,,,,,,,,,,,,,,,,,,,,,,,,,,,,,,,,,40172600,,,,,,,,,,,,,,,,,,,,,,,,,,,,,,,,,,,,,,,,,,,
,,,,,,,,,,,NIP-050-CLOSE-17,Charlotte Pipe 1/2 in x Close Black Steel Nipple MNPT Item #17,,,,Charlotte Pipe and Foundry (CHARL),Charlotte Pipe and Foundry,CHARLOTTE PIPE®,,NIP-050-CLOSE-17,,"Plumbing>Pipe, Tube & Hose Fittings>Pipe Fittings","CHARLOTTE PIPE® NIP-050-CLOSE-17 Pipe Fittings, Tee, 1/2 in, MNPT",CHARLOTTE PIPE NIP-050-CLOSE-17 PIPE FIT,"CHARLOTTE PIPE® NIP-050-CLOSE-17 Pipe Fittings, Tee, 1/2 in, MNPT","CHARLOTTE PIPE® NIP-050-CLOSE-17 Pipe Fittings, Tee, 1/2 in, MNPT",,,,,,,,,,,,,,,,,,,,,,,,,,,,,Fitting Fitting/Connector Type,Tee,,Pipe Size,1/2,in,Connection Type,MNPT,,,,,,,,,,,,,,,,,,,,,,,,,,,,,,,,,,,,,,,,,,,,,,,,,,,,,,,,,,,,,,,,,,,,,,,,,,,,,,,,,,,,,,,,,,,,,,,,,,,,,,,,,,,,,,,,,,,,,,,,,,,,,,,,,,,,,,,,,,,,,,,,,,40172600,,,,,,,,,,,,,,,,,,,,,,,,,,,,,,,,,,,,,,,,,,,
,,,,,,,,,,,PDSH4816AF-18,PDSH4816AF Dishwasher SS - Display Only Item #18,,,,Appliance Dealers Cooperative (APPDE),Appliance Dealers Cooperative,FRIGIDAIRE®,,PDSH4816AF-18,,unclassified / needs manual mapping,FRIGIDAIRE® PDSH4816AF-18 Product,FRIGIDAIRE PDSH4816AF-18 PRODUCT,FRIGIDAIRE® PDSH4816AF-18 Product,FRIGIDAIRE® PDSH4816AF-18 Product,,,,,,,,,,,,,,,,,,,,,,,,,,,,,,,,,,,,,,,,,,,,,,,,,,,,,,,,,,,,,,,,,,,,,,,,,,,,,,,,,,,,,,,,,,,,,,,,,,,,,,,,,,,,,,,,,,,,,,,,,,,,,,,,,,,,,,,,,,,,,,,,,,,,,,,,,,,,,,,,,,,,,,,,,,,,,,,,,,,,,,,,,,,,,,,,,,,,,,,,,,,,,,,,,,,,,,,,,,,,,,,,,
,,,,,,,,,,,WDTS7024RZ-19,WDTS7024RZ Dishwasher SS - Display Only Item #19,,,,Appliance Dealers Cooperative (APPDE),Appliance Dealers Cooperative,FRIGIDAIRE®,,WDTS7024RZ-19,,unclassified / needs manual mapping,FRIGIDAIRE® WDTS7024RZ-19 Product,FRIGIDAIRE WDTS7024RZ-19 PRODUCT,FRIGIDAIRE® WDTS7024RZ-19 Product,FRIGIDAIRE® WDTS7024RZ-19 Product,,,,,,,,,,,,,,,,,,,,,,,,,,,,,,,,,,,,,,,,,,,,,,,,,,,,,,,,,,,,,,,,,,,,,,,,,,,,,,,,,,,,,,,,,,,,,,,,,,,,,,,,,,,,,,,,,,,,,,,,,,,,,,,,,,,,,,,,,,,,,,,,,,,,,,,,,,,,,,,,,,,,,,,,,,,,,,,,,,,,,,,,,,,,,,,,,,,,,,,,,,,,,,,,,,,,,,,,,,,,,,,,,
,,,,,,,,,,,DCB205C-20,Dewalt 20V Max 5.0Ah Starter Kit Item #20,,,,Black & Decker (2585),Black & Decker,DEWALT®,,DCB205C-20,,unclassified / needs manual mapping,DEWALT® DCB205C-20 Product,DEWALT DCB205C-20 PRODUCT,DEWALT® DCB205C-20 Product,DEWALT® DCB205C-20 Product,,,,,,,,,,,,,,,,,,,,,,,,,,,,,,,,,,,,,,,,,,,,,,,,,,,,,,,,,,,,,,,,,,,,,,,,,,,,,,,,,,,,,,,,,,,,,,,,,,,,,,,,,,,,,,,,,,,,,,,,,,,,,,,,,,,,,,,,,,,,,,,,,,,,,,,,,,,,,,,,,,,,,,,,,,,,,,,,,,,,,,,,,,,,,,,,,,,,,,,,,,,,,,,,,,,,,,,,,,,,,,,,,
,,,,,,,,,,,DCB518ASTS06G-21,"DCB518ASTS06G Diablo 1/2""x18"" - Sanding Belt 6pc Item #21",,,,Freud Inc (2435),Freud Inc,DIABLO®,,DCB518ASTS06G-21,,unclassified / needs manual mapping,DIABLO® DCB518ASTS06G-21 Product,DIABLO DCB518ASTS06G-21 PRODUCT,DIABLO® DCB518ASTS06G-21 Product,DIABLO® DCB518ASTS06G-21 Product,,,,,,,,,,,,,,,,,,,,,,,,,,,,,,,,,,,,,,,,,,,,,,,,,,,,,,,,,,,,,,,,,,,,,,,,,,,,,,,,,,,,,,,,,,,,,,,,,,,,,,,,,,,,,,,,,,,,,,,,,,,,,,,,,,,,,,,,,,,,,,,,,,,,,,,,,,,,,,,,,,,,,,,,,,,,,,,,,,,,,,,,,,,,,,,,,,,,,,,,,,,,,,,,,,,,,,,,,,,,,,,,,
,,,,,,,,,,,6702-000-22,Moen 6702-000 Genta Single Handle Bathroom Sink Faucet Chrome 1.2 gpm 4in Item #22,,,,Moen Incorporated (MOEN),Moen Incorporated,MOEN®,,6702-000-22,,Plumbing>Faucets>Bathroom Sink Faucets,"MOEN® 6702-000-22 Bathroom Sink Faucets, 2, 1.2 gpm, Chrome",MOEN 6702-000-22 BATHROOM SINK FAUCETS,"MOEN® 6702-000-22 Bathroom Sink Faucets, 2, 1.2 gpm, Chrome","MOEN® 6702-000-22 Bathroom Sink Faucets, 2, 1.2 gpm, Chrome",,,,,,,,,,,,,,,,,,,,,,,,,,,,,Number of Faucet Handles,2,,Flow Rate,1.2,gpm,Finish/Color,Chrome,,,,,,,,,,,,,,,,,,,,,,,,,,,,,,,,,,,,,,,,,,,,,,,,,,,,,,,,,,,,,,,,,,,,,,,,,,,,,,,,,,,,,,,,,,,,,,,,,,,,,,,,,,,,,,,,,,,,,,,,,,,,,,,,,,,,,,,,,,,,,,,,,,30181702,,,,,,,,,,,,,,,,,,,,,,,,,,,,,,,,,,,,,,,,,,,
,,,,,,,,,,,559HA-DST-23,Delta 559HA-DST Trinsic Single Handle Bathroom Sink Faucet Matte Black 1.2 gpm Item #23,,,,Delta Faucet Company (DELTA),Delta Faucet Company,DELTA®,,559HA-DST-23,,Plumbing>Faucets>Bathroom Sink Faucets,"DELTA® 559HA-DST-23 Bathroom Sink Faucets, 2, 1.2 gpm, Matte Black",DELTA 559HA-DST-23 BATHROOM SINK FAUCETS,"DELTA® 559HA-DST-23 Bathroom Sink Faucets, 2, 1.2 gpm, Matte Black","DELTA® 559HA-DST-23 Bathroom Sink Faucets, 2, 1.2 gpm, Matte Black",,,,,,,,,,,,,,,,,,,,,,,,,,,,,Number of Faucet Handles,2,,Flow Rate,1.2,gpm,Finish/Color,Matte Black,,,,,,,,,,,,,,,,,,,,,,,,,,,,,,,,,,,,,,,,,,,,,,,,,,,,,,,,,,,,,,,,,,,,,,,,,,,,,,,,,,,,,,,,,,,,,,,,,,,,,,,,,,,,,,,,,,,,,,,,,,,,,,,,,,,,,,,,,,,,,,,,,,30181702,,,,,,,,,,,,,,,,,,,,,,,,,,,,,,,,,,,,,,,,,,,
,,,,,,,,,,,K-596-VS-24,Kohler K-596-VS Simplice Pull-Down Kitchen Faucet Vibrant Stainless 1.5 gpm Item #24,,,,Kohler Co. (KOHLER),Kohler Co.,KOHLER®,,K-596-VS-24,,Plumbing>Faucets>Utility Faucets,KOHLER® K-596-VS-24 Utility Faucets,KOHLER K-596-VS-24 UTILITY FAUCETS,KOHLER® K-596-VS-24 Utility Faucets,KOHLER® K-596-VS-24 Utility Faucets,,,,,,,,,,,,,,,,,,,,,,,,,,,,,,,,,,,,,,,,,,,,,,,,,,,,,,,,,,,,,,,,,,,,,,,,,,,,,,,,,,,,,,,,,,,,,,,,,,,,,,,,,,,,,,,,,,,,,,,,,,,,,,,,,,,,,,,,,,,,,,,,,,,,,,,,,,,,,,,,,,,,,,,,,,,,,,,,,,,,,,30181706,,,,,,,,,,,,,,,,,,,,,,,,,,,,,,,,,,,,,,,,,,,
,,,,,,,,,,,607-1/2-25,Nibco 607 1/2 1/2 in Copper Wrot Pressure 90 Deg Elbow Item #25,,,,Nibco Inc (NIBCO),Nibco Inc,NIBCO®,,607-1/2-25,,"Plumbing>Pipe, Tube & Hose Fittings>Pipe Fittings","NIBCO® 607-1/2-25 Pipe Fittings, Elbow, 1/2 in, Press, Copper",NIBCO 607-1/2-25 PIPE FITTINGS,"NIBCO® 607-1/2-25 Pipe Fittings, Elbow, 1/2 in, Press, Copper","NIBCO® 607-1/2-25 Pipe Fittings, Elbow, 1/2 in, Press, Copper",,,,,,,,,,,,,,,,,,,,,,,,,,,,,Fitting Fitting/Connector Type,Elbow,,Pipe Size,1/2,in,Connection Type,Press,,Fitting Material,Copper,,,,,,,,,,,,,,,,,,,,,,,,,,,,,,,,,,,,,,,,,,,,,,,,,,,,,,,,,,,,,,,,,,,,,,,,,,,,,,,,,,,,,,,,,,,,,,,,,,,,,,,,,,,,,,,,,,,,,,,,,,,,,,,,,,,,,,,,,,,,,,,40172600,,,,,,,,,,,,,,,,,,,,,,,,,,,,,,,,,,,,,,,,,,,
,,,,,,,,,,,U008LF-26,SharkBite U008LF 1/2 in Push-to-Connect Brass Coupling Item #26,,,,SharkBite Plumbing Solutions (SHARK),SharkBite Plumbing Solutions,SHARKBITE®,,U008LF-26,,"Plumbing>Pipe, Tube & Hose Fittings>Pipe Fittings","SHARKBITE® U008LF-26 Pipe Fittings, Coupling, 1/2 in, Push-to-Connect, Brass",SHARKBITE U008LF-26 PIPE FITTINGS,"SHARKBITE® U008LF-26 Pipe Fittings, Coupling, 1/2 in, Push-to-Connect, Brass","SHARKBITE® U008LF-26 Pipe Fittings, Coupling, 1/2 in, Push-to-Connect, Brass",,,,,,,,,,,,,,,,,,,,,,,,,,,,,Fitting Fitting/Connector Type,Coupling,,Pipe Size,1/2,in,Connection Type,Push-to-Connect,,Fitting Material,Brass,,,,,,,,,,,,,,,,,,,,,,,,,,,,,,,,,,,,,,,,,,,,,,,,,,,,,,,,,,,,,,,,,,,,,,,,,,,,,,,,,,,,,,,,,,,,,,,,,,,,,,,,,,,,,,,,,,,,,,,,,,,,,,,,,,,,,,,,,,,,,,,40172600,,,,,,,,,,,,,,,,,,,,,,,,,,,,,,,,,,,,,,,,,,,
,,,,,,,,,,,NIP-050-CLOSE-27,Charlotte Pipe 1/2 in x Close Black Steel Nipple MNPT Item #27,,,,Charlotte Pipe and Foundry (CHARL),Charlotte Pipe and Foundry,CHARLOTTE PIPE®,,NIP-050-CLOSE-27,,"Plumbing>Pipe, Tube & Hose Fittings>Pipe Fittings","CHARLOTTE PIPE® NIP-050-CLOSE-27 Pipe Fittings, Tee, 1/2 in, MNPT",CHARLOTTE PIPE NIP-050-CLOSE-27 PIPE FIT,"CHARLOTTE PIPE® NIP-050-CLOSE-27 Pipe Fittings, Tee, 1/2 in, MNPT","CHARLOTTE PIPE® NIP-050-CLOSE-27 Pipe Fittings, Tee, 1/2 in, MNPT",,,,,,,,,,,,,,,,,,,,,,,,,,,,,Fitting Fitting/Connector Type,Tee,,Pipe Size,1/2,in,Connection Type,MNPT,,,,,,,,,,,,,,,,,,,,,,,,,,,,,,,,,,,,,,,,,,,,,,,,,,,,,,,,,,,,,,,,,,,,,,,,,,,,,,,,,,,,,,,,,,,,,,,,,,,,,,,,,,,,,,,,,,,,,,,,,,,,,,,,,,,,,,,,,,,,,,,,,,40172600,,,,,,,,,,,,,,,,,,,,,,,,,,,,,,,,,,,,,,,,,,,
,,,,,,,,,,,PDSH4816AF-28,PDSH4816AF Dishwasher SS - Display Only Item #28,,,,Appliance Dealers Cooperative (APPDE),Appliance Dealers Cooperative,FRIGIDAIRE®,,PDSH4816AF-28,,unclassified / needs manual mapping,FRIGIDAIRE® PDSH4816AF-28 Product,FRIGIDAIRE PDSH4816AF-28 PRODUCT,FRIGIDAIRE® PDSH4816AF-28 Product,FRIGIDAIRE® PDSH4816AF-28 Product,,,,,,,,,,,,,,,,,,,,,,,,,,,,,,,,,,,,,,,,,,,,,,,,,,,,,,,,,,,,,,,,,,,,,,,,,,,,,,,,,,,,,,,,,,,,,,,,,,,,,,,,,,,,,,,,,,,,,,,,,,,,,,,,,,,,,,,,,,,,,,,,,,,,,,,,,,,,,,,,,,,,,,,,,,,,,,,,,,,,,,,,,,,,,,,,,,,,,,,,,,,,,,,,,,,,,,,,,,,,,,,,,
,,,,,,,,,,,WDTS7024RZ-29,WDTS7024RZ Dishwasher SS - Display Only Item #29,,,,Appliance Dealers Cooperative (APPDE),Appliance Dealers Cooperative,FRIGIDAIRE®,,WDTS7024RZ-29,,unclassified / needs manual mapping,FRIGIDAIRE® WDTS7024RZ-29 Product,FRIGIDAIRE WDTS7024RZ-29 PRODUCT,FRIGIDAIRE® WDTS7024RZ-29 Product,FRIGIDAIRE® WDTS7024RZ-29 Product,,,,,,,,,,,,,,,,,,,,,,,,,,,,,,,,,,,,,,,,,,,,,,,,,,,,,,,,,,,,,,,,,,,,,,,,,,,,,,,,,,,,,,,,,,,,,,,,,,,,,,,,,,,,,,,,,,,,,,,,,,,,,,,,,,,,,,,,,,,,,,,,,,,,,,,,,,,,,,,,,,,,,,,,,,,,,,,,,,,,,,,,,,,,,,,,,,,,,,,,,,,,,,,,,,,,,,,,,,,,,,,,,
,,,,,,,,,,,DCB205C-30,Dewalt 20V Max 5.0Ah Starter Kit Item #30,,,,Black & Decker (2585),Black & Decker,DEWALT®,,DCB205C-30,,unclassified / needs manual mapping,DEWALT® DCB205C-30 Product,DEWALT DCB205C-30 PRODUCT,DEWALT® DCB205C-30 Product,DEWALT® DCB205C-30 Product,,,,,,,,,,,,,,,,,,,,,,,,,,,,,,,,,,,,,,,,,,,,,,,,,,,,,,,,,,,,,,,,,,,,,,,,,,,,,,,,,,,,,,,,,,,,,,,,,,,,,,,,,,,,,,,,,,,,,,,,,,,,,,,,,,,,,,,,,,,,,,,,,,,,,,,,,,,,,,,,,,,,,,,,,,,,,,,,,,,,,,,,,,,,,,,,,,,,,,,,,,,,,,,,,,,,,,,,,,,,,,,,,
,,,,,,,,,,,DCB518ASTS06G-31,"DCB518ASTS06G Diablo 1/2""x18"" - Sanding Belt 6pc Item #31",,,,Freud Inc (2435),Freud Inc,DIABLO®,,DCB518ASTS06G-31,,unclassified / needs manual mapping,DIABLO® DCB518ASTS06G-31 Product,DIABLO DCB518ASTS06G-31 PRODUCT,DIABLO® DCB518ASTS06G-31 Product,DIABLO® DCB518ASTS06G-31 Product,,,,,,,,,,,,,,,,,,,,,,,,,,,,,,,,,,,,,,,,,,,,,,,,,,,,,,,,,,,,,,,,,,,,,,,,,,,,,,,,,,,,,,,,,,,,,,,,,,,,,,,,,,,,,,,,,,,,,,,,,,,,,,,,,,,,,,,,,,,,,,,,,,,,,,,,,,,,,,,,,,,,,,,,,,,,,,,,,,,,,,,,,,,,,,,,,,,,,,,,,,,,,,,,,,,,,,,,,,,,,,,,,
,,,,,,,,,,,6702-000-32,Moen 6702-000 Genta Single Handle Bathroom Sink Faucet Chrome 1.2 gpm 4in Item #32,,,,Moen Incorporated (MOEN),Moen Incorporated,MOEN®,,6702-000-32,,Plumbing>Faucets>Bathroom Sink Faucets,"MOEN® 6702-000-32 Bathroom Sink Faucets, 2, 1.2 gpm, Chrome",MOEN 6702-000-32 BATHROOM SINK FAUCETS,"MOEN® 6702-000-32 Bathroom Sink Faucets, 2, 1.2 gpm, Chrome","MOEN® 6702-000-32 Bathroom Sink Faucets, 2, 1.2 gpm, Chrome",,,,,,,,,,,,,,,,,,,,,,,,,,,,,Number of Faucet Handles,2,,Flow Rate,1.2,gpm,Finish/Color,Chrome,,,,,,,,,,,,,,,,,,,,,,,,,,,,,,,,,,,,,,,,,,,,,,,,,,,,,,,,,,,,,,,,,,,,,,,,,,,,,,,,,,,,,,,,,,,,,,,,,,,,,,,,,,,,,,,,,,,,,,,,,,,,,,,,,,,,,,,,,,,,,,,,,,30181702,,,,,,,,,,,,,,,,,,,,,,,,,,,,,,,,,,,,,,,,,,,
,,,,,,,,,,,559HA-DST-33,Delta 559HA-DST Trinsic Single Handle Bathroom Sink Faucet Matte Black 1.2 gpm Item #33,,,,Delta Faucet Company (DELTA),Delta Faucet Company,DELTA®,,559HA-DST-33,,Plumbing>Faucets>Bathroom Sink Faucets,"DELTA® 559HA-DST-33 Bathroom Sink Faucets, 2, 1.2 gpm, Matte Black",DELTA 559HA-DST-33 BATHROOM SINK FAUCETS,"DELTA® 559HA-DST-33 Bathroom Sink Faucets, 2, 1.2 gpm, Matte Black","DELTA® 559HA-DST-33 Bathroom Sink Faucets, 2, 1.2 gpm, Matte Black",,,,,,,,,,,,,,,,,,,,,,,,,,,,,Number of Faucet Handles,2,,Flow Rate,1.2,gpm,Finish/Color,Matte Black,,,,,,,,,,,,,,,,,,,,,,,,,,,,,,,,,,,,,,,,,,,,,,,,,,,,,,,,,,,,,,,,,,,,,,,,,,,,,,,,,,,,,,,,,,,,,,,,,,,,,,,,,,,,,,,,,,,,,,,,,,,,,,,,,,,,,,,,,,,,,,,,,,30181702,,,,,,,,,,,,,,,,,,,,,,,,,,,,,,,,,,,,,,,,,,,
,,,,,,,,,,,K-596-VS-34,Kohler K-596-VS Simplice Pull-Down Kitchen Faucet Vibrant Stainless 1.5 gpm Item #34,,,,Kohler Co. (KOHLER),Kohler Co.,KOHLER®,,K-596-VS-34,,Plumbing>Faucets>Utility Faucets,KOHLER® K-596-VS-34 Utility Faucets,KOHLER K-596-VS-34 UTILITY FAUCETS,KOHLER® K-596-VS-34 Utility Faucets,KOHLER® K-596-VS-34 Utility Faucets,,,,,,,,,,,,,,,,,,,,,,,,,,,,,,,,,,,,,,,,,,,,,,,,,,,,,,,,,,,,,,,,,,,,,,,,,,,,,,,,,,,,,,,,,,,,,,,,,,,,,,,,,,,,,,,,,,,,,,,,,,,,,,,,,,,,,,,,,,,,,,,,,,,,,,,,,,,,,,,,,,,,,,,,,,,,,,,,,,,,,,30181706,,,,,,,,,,,,,,,,,,,,,,,,,,,,,,,,,,,,,,,,,,,
,,,,,,,,,,,607-1/2-35,Nibco 607 1/2 1/2 in Copper Wrot Pressure 90 Deg Elbow Item #35,,,,Nibco Inc (NIBCO),Nibco Inc,NIBCO®,,607-1/2-35,,"Plumbing>Pipe, Tube & Hose Fittings>Pipe Fittings","NIBCO® 607-1/2-35 Pipe Fittings, Elbow, 1/2 in, Press, Copper",NIBCO 607-1/2-35 PIPE FITTINGS,"NIBCO® 607-1/2-35 Pipe Fittings, Elbow, 1/2 in, Press, Copper","NIBCO® 607-1/2-35 Pipe Fittings, Elbow, 1/2 in, Press, Copper",,,,,,,,,,,,,,,,,,,,,,,,,,,,,Fitting Fitting/Connector Type,Elbow,,Pipe Size,1/2,in,Connection Type,Press,,Fitting Material,Copper,,,,,,,,,,,,,,,,,,,,,,,,,,,,,,,,,,,,,,,,,,,,,,,,,,,,,,,,,,,,,,,,,,,,,,,,,,,,,,,,,,,,,,,,,,,,,,,,,,,,,,,,,,,,,,,,,,,,,,,,,,,,,,,,,,,,,,,,,,,,,,,40172600,,,,,,,,,,,,,,,,,,,,,,,,,,,,,,,,,,,,,,,,,,,
,,,,,,,,,,,U008LF-36,SharkBite U008LF 1/2 in Push-to-Connect Brass Coupling Item #36,,,,SharkBite Plumbing Solutions (SHARK),SharkBite Plumbing Solutions,SHARKBITE®,,U008LF-36,,"Plumbing>Pipe, Tube & Hose Fittings>Pipe Fittings","SHARKBITE® U008LF-36 Pipe Fittings, Coupling, 1/2 in, Push-to-Connect, Brass",SHARKBITE U008LF-36 PIPE FITTINGS,"SHARKBITE® U008LF-36 Pipe Fittings, Coupling, 1/2 in, Push-to-Connect, Brass","SHARKBITE® U008LF-36 Pipe Fittings, Coupling, 1/2 in, Push-to-Connect, Brass",,,,,,,,,,,,,,,,,,,,,,,,,,,,,Fitting Fitting/Connector Type,Coupling,,Pipe Size,1/2,in,Connection Type,Push-to-Connect,,Fitting Material,Brass,,,,,,,,,,,,,,,,,,,,,,,,,,,,,,,,,,,,,,,,,,,,,,,,,,,,,,,,,,,,,,,,,,,,,,,,,,,,,,,,,,,,,,,,,,,,,,,,,,,,,,,,,,,,,,,,,,,,,,,,,,,,,,,,,,,,,,,,,,,,,,,40172600,,,,,,,,,,,,,,,,,,,,,,,,,,,,,,,,,,,,,,,,,,,
,,,,,,,,,,,NIP-050-CLOSE-37,Charlotte Pipe 1/2 in x Close Black Steel Nipple MNPT Item #37,,,,Charlotte Pipe and Foundry (CHARL),Charlotte Pipe and Foundry,CHARLOTTE PIPE®,,NIP-050-CLOSE-37,,"Plumbing>Pipe, Tube & Hose Fittings>Pipe Fittings","CHARLOTTE PIPE® NIP-050-CLOSE-37 Pipe Fittings, Tee, 1/2 in, MNPT",CHARLOTTE PIPE NIP-050-CLOSE-37 PIPE FIT,"CHARLOTTE PIPE® NIP-050-CLOSE-37 Pipe Fittings, Tee, 1/2 in, MNPT","CHARLOTTE PIPE® NIP-050-CLOSE-37 Pipe Fittings, Tee, 1/2 in, MNPT",,,,,,,,,,,,,,,,,,,,,,,,,,,,,Fitting Fitting/Connector Type,Tee,,Pipe Size,1/2,in,Connection Type,MNPT,,,,,,,,,,,,,,,,,,,,,,,,,,,,,,,,,,,,,,,,,,,,,,,,,,,,,,,,,,,,,,,,,,,,,,,,,,,,,,,,,,,,,,,,,,,,,,,,,,,,,,,,,,,,,,,,,,,,,,,,,,,,,,,,,,,,,,,,,,,,,,,,,,40172600,,,,,,,,,,,,,,,,,,,,,,,,,,,,,,,,,,,,,,,,,,,
,,,,,,,,,,,PDSH4816AF-38,PDSH4816AF Dishwasher SS - Display Only Item #38,,,,Appliance Dealers Cooperative (APPDE),Appliance Dealers Cooperative,FRIGIDAIRE®,,PDSH4816AF-38,,unclassified / needs manual mapping,FRIGIDAIRE® PDSH4816AF-38 Product,FRIGIDAIRE PDSH4816AF-38 PRODUCT,FRIGIDAIRE® PDSH4816AF-38 Product,FRIGIDAIRE® PDSH4816AF-38 Product,,,,,,,,,,,,,,,,,,,,,,,,,,,,,,,,,,,,,,,,,,,,,,,,,,,,,,,,,,,,,,,,,,,,,,,,,,,,,,,,,,,,,,,,,,,,,,,,,,,,,,,,,,,,,,,,,,,,,,,,,,,,,,,,,,,,,,,,,,,,,,,,,,,,,,,,,,,,,,,,,,,,,,,,,,,,,,,,,,,,,,,,,,,,,,,,,,,,,,,,,,,,,,,,,,,,,,,,,,,,,,,,,
,,,,,,,,,,,WDTS7024RZ-39,WDTS7024RZ Dishwasher SS - Display Only Item #39,,,,Appliance Dealers Cooperative (APPDE),Appliance Dealers Cooperative,FRIGIDAIRE®,,WDTS7024RZ-39,,unclassified / needs manual mapping,FRIGIDAIRE® WDTS7024RZ-39 Product,FRIGIDAIRE WDTS7024RZ-39 PRODUCT,FRIGIDAIRE® WDTS7024RZ-39 Product,FRIGIDAIRE® WDTS7024RZ-39 Product,,,,,,,,,,,,,,,,,,,,,,,,,,,,,,,,,,,,,,,,,,,,,,,,,,,,,,,,,,,,,,,,,,,,,,,,,,,,,,,,,,,,,,,,,,,,,,,,,,,,,,,,,,,,,,,,,,,,,,,,,,,,,,,,,,,,,,,,,,,,,,,,,,,,,,,,,,,,,,,,,,,,,,,,,,,,,,,,,,,,,,,,,,,,,,,,,,,,,,,,,,,,,,,,,,,,,,,,,,,,,,,,,
,,,,,,,,,,,DCB205C-40,Dewalt 20V Max 5.0Ah Starter Kit Item #40,,,,Black & Decker (2585),Black & Decker,DEWALT®,,DCB205C-40,,unclassified / needs manual mapping,DEWALT® DCB205C-40 Product,DEWALT DCB205C-40 PRODUCT,DEWALT® DCB205C-40 Product,DEWALT® DCB205C-40 Product,,,,,,,,,,,,,,,,,,,,,,,,,,,,,,,,,,,,,,,,,,,,,,,,,,,,,,,,,,,,,,,,,,,,,,,,,,,,,,,,,,,,,,,,,,,,,,,,,,,,,,,,,,,,,,,,,,,,,,,,,,,,,,,,,,,,,,,,,,,,,,,,,,,,,,,,,,,,,,,,,,,,,,,,,,,,,,,,,,,,,,,,,,,,,,,,,,,,,,,,,,,,,,,,,,,,,,,,,,,,,,,,,
,,,,,,,,,,,DCB518ASTS06G-41,"DCB518ASTS06G Diablo 1/2""x18"" - Sanding Belt 6pc Item #41",,,,Freud Inc (2435),Freud Inc,DIABLO®,,DCB518ASTS06G-41,,unclassified / needs manual mapping,DIABLO® DCB518ASTS06G-41 Product,DIABLO DCB518ASTS06G-41 PRODUCT,DIABLO® DCB518ASTS06G-41 Product,DIABLO® DCB518ASTS06G-41 Product,,,,,,,,,,,,,,,,,,,,,,,,,,,,,,,,,,,,,,,,,,,,,,,,,,,,,,,,,,,,,,,,,,,,,,,,,,,,,,,,,,,,,,,,,,,,,,,,,,,,,,,,,,,,,,,,,,,,,,,,,,,,,,,,,,,,,,,,,,,,,,,,,,,,,,,,,,,,,,,,,,,,,,,,,,,,,,,,,,,,,,,,,,,,,,,,,,,,,,,,,,,,,,,,,,,,,,,,,,,,,,,,,
,,,,,,,,,,,6702-000-42,Moen 6702-000 Genta Single Handle Bathroom Sink Faucet Chrome 1.2 gpm 4in Item #42,,,,Moen Incorporated (MOEN),Moen Incorporated,MOEN®,,6702-000-42,,Plumbing>Faucets>Bathroom Sink Faucets,"MOEN® 6702-000-42 Bathroom Sink Faucets, 2, 1.2 gpm, Chrome",MOEN 6702-000-42 BATHROOM SINK FAUCETS,"MOEN® 6702-000-42 Bathroom Sink Faucets, 2, 1.2 gpm, Chrome","MOEN® 6702-000-42 Bathroom Sink Faucets, 2, 1.2 gpm, Chrome",,,,,,,,,,,,,,,,,,,,,,,,,,,,,Number of Faucet Handles,2,,Flow Rate,1.2,gpm,Finish/Color,Chrome,,,,,,,,,,,,,,,,,,,,,,,,,,,,,,,,,,,,,,,,,,,,,,,,,,,,,,,,,,,,,,,,,,,,,,,,,,,,,,,,,,,,,,,,,,,,,,,,,,,,,,,,,,,,,,,,,,,,,,,,,,,,,,,,,,,,,,,,,,,,,,,,,,30181702,,,,,,,,,,,,,,,,,,,,,,,,,,,,,,,,,,,,,,,,,,,
,,,,,,,,,,,559HA-DST-43,Delta 559HA-DST Trinsic Single Handle Bathroom Sink Faucet Matte Black 1.2 gpm Item #43,,,,Delta Faucet Company (DELTA),Delta Faucet Company,DELTA®,,559HA-DST-43,,Plumbing>Faucets>Bathroom Sink Faucets,"DELTA® 559HA-DST-43 Bathroom Sink Faucets, 2, 1.2 gpm, Matte Black",DELTA 559HA-DST-43 BATHROOM SINK FAUCETS,"DELTA® 559HA-DST-43 Bathroom Sink Faucets, 2, 1.2 gpm, Matte Black","DELTA® 559HA-DST-43 Bathroom Sink Faucets, 2, 1.2 gpm, Matte Black",,,,,,,,,,,,,,,,,,,,,,,,,,,,,Number of Faucet Handles,2,,Flow Rate,1.2,gpm,Finish/Color,Matte Black,,,,,,,,,,,,,,,,,,,,,,,,,,,,,,,,,,,,,,,,,,,,,,,,,,,,,,,,,,,,,,,,,,,,,,,,,,,,,,,,,,,,,,,,,,,,,,,,,,,,,,,,,,,,,,,,,,,,,,,,,,,,,,,,,,,,,,,,,,,,,,,,,,30181702,,,,,,,,,,,,,,,,,,,,,,,,,,,,,,,,,,,,,,,,,,,
,,,,,,,,,,,K-596-VS-44,Kohler K-596-VS Simplice Pull-Down Kitchen Faucet Vibrant Stainless 1.5 gpm Item #44,,,,Kohler Co. (KOHLER),Kohler Co.,KOHLER®,,K-596-VS-44,,Plumbing>Faucets>Utility Faucets,KOHLER® K-596-VS-44 Utility Faucets,KOHLER K-596-VS-44 UTILITY FAUCETS,KOHLER® K-596-VS-44 Utility Faucets,KOHLER® K-596-VS-44 Utility Faucets,,,,,,,,,,,,,,,,,,,,,,,,,,,,,,,,,,,,,,,,,,,,,,,,,,,,,,,,,,,,,,,,,,,,,,,,,,,,,,,,,,,,,,,,,,,,,,,,,,,,,,,,,,,,,,,,,,,,,,,,,,,,,,,,,,,,,,,,,,,,,,,,,,,,,,,,,,,,,,,,,,,,,,,,,,,,,,,,,,,,,,30181706,,,,,,,,,,,,,,,,,,,,,,,,,,,,,,,,,,,,,,,,,,,
,,,,,,,,,,,607-1/2-45,Nibco 607 1/2 1/2 in Copper Wrot Pressure 90 Deg Elbow Item #45,,,,Nibco Inc (NIBCO),Nibco Inc,NIBCO®,,607-1/2-45,,"Plumbing>Pipe, Tube & Hose Fittings>Pipe Fittings","NIBCO® 607-1/2-45 Pipe Fittings, Elbow, 1/2 in, Press, Copper",NIBCO 607-1/2-45 PIPE FITTINGS,"NIBCO® 607-1/2-45 Pipe Fittings, Elbow, 1/2 in, Press, Copper","NIBCO® 607-1/2-45 Pipe Fittings, Elbow, 1/2 in, Press, Copper",,,,,,,,,,,,,,,,,,,,,,,,,,,,,Fitting Fitting/Connector Type,Elbow,,Pipe Size,1/2,in,Connection Type,Press,,Fitting Material,Copper,,,,,,,,,,,,,,,,,,,,,,,,,,,,,,,,,,,,,,,,,,,,,,,,,,,,,,,,,,,,,,,,,,,,,,,,,,,,,,,,,,,,,,,,,,,,,,,,,,,,,,,,,,,,,,,,,,,,,,,,,,,,,,,,,,,,,,,,,,,,,,,40172600,,,,,,,,,,,,,,,,,,,,,,,,,,,,,,,,,,,,,,,,,,,
,,,,,,,,,,,U008LF-46,SharkBite U008LF 1/2 in Push-to-Connect Brass Coupling Item #46,,,,SharkBite Plumbing Solutions (SHARK),SharkBite Plumbing Solutions,SHARKBITE®,,U008LF-46,,"Plumbing>Pipe, Tube & Hose Fittings>Pipe Fittings","SHARKBITE® U008LF-46 Pipe Fittings, Coupling, 1/2 in, Push-to-Connect, Brass",SHARKBITE U008LF-46 PIPE FITTINGS,"SHARKBITE® U008LF-46 Pipe Fittings, Coupling, 1/2 in, Push-to-Connect, Brass","SHARKBITE® U008LF-46 Pipe Fittings, Coupling, 1/2 in, Push-to-Connect, Brass",,,,,,,,,,,,,,,,,,,,,,,,,,,,,Fitting Fitting/Connector Type,Coupling,,Pipe Size,1/2,in,Connection Type,Push-to-Connect,,Fitting Material,Brass,,,,,,,,,,,,,,,,,,,,,,,,,,,,,,,,,,,,,,,,,,,,,,,,,,,,,,,,,,,,,,,,,,,,,,,,,,,,,,,,,,,,,,,,,,,,,,,,,,,,,,,,,,,,,,,,,,,,,,,,,,,,,,,,,,,,,,,,,,,,,,,40172600,,,,,,,,,,,,,,,,,,,,,,,,,,,,,,,,,,,,,,,,,,,
,,,,,,,,,,,NIP-050-CLOSE-47,Charlotte Pipe 1/2 in x Close Black Steel Nipple MNPT Item #47,,,,Charlotte Pipe and Foundry (CHARL),Charlotte Pipe and Foundry,CHARLOTTE PIPE®,,NIP-050-CLOSE-47,,"Plumbing>Pipe, Tube & Hose Fittings>Pipe Fittings","CHARLOTTE PIPE® NIP-050-CLOSE-47 Pipe Fittings, Tee, 1/2 in, MNPT",CHARLOTTE PIPE NIP-050-CLOSE-47 PIPE FIT,"CHARLOTTE PIPE® NIP-050-CLOSE-47 Pipe Fittings, Tee, 1/2 in, MNPT","CHARLOTTE PIPE® NIP-050-CLOSE-47 Pipe Fittings, Tee, 1/2 in, MNPT",,,,,,,,,,,,,,,,,,,,,,,,,,,,,Fitting Fitting/Connector Type,Tee,,Pipe Size,1/2,in,Connection Type,MNPT,,,,,,,,,,,,,,,,,,,,,,,,,,,,,,,,,,,,,,,,,,,,,,,,,,,,,,,,,,,,,,,,,,,,,,,,,,,,,,,,,,,,,,,,,,,,,,,,,,,,,,,,,,,,,,,,,,,,,,,,,,,,,,,,,,,,,,,,,,,,,,,,,,40172600,,,,,,,,,,,,,,,,,,,,,,,,,,,,,,,,,,,,,,,,,,,
,,,,,,,,,,,PDSH4816AF-48,PDSH4816AF Dishwasher SS - Display Only Item #48,,,,Appliance Dealers Cooperative (APPDE),Appliance Dealers Cooperative,FRIGIDAIRE®,,PDSH4816AF-48,,unclassified / needs manual mapping,FRIGIDAIRE® PDSH4816AF-48 Product,FRIGIDAIRE PDSH4816AF-48 PRODUCT,FRIGIDAIRE® PDSH4816AF-48 Product,FRIGIDAIRE® PDSH4816AF-48 Product,,,,,,,,,,,,,,,,,,,,,,,,,,,,,,,,,,,,,,,,,,,,,,,,,,,,,,,,,,,,,,,,,,,,,,,,,,,,,,,,,,,,,,,,,,,,,,,,,,,,,,,,,,,,,,,,,,,,,,,,,,,,,,,,,,,,,,,,,,,,,,,,,,,,,,,,,,,,,,,,,,,,,,,,,,,,,,,,,,,,,,,,,,,,,,,,,,,,,,,,,,,,,,,,,,,,,,,,,,,,,,,,,
,,,,,,,,,,,WDTS7024RZ-49,WDTS7024RZ Dishwasher SS - Display Only Item #49,,,,Appliance Dealers Cooperative (APPDE),Appliance Dealers Cooperative,FRIGIDAIRE®,,WDTS7024RZ-49,,unclassified / needs manual mapping,FRIGIDAIRE® WDTS7024RZ-49 Product,FRIGIDAIRE WDTS7024RZ-49 PRODUCT,FRIGIDAIRE® WDTS7024RZ-49 Product,FRIGIDAIRE® WDTS7024RZ-49 Product,,,,,,,,,,,,,,,,,,,,,,,,,,,,,,,,,,,,,,,,,,,,,,,,,,,,,,,,,,,,,,,,,,,,,,,,,,,,,,,,,,,,,,,,,,,,,,,,,,,,,,,,,,,,,,,,,,,,,,,,,,,,,,,,,,,,,,,,,,,,,,,,,,,,,,,,,,,,,,,,,,,,,,,,,,,,,,,,,,,,,,,,,,,,,,,,,,,,,,,,,,,,,,,,,,,,,,,,,,,,,,,,,
,,,,,,,,,,,DCB205C-50,Dewalt 20V Max 5.0Ah Starter Kit Item #50,,,,Black & Decker (2585),Black & Decker,DEWALT®,,DCB205C-50,,unclassified / needs manual mapping,DEWALT® DCB205C-50 Product,DEWALT DCB205C-50 PRODUCT,DEWALT® DCB205C-50 Product,DEWALT® DCB205C-50 Product,,,,,,,,,,,,,,,,,,,,,,,,,,,,,,,,,,,,,,,,,,,,,,,,,,,,,,,,,,,,,,,,,,,,,,,,,,,,,,,,,,,,,,,,,,,,,,,,,,,,,,,,,,,,,,,,,,,,,,,,,,,,,,,,,,,,,,,,,,,,,,,,,,,,,,,,,,,,,,,,,,,,,,,,,,,,,,,,,,,,,,,,,,,,,,,,,,,,,,,,,,,,,,,,,,,,,,,,,,,,,,,,,
,,,,,,,,,,,DCB518ASTS06G-51,"DCB518ASTS06G Diablo 1/2""x18"" - Sanding Belt 6pc Item #51",,,,Freud Inc (2435),Freud Inc,DIABLO®,,DCB518ASTS06G-51,,unclassified / needs manual mapping,DIABLO® DCB518ASTS06G-51 Product,DIABLO DCB518ASTS06G-51 PRODUCT,DIABLO® DCB518ASTS06G-51 Product,DIABLO® DCB518ASTS06G-51 Product,,,,,,,,,,,,,,,,,,,,,,,,,,,,,,,,,,,,,,,,,,,,,,,,,,,,,,,,,,,,,,,,,,,,,,,,,,,,,,,,,,,,,,,,,,,,,,,,,,,,,,,,,,,,,,,,,,,,,,,,,,,,,,,,,,,,,,,,,,,,,,,,,,,,,,,,,,,,,,,,,,,,,,,,,,,,,,,,,,,,,,,,,,,,,,,,,,,,,,,,,,,,,,,,,,,,,,,,,,,,,,,,,
,,,,,,,,,,,6702-000-52,Moen 6702-000 Genta Single Handle Bathroom Sink Faucet Chrome 1.2 gpm 4in Item #52,,,,Moen Incorporated (MOEN),Moen Incorporated,MOEN®,,6702-000-52,,Plumbing>Faucets>Bathroom Sink Faucets,"MOEN® 6702-000-52 Bathroom Sink Faucets, 2, 1.2 gpm, Chrome",MOEN 6702-000-52 BATHROOM SINK FAUCETS,"MOEN® 6702-000-52 Bathroom Sink Faucets, 2, 1.2 gpm, Chrome","MOEN® 6702-000-52 Bathroom Sink Faucets, 2, 1.2 gpm, Chrome",,,,,,,,,,,,,,,,,,,,,,,,,,,,,Number of Faucet Handles,2,,Flow Rate,1.2,gpm,Finish/Color,Chrome,,,,,,,,,,,,,,,,,,,,,,,,,,,,,,,,,,,,,,,,,,,,,,,,,,,,,,,,,,,,,,,,,,,,,,,,,,,,,,,,,,,,,,,,,,,,,,,,,,,,,,,,,,,,,,,,,,,,,,,,,,,,,,,,,,,,,,,,,,,,,,,,,,30181702,,,,,,,,,,,,,,,,,,,,,,,,,,,,,,,,,,,,,,,,,,,
,,,,,,,,,,,559HA-DST-53,Delta 559HA-DST Trinsic Single Handle Bathroom Sink Faucet Matte Black 1.2 gpm Item #53,,,,Delta Faucet Company (DELTA),Delta Faucet Company,DELTA®,,559HA-DST-53,,Plumbing>Faucets>Bathroom Sink Faucets,"DELTA® 559HA-DST-53 Bathroom Sink Faucets, 2, 1.2 gpm, Matte Black",DELTA 559HA-DST-53 BATHROOM SINK FAUCETS,"DELTA® 559HA-DST-53 Bathroom Sink Faucets, 2, 1.2 gpm, Matte Black","DELTA® 559HA-DST-53 Bathroom Sink Faucets, 2, 1.2 gpm, Matte Black",,,,,,,,,,,,,,,,,,,,,,,,,,,,,Number of Faucet Handles,2,,Flow Rate,1.2,gpm,Finish/Color,Matte Black,,,,,,,,,,,,,,,,,,,,,,,,,,,,,,,,,,,,,,,,,,,,,,,,,,,,,,,,,,,,,,,,,,,,,,,,,,,,,,,,,,,,,,,,,,,,,,,,,,,,,,,,,,,,,,,,,,,,,,,,,,,,,,,,,,,,,,,,,,,,,,,,,,30181702,,,,,,,,,,,,,,,,,,,,,,,,,,,,,,,,,,,,,,,,,,,
,,,,,,,,,,,K-596-VS-54,Kohler K-596-VS Simplice Pull-Down Kitchen Faucet Vibrant Stainless 1.5 gpm Item #54,,,,Kohler Co. (KOHLER),Kohler Co.,KOHLER®,,K-596-VS-54,,Plumbing>Faucets>Utility Faucets,KOHLER® K-596-VS-54 Utility Faucets,KOHLER K-596-VS-54 UTILITY FAUCETS,KOHLER® K-596-VS-54 Utility Faucets,KOHLER® K-596-VS-54 Utility Faucets,,,,,,,,,,,,,,,,,,,,,,,,,,,,,,,,,,,,,,,,,,,,,,,,,,,,,,,,,,,,,,,,,,,,,,,,,,,,,,,,,,,,,,,,,,,,,,,,,,,,,,,,,,,,,,,,,,,,,,,,,,,,,,,,,,,,,,,,,,,,,,,,,,,,,,,,,,,,,,,,,,,,,,,,,,,,,,,,,,,,,,30181706,,,,,,,,,,,,,,,,,,,,,,,,,,,,,,,,,,,,,,,,,,,
,,,,,,,,,,,607-1/2-55,Nibco 607 1/2 1/2 in Copper Wrot Pressure 90 Deg Elbow Item #55,,,,Nibco Inc (NIBCO),Nibco Inc,NIBCO®,,607-1/2-55,,"Plumbing>Pipe, Tube & Hose Fittings>Pipe Fittings","NIBCO® 607-1/2-55 Pipe Fittings, Elbow, 1/2 in, Press, Copper",NIBCO 607-1/2-55 PIPE FITTINGS,"NIBCO® 607-1/2-55 Pipe Fittings, Elbow, 1/2 in, Press, Copper","NIBCO® 607-1/2-55 Pipe Fittings, Elbow, 1/2 in, Press, Copper",,,,,,,,,,,,,,,,,,,,,,,,,,,,,Fitting Fitting/Connector Type,Elbow,,Pipe Size,1/2,in,Connection Type,Press,,Fitting Material,Copper,,,,,,,,,,,,,,,,,,,,,,,,,,,,,,,,,,,,,,,,,,,,,,,,,,,,,,,,,,,,,,,,,,,,,,,,,,,,,,,,,,,,,,,,,,,,,,,,,,,,,,,,,,,,,,,,,,,,,,,,,,,,,,,,,,,,,,,,,,,,,,,40172600,,,,,,,,,,,,,,,,,,,,,,,,,,,,,,,,,,,,,,,,,,,
,,,,,,,,,,,U008LF-56,SharkBite U008LF 1/2 in Push-to-Connect Brass Coupling Item #56,,,,SharkBite Plumbing Solutions (SHARK),SharkBite Plumbing Solutions,SHARKBITE®,,U008LF-56,,"Plumbing>Pipe, Tube & Hose Fittings>Pipe Fittings","SHARKBITE® U008LF-56 Pipe Fittings, Coupling, 1/2 in, Push-to-Connect, Brass",SHARKBITE U008LF-56 PIPE FITTINGS,"SHARKBITE® U008LF-56 Pipe Fittings, Coupling, 1/2 in, Push-to-Connect, Brass","SHARKBITE® U008LF-56 Pipe Fittings, Coupling, 1/2 in, Push-to-Connect, Brass",,,,,,,,,,,,,,,,,,,,,,,,,,,,,Fitting Fitting/Connector Type,Coupling,,Pipe Size,1/2,in,Connection Type,Push-to-Connect,,Fitting Material,Brass,,,,,,,,,,,,,,,,,,,,,,,,,,,,,,,,,,,,,,,,,,,,,,,,,,,,,,,,,,,,,,,,,,,,,,,,,,,,,,,,,,,,,,,,,,,,,,,,,,,,,,,,,,,,,,,,,,,,,,,,,,,,,,,,,,,,,,,,,,,,,,,40172600,,,,,,,,,,,,,,,,,,,,,,,,,,,,,,,,,,,,,,,,,,,
,,,,,,,,,,,NIP-050-CLOSE-57,Charlotte Pipe 1/2 in x Close Black Steel Nipple MNPT Item #57,,,,Charlotte Pipe and Foundry (CHARL),Charlotte Pipe and Foundry,CHARLOTTE PIPE®,,NIP-050-CLOSE-57,,"Plumbing>Pipe, Tube & Hose Fittings>Pipe Fittings","CHARLOTTE PIPE® NIP-050-CLOSE-57 Pipe Fittings, Tee, 1/2 in, MNPT",CHARLOTTE PIPE NIP-050-CLOSE-57 PIPE FIT,"CHARLOTTE PIPE® NIP-050-CLOSE-57 Pipe Fittings, Tee, 1/2 in, MNPT","CHARLOTTE PIPE® NIP-050-CLOSE-57 Pipe Fittings, Tee, 1/2 in, MNPT",,,,,,,,,,,,,,,,,,,,,,,,,,,,,Fitting Fitting/Connector Type,Tee,,Pipe Size,1/2,in,Connection Type,MNPT,,,,,,,,,,,,,,,,,,,,,,,,,,,,,,,,,,,,,,,,,,,,,,,,,,,,,,,,,,,,,,,,,,,,,,,,,,,,,,,,,,,,,,,,,,,,,,,,,,,,,,,,,,,,,,,,,,,,,,,,,,,,,,,,,,,,,,,,,,,,,,,,,,40172600,,,,,,,,,,,,,,,,,,,,,,,,,,,,,,,,,,,,,,,,,,,
,,,,,,,,,,,PDSH4816AF-58,PDSH4816AF Dishwasher SS - Display Only Item #58,,,,Appliance Dealers Cooperative (APPDE),Appliance Dealers Cooperative,FRIGIDAIRE®,,PDSH4816AF-58,,unclassified / needs manual mapping,FRIGIDAIRE® PDSH4816AF-58 Product,FRIGIDAIRE PDSH4816AF-58 PRODUCT,FRIGIDAIRE® PDSH4816AF-58 Product,FRIGIDAIRE® PDSH4816AF-58 Product,,,,,,,,,,,,,,,,,,,,,,,,,,,,,,,,,,,,,,,,,,,,,,,,,,,,,,,,,,,,,,,,,,,,,,,,,,,,,,,,,,,,,,,,,,,,,,,,,,,,,,,,,,,,,,,,,,,,,,,,,,,,,,,,,,,,,,,,,,,,,,,,,,,,,,,,,,,,,,,,,,,,,,,,,,,,,,,,,,,,,,,,,,,,,,,,,,,,,,,,,,,,,,,,,,,,,,,,,,,,,,,,,
,,,,,,,,,,,WDTS7024RZ-59,WDTS7024RZ Dishwasher SS - Display Only Item #59,,,,Appliance Dealers Cooperative (APPDE),Appliance Dealers Cooperative,FRIGIDAIRE®,,WDTS7024RZ-59,,unclassified / needs manual mapping,FRIGIDAIRE® WDTS7024RZ-59 Product,FRIGIDAIRE WDTS7024RZ-59 PRODUCT,FRIGIDAIRE® WDTS7024RZ-59 Product,FRIGIDAIRE® WDTS7024RZ-59 Product,,,,,,,,,,,,,,,,,,,,,,,,,,,,,,,,,,,,,,,,,,,,,,,,,,,,,,,,,,,,,,,,,,,,,,,,,,,,,,,,,,,,,,,,,,,,,,,,,,,,,,,,,,,,,,,,,,,,,,,,,,,,,,,,,,,,,,,,,,,,,,,,,,,,,,,,,,,,,,,,,,,,,,,,,,,,,,,,,,,,,,,,,,,,,,,,,,,,,,,,,,,,,,,,,,,,,,,,,,,,,,,,,
,,,,,,,,,,,DCB205C-60,Dewalt 20V Max 5.0Ah Starter Kit Item #60,,,,Black & Decker (2585),Black & Decker,DEWALT®,,DCB205C-60,,unclassified / needs manual mapping,DEWALT® DCB205C-60 Product,DEWALT DCB205C-60 PRODUCT,DEWALT® DCB205C-60 Product,DEWALT® DCB205C-60 Product,,,,,,,,,,,,,,,,,,,,,,,,,,,,,,,,,,,,,,,,,,,,,,,,,,,,,,,,,,,,,,,,,,,,,,,,,,,,,,,,,,,,,,,,,,,,,,,,,,,,,,,,,,,,,,,,,,,,,,,,,,,,,,,,,,,,,,,,,,,,,,,,,,,,,,,,,,,,,,,,,,,,,,,,,,,,,,,,,,,,,,,,,,,,,,,,,,,,,,,,,,,,,,,,,,,,,,,,,,,,,,,,,
,,,,,,,,,,,DCB518ASTS06G-61,"DCB518ASTS06G Diablo 1/2""x18"" - Sanding Belt 6pc Item #61",,,,Freud Inc (2435),Freud Inc,DIABLO®,,DCB518ASTS06G-61,,unclassified / needs manual mapping,DIABLO® DCB518ASTS06G-61 Product,DIABLO DCB518ASTS06G-61 PRODUCT,DIABLO® DCB518ASTS06G-61 Product,DIABLO® DCB518ASTS06G-61 Product,,,,,,,,,,,,,,,,,,,,,,,,,,,,,,,,,,,,,,,,,,,,,,,,,,,,,,,,,,,,,,,,,,,,,,,,,,,,,,,,,,,,,,,,,,,,,,,,,,,,,,,,,,,,,,,,,,,,,,,,,,,,,,,,,,,,,,,,,,,,,,,,,,,,,,,,,,,,,,,,,,,,,,,,,,,,,,,,,,,,,,,,,,,,,,,,,,,,,,,,,,,,,,,,,,,,,,,,,,,,,,,,,
,,,,,,,,,,,6702-000-62,Moen 6702-000 Genta Single Handle Bathroom Sink Faucet Chrome 1.2 gpm 4in Item #62,,,,Moen Incorporated (MOEN),Moen Incorporated,MOEN®,,6702-000-62,,Plumbing>Faucets>Bathroom Sink Faucets,"MOEN® 6702-000-62 Bathroom Sink Faucets, 2, 1.2 gpm, Chrome",MOEN 6702-000-62 BATHROOM SINK FAUCETS,"MOEN® 6702-000-62 Bathroom Sink Faucets, 2, 1.2 gpm, Chrome","MOEN® 6702-000-62 Bathroom Sink Faucets, 2, 1.2 gpm, Chrome",,,,,,,,,,,,,,,,,,,,,,,,,,,,,Number of Faucet Handles,2,,Flow Rate,1.2,gpm,Finish/Color,Chrome,,,,,,,,,,,,,,,,,,,,,,,,,,,,,,,,,,,,,,,,,,,,,,,,,,,,,,,,,,,,,,,,,,,,,,,,,,,,,,,,,,,,,,,,,,,,,,,,,,,,,,,,,,,,,,,,,,,,,,,,,,,,,,,,,,,,,,,,,,,,,,,,,,30181702,,,,,,,,,,,,,,,,,,,,,,,,,,,,,,,,,,,,,,,,,,,
,,,,,,,,,,,559HA-DST-63,Delta 559HA-DST Trinsic Single Handle Bathroom Sink Faucet Matte Black 1.2 gpm Item #63,,,,Delta Faucet Company (DELTA),Delta Faucet Company,DELTA®,,559HA-DST-63,,Plumbing>Faucets>Bathroom Sink Faucets,"DELTA® 559HA-DST-63 Bathroom Sink Faucets, 2, 1.2 gpm, Matte Black",DELTA 559HA-DST-63 BATHROOM SINK FAUCETS,"DELTA® 559HA-DST-63 Bathroom Sink Faucets, 2, 1.2 gpm, Matte Black","DELTA® 559HA-DST-63 Bathroom Sink Faucets, 2, 1.2 gpm, Matte Black",,,,,,,,,,,,,,,,,,,,,,,,,,,,,Number of Faucet Handles,2,,Flow Rate,1.2,gpm,Finish/Color,Matte Black,,,,,,,,,,,,,,,,,,,,,,,,,,,,,,,,,,,,,,,,,,,,,,,,,,,,,,,,,,,,,,,,,,,,,,,,,,,,,,,,,,,,,,,,,,,,,,,,,,,,,,,,,,,,,,,,,,,,,,,,,,,,,,,,,,,,,,,,,,,,,,,,,,30181702,,,,,,,,,,,,,,,,,,,,,,,,,,,,,,,,,,,,,,,,,,,
,,,,,,,,,,,K-596-VS-64,Kohler K-596-VS Simplice Pull-Down Kitchen Faucet Vibrant Stainless 1.5 gpm Item #64,,,,Kohler Co. (KOHLER),Kohler Co.,KOHLER®,,K-596-VS-64,,Plumbing>Faucets>Utility Faucets,KOHLER® K-596-VS-64 Utility Faucets,KOHLER K-596-VS-64 UTILITY FAUCETS,KOHLER® K-596-VS-64 Utility Faucets,KOHLER® K-596-VS-64 Utility Faucets,,,,,,,,,,,,,,,,,,,,,,,,,,,,,,,,,,,,,,,,,,,,,,,,,,,,,,,,,,,,,,,,,,,,,,,,,,,,,,,,,,,,,,,,,,,,,,,,,,,,,,,,,,,,,,,,,,,,,,,,,,,,,,,,,,,,,,,,,,,,,,,,,,,,,,,,,,,,,,,,,,,,,,,,,,,,,,,,,,,,,,30181706,,,,,,,,,,,,,,,,,,,,,,,,,,,,,,,,,,,,,,,,,,,
,,,,,,,,,,,607-1/2-65,Nibco 607 1/2 1/2 in Copper Wrot Pressure 90 Deg Elbow Item #65,,,,Nibco Inc (NIBCO),Nibco Inc,NIBCO®,,607-1/2-65,,"Plumbing>Pipe, Tube & Hose Fittings>Pipe Fittings","NIBCO® 607-1/2-65 Pipe Fittings, Elbow, 1/2 in, Press, Copper",NIBCO 607-1/2-65 PIPE FITTINGS,"NIBCO® 607-1/2-65 Pipe Fittings, Elbow, 1/2 in, Press, Copper","NIBCO® 607-1/2-65 Pipe Fittings, Elbow, 1/2 in, Press, Copper",,,,,,,,,,,,,,,,,,,,,,,,,,,,,Fitting Fitting/Connector Type,Elbow,,Pipe Size,1/2,in,Connection Type,Press,,Fitting Material,Copper,,,,,,,,,,,,,,,,,,,,,,,,,,,,,,,,,,,,,,,,,,,,,,,,,,,,,,,,,,,,,,,,,,,,,,,,,,,,,,,,,,,,,,,,,,,,,,,,,,,,,,,,,,,,,,,,,,,,,,,,,,,,,,,,,,,,,,,,,,,,,,,40172600,,,,,,,,,,,,,,,,,,,,,,,,,,,,,,,,,,,,,,,,,,,
,,,,,,,,,,,U008LF-66,SharkBite U008LF 1/2 in Push-to-Connect Brass Coupling Item #66,,,,SharkBite Plumbing Solutions (SHARK),SharkBite Plumbing Solutions,SHARKBITE®,,U008LF-66,,"Plumbing>Pipe, Tube & Hose Fittings>Pipe Fittings","SHARKBITE® U008LF-66 Pipe Fittings, Coupling, 1/2 in, Push-to-Connect, Brass",SHARKBITE U008LF-66 PIPE FITTINGS,"SHARKBITE® U008LF-66 Pipe Fittings, Coupling, 1/2 in, Push-to-Connect, Brass","SHARKBITE® U008LF-66 Pipe Fittings, Coupling, 1/2 in, Push-to-Connect, Brass",,,,,,,,,,,,,,,,,,,,,,,,,,,,,Fitting Fitting/Connector Type,Coupling,,Pipe Size,1/2,in,Connection Type,Push-to-Connect,,Fitting Material,Brass,,,,,,,,,,,,,,,,,,,,,,,,,,,,,,,,,,,,,,,,,,,,,,,,,,,,,,,,,,,,,,,,,,,,,,,,,,,,,,,,,,,,,,,,,,,,,,,,,,,,,,,,,,,,,,,,,,,,,,,,,,,,,,,,,,,,,,,,,,,,,,,40172600,,,,,,,,,,,,,,,,,,,,,,,,,,,,,,,,,,,,,,,,,,,
,,,,,,,,,,,NIP-050-CLOSE-67,Charlotte Pipe 1/2 in x Close Black Steel Nipple MNPT Item #67,,,,Charlotte Pipe and Foundry (CHARL),Charlotte Pipe and Foundry,CHARLOTTE PIPE®,,NIP-050-CLOSE-67,,"Plumbing>Pipe, Tube & Hose Fittings>Pipe Fittings","CHARLOTTE PIPE® NIP-050-CLOSE-67 Pipe Fittings, Tee, 1/2 in, MNPT",CHARLOTTE PIPE NIP-050-CLOSE-67 PIPE FIT,"CHARLOTTE PIPE® NIP-050-CLOSE-67 Pipe Fittings, Tee, 1/2 in, MNPT","CHARLOTTE PIPE® NIP-050-CLOSE-67 Pipe Fittings, Tee, 1/2 in, MNPT",,,,,,,,,,,,,,,,,,,,,,,,,,,,,Fitting Fitting/Connector Type,Tee,,Pipe Size,1/2,in,Connection Type,MNPT,,,,,,,,,,,,,,,,,,,,,,,,,,,,,,,,,,,,,,,,,,,,,,,,,,,,,,,,,,,,,,,,,,,,,,,,,,,,,,,,,,,,,,,,,,,,,,,,,,,,,,,,,,,,,,,,,,,,,,,,,,,,,,,,,,,,,,,,,,,,,,,,,,40172600,,,,,,,,,,,,,,,,,,,,,,,,,,,,,,,,,,,,,,,,,,,
,,,,,,,,,,,PDSH4816AF-68,PDSH4816AF Dishwasher SS - Display Only Item #68,,,,Appliance Dealers Cooperative (APPDE),Appliance Dealers Cooperative,FRIGIDAIRE®,,PDSH4816AF-68,,unclassified / needs manual mapping,FRIGIDAIRE® PDSH4816AF-68 Product,FRIGIDAIRE PDSH4816AF-68 PRODUCT,FRIGIDAIRE® PDSH4816AF-68 Product,FRIGIDAIRE® PDSH4816AF-68 Product,,,,,,,,,,,,,,,,,,,,,,,,,,,,,,,,,,,,,,,,,,,,,,,,,,,,,,,,,,,,,,,,,,,,,,,,,,,,,,,,,,,,,,,,,,,,,,,,,,,,,,,,,,,,,,,,,,,,,,,,,,,,,,,,,,,,,,,,,,,,,,,,,,,,,,,,,,,,,,,,,,,,,,,,,,,,,,,,,,,,,,,,,,,,,,,,,,,,,,,,,,,,,,,,,,,,,,,,,,,,,,,,,
,,,,,,,,,,,WDTS7024RZ-69,WDTS7024RZ Dishwasher SS - Display Only Item #69,,,,Appliance Dealers Cooperative (APPDE),Appliance Dealers Cooperative,FRIGIDAIRE®,,WDTS7024RZ-69,,unclassified / needs manual mapping,FRIGIDAIRE® WDTS7024RZ-69 Product,FRIGIDAIRE WDTS7024RZ-69 PRODUCT,FRIGIDAIRE® WDTS7024RZ-69 Product,FRIGIDAIRE® WDTS7024RZ-69 Product,,,,,,,,,,,,,,,,,,,,,,,,,,,,,,,,,,,,,,,,,,,,,,,,,,,,,,,,,,,,,,,,,,,,,,,,,,,,,,,,,,,,,,,,,,,,,,,,,,,,,,,,,,,,,,,,,,,,,,,,,,,,,,,,,,,,,,,,,,,,,,,,,,,,,,,,,,,,,,,,,,,,,,,,,,,,,,,,,,,,,,,,,,,,,,,,,,,,,,,,,,,,,,,,,,,,,,,,,,,,,,,,,
,,,,,,,,,,,DCB205C-70,Dewalt 20V Max 5.0Ah Starter Kit Item #70,,,,Black & Decker (2585),Black & Decker,DEWALT®,,DCB205C-70,,unclassified / needs manual mapping,DEWALT® DCB205C-70 Product,DEWALT DCB205C-70 PRODUCT,DEWALT® DCB205C-70 Product,DEWALT® DCB205C-70 Product,,,,,,,,,,,,,,,,,,,,,,,,,,,,,,,,,,,,,,,,,,,,,,,,,,,,,,,,,,,,,,,,,,,,,,,,,,,,,,,,,,,,,,,,,,,,,,,,,,,,,,,,,,,,,,,,,,,,,,,,,,,,,,,,,,,,,,,,,,,,,,,,,,,,,,,,,,,,,,,,,,,,,,,,,,,,,,,,,,,,,,,,,,,,,,,,,,,,,,,,,,,,,,,,,,,,,,,,,,,,,,,,,
,,,,,,,,,,,DCB518ASTS06G-71,"DCB518ASTS06G Diablo 1/2""x18"" - Sanding Belt 6pc Item #71",,,,Freud Inc (2435),Freud Inc,DIABLO®,,DCB518ASTS06G-71,,unclassified / needs manual mapping,DIABLO® DCB518ASTS06G-71 Product,DIABLO DCB518ASTS06G-71 PRODUCT,DIABLO® DCB518ASTS06G-71 Product,DIABLO® DCB518ASTS06G-71 Product,,,,,,,,,,,,,,,,,,,,,,,,,,,,,,,,,,,,,,,,,,,,,,,,,,,,,,,,,,,,,,,,,,,,,,,,,,,,,,,,,,,,,,,,,,,,,,,,,,,,,,,,,,,,,,,,,,,,,,,,,,,,,,,,,,,,,,,,,,,,,,,,,,,,,,,,,,,,,,,,,,,,,,,,,,,,,,,,,,,,,,,,,,,,,,,,,,,,,,,,,,,,,,,,,,,,,,,,,,,,,,,,,
,,,,,,,,,,,6702-000-72,Moen 6702-000 Genta Single Handle Bathroom Sink Faucet Chrome 1.2 gpm 4in Item #72,,,,Moen Incorporated (MOEN),Moen Incorporated,MOEN®,,6702-000-72,,Plumbing>Faucets>Bathroom Sink Faucets,"MOEN® 6702-000-72 Bathroom Sink Faucets, 2, 1.2 gpm, Chrome",MOEN 6702-000-72 BATHROOM SINK FAUCETS,"MOEN® 6702-000-72 Bathroom Sink Faucets, 2, 1.2 gpm, Chrome","MOEN® 6702-000-72 Bathroom Sink Faucets, 2, 1.2 gpm, Chrome",,,,,,,,,,,,,,,,,,,,,,,,,,,,,Number of Faucet Handles,2,,Flow Rate,1.2,gpm,Finish/Color,Chrome,,,,,,,,,,,,,,,,,,,,,,,,,,,,,,,,,,,,,,,,,,,,,,,,,,,,,,,,,,,,,,,,,,,,,,,,,,,,,,,,,,,,,,,,,,,,,,,,,,,,,,,,,,,,,,,,,,,,,,,,,,,,,,,,,,,,,,,,,,,,,,,,,,30181702,,,,,,,,,,,,,,,,,,,,,,,,,,,,,,,,,,,,,,,,,,,
,,,,,,,,,,,559HA-DST-73,Delta 559HA-DST Trinsic Single Handle Bathroom Sink Faucet Matte Black 1.2 gpm Item #73,,,,Delta Faucet Company (DELTA),Delta Faucet Company,DELTA®,,559HA-DST-73,,Plumbing>Faucets>Bathroom Sink Faucets,"DELTA® 559HA-DST-73 Bathroom Sink Faucets, 2, 1.2 gpm, Matte Black",DELTA 559HA-DST-73 BATHROOM SINK FAUCETS,"DELTA® 559HA-DST-73 Bathroom Sink Faucets, 2, 1.2 gpm, Matte Black","DELTA® 559HA-DST-73 Bathroom Sink Faucets, 2, 1.2 gpm, Matte Black",,,,,,,,,,,,,,,,,,,,,,,,,,,,,Number of Faucet Handles,2,,Flow Rate,1.2,gpm,Finish/Color,Matte Black,,,,,,,,,,,,,,,,,,,,,,,,,,,,,,,,,,,,,,,,,,,,,,,,,,,,,,,,,,,,,,,,,,,,,,,,,,,,,,,,,,,,,,,,,,,,,,,,,,,,,,,,,,,,,,,,,,,,,,,,,,,,,,,,,,,,,,,,,,,,,,,,,,30181702,,,,,,,,,,,,,,,,,,,,,,,,,,,,,,,,,,,,,,,,,,,
,,,,,,,,,,,K-596-VS-74,Kohler K-596-VS Simplice Pull-Down Kitchen Faucet Vibrant Stainless 1.5 gpm Item #74,,,,Kohler Co. (KOHLER),Kohler Co.,KOHLER®,,K-596-VS-74,,Plumbing>Faucets>Utility Faucets,KOHLER® K-596-VS-74 Utility Faucets,KOHLER K-596-VS-74 UTILITY FAUCETS,KOHLER® K-596-VS-74 Utility Faucets,KOHLER® K-596-VS-74 Utility Faucets,,,,,,,,,,,,,,,,,,,,,,,,,,,,,,,,,,,,,,,,,,,,,,,,,,,,,,,,,,,,,,,,,,,,,,,,,,,,,,,,,,,,,,,,,,,,,,,,,,,,,,,,,,,,,,,,,,,,,,,,,,,,,,,,,,,,,,,,,,,,,,,,,,,,,,,,,,,,,,,,,,,,,,,,,,,,,,,,,,,,,,30181706,,,,,,,,,,,,,,,,,,,,,,,,,,,,,,,,,,,,,,,,,,,
,,,,,,,,,,,607-1/2-75,Nibco 607 1/2 1/2 in Copper Wrot Pressure 90 Deg Elbow Item #75,,,,Nibco Inc (NIBCO),Nibco Inc,NIBCO®,,607-1/2-75,,"Plumbing>Pipe, Tube & Hose Fittings>Pipe Fittings","NIBCO® 607-1/2-75 Pipe Fittings, Elbow, 1/2 in, Press, Copper",NIBCO 607-1/2-75 PIPE FITTINGS,"NIBCO® 607-1/2-75 Pipe Fittings, Elbow, 1/2 in, Press, Copper","NIBCO® 607-1/2-75 Pipe Fittings, Elbow, 1/2 in, Press, Copper",,,,,,,,,,,,,,,,,,,,,,,,,,,,,Fitting Fitting/Connector Type,Elbow,,Pipe Size,1/2,in,Connection Type,Press,,Fitting Material,Copper,,,,,,,,,,,,,,,,,,,,,,,,,,,,,,,,,,,,,,,,,,,,,,,,,,,,,,,,,,,,,,,,,,,,,,,,,,,,,,,,,,,,,,,,,,,,,,,,,,,,,,,,,,,,,,,,,,,,,,,,,,,,,,,,,,,,,,,,,,,,,,,40172600,,,,,,,,,,,,,,,,,,,,,,,,,,,,,,,,,,,,,,,,,,,
,,,,,,,,,,,U008LF-76,SharkBite U008LF 1/2 in Push-to-Connect Brass Coupling Item #76,,,,SharkBite Plumbing Solutions (SHARK),SharkBite Plumbing Solutions,SHARKBITE®,,U008LF-76,,"Plumbing>Pipe, Tube & Hose Fittings>Pipe Fittings","SHARKBITE® U008LF-76 Pipe Fittings, Coupling, 1/2 in, Push-to-Connect, Brass",SHARKBITE U008LF-76 PIPE FITTINGS,"SHARKBITE® U008LF-76 Pipe Fittings, Coupling, 1/2 in, Push-to-Connect, Brass","SHARKBITE® U008LF-76 Pipe Fittings, Coupling, 1/2 in, Push-to-Connect, Brass",,,,,,,,,,,,,,,,,,,,,,,,,,,,,Fitting Fitting/Connector Type,Coupling,,Pipe Size,1/2,in,Connection Type,Push-to-Connect,,Fitting Material,Brass,,,,,,,,,,,,,,,,,,,,,,,,,,,,,,,,,,,,,,,,,,,,,,,,,,,,,,,,,,,,,,,,,,,,,,,,,,,,,,,,,,,,,,,,,,,,,,,,,,,,,,,,,,,,,,,,,,,,,,,,,,,,,,,,,,,,,,,,,,,,,,,40172600,,,,,,,,,,,,,,,,,,,,,,,,,,,,,,,,,,,,,,,,,,,
,,,,,,,,,,,NIP-050-CLOSE-77,Charlotte Pipe 1/2 in x Close Black Steel Nipple MNPT Item #77,,,,Charlotte Pipe and Foundry (CHARL),Charlotte Pipe and Foundry,CHARLOTTE PIPE®,,NIP-050-CLOSE-77,,"Plumbing>Pipe, Tube & Hose Fittings>Pipe Fittings","CHARLOTTE PIPE® NIP-050-CLOSE-77 Pipe Fittings, Tee, 1/2 in, MNPT",CHARLOTTE PIPE NIP-050-CLOSE-77 PIPE FIT,"CHARLOTTE PIPE® NIP-050-CLOSE-77 Pipe Fittings, Tee, 1/2 in, MNPT","CHARLOTTE PIPE® NIP-050-CLOSE-77 Pipe Fittings, Tee, 1/2 in, MNPT",,,,,,,,,,,,,,,,,,,,,,,,,,,,,Fitting Fitting/Connector Type,Tee,,Pipe Size,1/2,in,Connection Type,MNPT,,,,,,,,,,,,,,,,,,,,,,,,,,,,,,,,,,,,,,,,,,,,,,,,,,,,,,,,,,,,,,,,,,,,,,,,,,,,,,,,,,,,,,,,,,,,,,,,,,,,,,,,,,,,,,,,,,,,,,,,,,,,,,,,,,,,,,,,,,,,,,,,,,40172600,,,,,,,,,,,,,,,,,,,,,,,,,,,,,,,,,,,,,,,,,,,
,,,,,,,,,,,PDSH4816AF-78,PDSH4816AF Dishwasher SS - Display Only Item #78,,,,Appliance Dealers Cooperative (APPDE),Appliance Dealers Cooperative,FRIGIDAIRE®,,PDSH4816AF-78,,unclassified / needs manual mapping,FRIGIDAIRE® PDSH4816AF-78 Product,FRIGIDAIRE PDSH4816AF-78 PRODUCT,FRIGIDAIRE® PDSH4816AF-78 Product,FRIGIDAIRE® PDSH4816AF-78 Product,,,,,,,,,,,,,,,,,,,,,,,,,,,,,,,,,,,,,,,,,,,,,,,,,,,,,,,,,,,,,,,,,,,,,,,,,,,,,,,,,,,,,,,,,,,,,,,,,,,,,,,,,,,,,,,,,,,,,,,,,,,,,,,,,,,,,,,,,,,,,,,,,,,,,,,,,,,,,,,,,,,,,,,,,,,,,,,,,,,,,,,,,,,,,,,,,,,,,,,,,,,,,,,,,,,,,,,,,,,,,,,,,
,,,,,,,,,,,WDTS7024RZ-79,WDTS7024RZ Dishwasher SS - Display Only Item #79,,,,Appliance Dealers Cooperative (APPDE),Appliance Dealers Cooperative,FRIGIDAIRE®,,WDTS7024RZ-79,,unclassified / needs manual mapping,FRIGIDAIRE® WDTS7024RZ-79 Product,FRIGIDAIRE WDTS7024RZ-79 PRODUCT,FRIGIDAIRE® WDTS7024RZ-79 Product,FRIGIDAIRE® WDTS7024RZ-79 Product,,,,,,,,,,,,,,,,,,,,,,,,,,,,,,,,,,,,,,,,,,,,,,,,,,,,,,,,,,,,,,,,,,,,,,,,,,,,,,,,,,,,,,,,,,,,,,,,,,,,,,,,,,,,,,,,,,,,,,,,,,,,,,,,,,,,,,,,,,,,,,,,,,,,,,,,,,,,,,,,,,,,,,,,,,,,,,,,,,,,,,,,,,,,,,,,,,,,,,,,,,,,,,,,,,,,,,,,,,,,,,,,,
,,,,,,,,,,,DCB205C-80,Dewalt 20V Max 5.0Ah Starter Kit Item #80,,,,Black & Decker (2585),Black & Decker,DEWALT®,,DCB205C-80,,unclassified / needs manual mapping,DEWALT® DCB205C-80 Product,DEWALT DCB205C-80 PRODUCT,DEWALT® DCB205C-80 Product,DEWALT® DCB205C-80 Product,,,,,,,,,,,,,,,,,,,,,,,,,,,,,,,,,,,,,,,,,,,,,,,,,,,,,,,,,,,,,,,,,,,,,,,,,,,,,,,,,,,,,,,,,,,,,,,,,,,,,,,,,,,,,,,,,,,,,,,,,,,,,,,,,,,,,,,,,,,,,,,,,,,,,,,,,,,,,,,,,,,,,,,,,,,,,,,,,,,,,,,,,,,,,,,,,,,,,,,,,,,,,,,,,,,,,,,,,,,,,,,,,
,,,,,,,,,,,DCB518ASTS06G-81,"DCB518ASTS06G Diablo 1/2""x18"" - Sanding Belt 6pc Item #81",,,,Freud Inc (2435),Freud Inc,DIABLO®,,DCB518ASTS06G-81,,unclassified / needs manual mapping,DIABLO® DCB518ASTS06G-81 Product,DIABLO DCB518ASTS06G-81 PRODUCT,DIABLO® DCB518ASTS06G-81 Product,DIABLO® DCB518ASTS06G-81 Product,,,,,,,,,,,,,,,,,,,,,,,,,,,,,,,,,,,,,,,,,,,,,,,,,,,,,,,,,,,,,,,,,,,,,,,,,,,,,,,,,,,,,,,,,,,,,,,,,,,,,,,,,,,,,,,,,,,,,,,,,,,,,,,,,,,,,,,,,,,,,,,,,,,,,,,,,,,,,,,,,,,,,,,,,,,,,,,,,,,,,,,,,,,,,,,,,,,,,,,,,,,,,,,,,,,,,,,,,,,,,,,,,
,,,,,,,,,,,6702-000-82,Moen 6702-000 Genta Single Handle Bathroom Sink Faucet Chrome 1.2 gpm 4in Item #82,,,,Moen Incorporated (MOEN),Moen Incorporated,MOEN®,,6702-000-82,,Plumbing>Faucets>Bathroom Sink Faucets,"MOEN® 6702-000-82 Bathroom Sink Faucets, 2, 1.2 gpm, Chrome",MOEN 6702-000-82 BATHROOM SINK FAUCETS,"MOEN® 6702-000-82 Bathroom Sink Faucets, 2, 1.2 gpm, Chrome","MOEN® 6702-000-82 Bathroom Sink Faucets, 2, 1.2 gpm, Chrome",,,,,,,,,,,,,,,,,,,,,,,,,,,,,Number of Faucet Handles,2,,Flow Rate,1.2,gpm,Finish/Color,Chrome,,,,,,,,,,,,,,,,,,,,,,,,,,,,,,,,,,,,,,,,,,,,,,,,,,,,,,,,,,,,,,,,,,,,,,,,,,,,,,,,,,,,,,,,,,,,,,,,,,,,,,,,,,,,,,,,,,,,,,,,,,,,,,,,,,,,,,,,,,,,,,,,,,30181702,,,,,,,,,,,,,,,,,,,,,,,,,,,,,,,,,,,,,,,,,,,
,,,,,,,,,,,559HA-DST-83,Delta 559HA-DST Trinsic Single Handle Bathroom Sink Faucet Matte Black 1.2 gpm Item #83,,,,Delta Faucet Company (DELTA),Delta Faucet Company,DELTA®,,559HA-DST-83,,Plumbing>Faucets>Bathroom Sink Faucets,"DELTA® 559HA-DST-83 Bathroom Sink Faucets, 2, 1.2 gpm, Matte Black",DELTA 559HA-DST-83 BATHROOM SINK FAUCETS,"DELTA® 559HA-DST-83 Bathroom Sink Faucets, 2, 1.2 gpm, Matte Black","DELTA® 559HA-DST-83 Bathroom Sink Faucets, 2, 1.2 gpm, Matte Black",,,,,,,,,,,,,,,,,,,,,,,,,,,,,Number of Faucet Handles,2,,Flow Rate,1.2,gpm,Finish/Color,Matte Black,,,,,,,,,,,,,,,,,,,,,,,,,,,,,,,,,,,,,,,,,,,,,,,,,,,,,,,,,,,,,,,,,,,,,,,,,,,,,,,,,,,,,,,,,,,,,,,,,,,,,,,,,,,,,,,,,,,,,,,,,,,,,,,,,,,,,,,,,,,,,,,,,,30181702,,,,,,,,,,,,,,,,,,,,,,,,,,,,,,,,,,,,,,,,,,,
,,,,,,,,,,,K-596-VS-84,Kohler K-596-VS Simplice Pull-Down Kitchen Faucet Vibrant Stainless 1.5 gpm Item #84,,,,Kohler Co. (KOHLER),Kohler Co.,KOHLER®,,K-596-VS-84,,Plumbing>Faucets>Utility Faucets,KOHLER® K-596-VS-84 Utility Faucets,KOHLER K-596-VS-84 UTILITY FAUCETS,KOHLER® K-596-VS-84 Utility Faucets,KOHLER® K-596-VS-84 Utility Faucets,,,,,,,,,,,,,,,,,,,,,,,,,,,,,,,,,,,,,,,,,,,,,,,,,,,,,,,,,,,,,,,,,,,,,,,,,,,,,,,,,,,,,,,,,,,,,,,,,,,,,,,,,,,,,,,,,,,,,,,,,,,,,,,,,,,,,,,,,,,,,,,,,,,,,,,,,,,,,,,,,,,,,,,,,,,,,,,,,,,,,,30181706,,,,,,,,,,,,,,,,,,,,,,,,,,,,,,,,,,,,,,,,,,,
,,,,,,,,,,,607-1/2-85,Nibco 607 1/2 1/2 in Copper Wrot Pressure 90 Deg Elbow Item #85,,,,Nibco Inc (NIBCO),Nibco Inc,NIBCO®,,607-1/2-85,,"Plumbing>Pipe, Tube & Hose Fittings>Pipe Fittings","NIBCO® 607-1/2-85 Pipe Fittings, Elbow, 1/2 in, Press, Copper",NIBCO 607-1/2-85 PIPE FITTINGS,"NIBCO® 607-1/2-85 Pipe Fittings, Elbow, 1/2 in, Press, Copper","NIBCO® 607-1/2-85 Pipe Fittings, Elbow, 1/2 in, Press, Copper",,,,,,,,,,,,,,,,,,,,,,,,,,,,,Fitting Fitting/Connector Type,Elbow,,Pipe Size,1/2,in,Connection Type,Press,,Fitting Material,Copper,,,,,,,,,,,,,,,,,,,,,,,,,,,,,,,,,,,,,,,,,,,,,,,,,,,,,,,,,,,,,,,,,,,,,,,,,,,,,,,,,,,,,,,,,,,,,,,,,,,,,,,,,,,,,,,,,,,,,,,,,,,,,,,,,,,,,,,,,,,,,,,40172600,,,,,,,,,,,,,,,,,,,,,,,,,,,,,,,,,,,,,,,,,,,
,,,,,,,,,,,U008LF-86,SharkBite U008LF 1/2 in Push-to-Connect Brass Coupling Item #86,,,,SharkBite Plumbing Solutions (SHARK),SharkBite Plumbing Solutions,SHARKBITE®,,U008LF-86,,"Plumbing>Pipe, Tube & Hose Fittings>Pipe Fittings","SHARKBITE® U008LF-86 Pipe Fittings, Coupling, 1/2 in, Push-to-Connect, Brass",SHARKBITE U008LF-86 PIPE FITTINGS,"SHARKBITE® U008LF-86 Pipe Fittings, Coupling, 1/2 in, Push-to-Connect, Brass","SHARKBITE® U008LF-86 Pipe Fittings, Coupling, 1/2 in, Push-to-Connect, Brass",,,,,,,,,,,,,,,,,,,,,,,,,,,,,Fitting Fitting/Connector Type,Coupling,,Pipe Size,1/2,in,Connection Type,Push-to-Connect,,Fitting Material,Brass,,,,,,,,,,,,,,,,,,,,,,,,,,,,,,,,,,,,,,,,,,,,,,,,,,,,,,,,,,,,,,,,,,,,,,,,,,,,,,,,,,,,,,,,,,,,,,,,,,,,,,,,,,,,,,,,,,,,,,,,,,,,,,,,,,,,,,,,,,,,,,,40172600,,,,,,,,,,,,,,,,,,,,,,,,,,,,,,,,,,,,,,,,,,,
,,,,,,,,,,,NIP-050-CLOSE-87,Charlotte Pipe 1/2 in x Close Black Steel Nipple MNPT Item #87,,,,Charlotte Pipe and Foundry (CHARL),Charlotte Pipe and Foundry,CHARLOTTE PIPE®,,NIP-050-CLOSE-87,,"Plumbing>Pipe, Tube & Hose Fittings>Pipe Fittings","CHARLOTTE PIPE® NIP-050-CLOSE-87 Pipe Fittings, Tee, 1/2 in, MNPT",CHARLOTTE PIPE NIP-050-CLOSE-87 PIPE FIT,"CHARLOTTE PIPE® NIP-050-CLOSE-87 Pipe Fittings, Tee, 1/2 in, MNPT","CHARLOTTE PIPE® NIP-050-CLOSE-87 Pipe Fittings, Tee, 1/2 in, MNPT",,,,,,,,,,,,,,,,,,,,,,,,,,,,,Fitting Fitting/Connector Type,Tee,,Pipe Size,1/2,in,Connection Type,MNPT,,,,,,,,,,,,,,,,,,,,,,,,,,,,,,,,,,,,,,,,,,,,,,,,,,,,,,,,,,,,,,,,,,,,,,,,,,,,,,,,,,,,,,,,,,,,,,,,,,,,,,,,,,,,,,,,,,,,,,,,,,,,,,,,,,,,,,,,,,,,,,,,,,40172600,,,,,,,,,,,,,,,,,,,,,,,,,,,,,,,,,,,,,,,,,,,
,,,,,,,,,,,PDSH4816AF-88,PDSH4816AF Dishwasher SS - Display Only Item #88,,,,Appliance Dealers Cooperative (APPDE),Appliance Dealers Cooperative,FRIGIDAIRE®,,PDSH4816AF-88,,unclassified / needs manual mapping,FRIGIDAIRE® PDSH4816AF-88 Product,FRIGIDAIRE PDSH4816AF-88 PRODUCT,FRIGIDAIRE® PDSH4816AF-88 Product,FRIGIDAIRE® PDSH4816AF-88 Product,,,,,,,,,,,,,,,,,,,,,,,,,,,,,,,,,,,,,,,,,,,,,,,,,,,,,,,,,,,,,,,,,,,,,,,,,,,,,,,,,,,,,,,,,,,,,,,,,,,,,,,,,,,,,,,,,,,,,,,,,,,,,,,,,,,,,,,,,,,,,,,,,,,,,,,,,,,,,,,,,,,,,,,,,,,,,,,,,,,,,,,,,,,,,,,,,,,,,,,,,,,,,,,,,,,,,,,,,,,,,,,,,
,,,,,,,,,,,WDTS7024RZ-89,WDTS7024RZ Dishwasher SS - Display Only Item #89,,,,Appliance Dealers Cooperative (APPDE),Appliance Dealers Cooperative,FRIGIDAIRE®,,WDTS7024RZ-89,,unclassified / needs manual mapping,FRIGIDAIRE® WDTS7024RZ-89 Product,FRIGIDAIRE WDTS7024RZ-89 PRODUCT,FRIGIDAIRE® WDTS7024RZ-89 Product,FRIGIDAIRE® WDTS7024RZ-89 Product,,,,,,,,,,,,,,,,,,,,,,,,,,,,,,,,,,,,,,,,,,,,,,,,,,,,,,,,,,,,,,,,,,,,,,,,,,,,,,,,,,,,,,,,,,,,,,,,,,,,,,,,,,,,,,,,,,,,,,,,,,,,,,,,,,,,,,,,,,,,,,,,,,,,,,,,,,,,,,,,,,,,,,,,,,,,,,,,,,,,,,,,,,,,,,,,,,,,,,,,,,,,,,,,,,,,,,,,,,,,,,,,,
,,,,,,,,,,,DCB205C-90,Dewalt 20V Max 5.0Ah Starter Kit Item #90,,,,Black & Decker (2585),Black & Decker,DEWALT®,,DCB205C-90,,unclassified / needs manual mapping,DEWALT® DCB205C-90 Product,DEWALT DCB205C-90 PRODUCT,DEWALT® DCB205C-90 Product,DEWALT® DCB205C-90 Product,,,,,,,,,,,,,,,,,,,,,,,,,,,,,,,,,,,,,,,,,,,,,,,,,,,,,,,,,,,,,,,,,,,,,,,,,,,,,,,,,,,,,,,,,,,,,,,,,,,,,,,,,,,,,,,,,,,,,,,,,,,,,,,,,,,,,,,,,,,,,,,,,,,,,,,,,,,,,,,,,,,,,,,,,,,,,,,,,,,,,,,,,,,,,,,,,,,,,,,,,,,,,,,,,,,,,,,,,,,,,,,,,
,,,,,,,,,,,DCB518ASTS06G-91,"DCB518ASTS06G Diablo 1/2""x18"" - Sanding Belt 6pc Item #91",,,,Freud Inc (2435),Freud Inc,DIABLO®,,DCB518ASTS06G-91,,unclassified / needs manual mapping,DIABLO® DCB518ASTS06G-91 Product,DIABLO DCB518ASTS06G-91 PRODUCT,DIABLO® DCB518ASTS06G-91 Product,DIABLO® DCB518ASTS06G-91 Product,,,,,,,,,,,,,,,,,,,,,,,,,,,,,,,,,,,,,,,,,,,,,,,,,,,,,,,,,,,,,,,,,,,,,,,,,,,,,,,,,,,,,,,,,,,,,,,,,,,,,,,,,,,,,,,,,,,,,,,,,,,,,,,,,,,,,,,,,,,,,,,,,,,,,,,,,,,,,,,,,,,,,,,,,,,,,,,,,,,,,,,,,,,,,,,,,,,,,,,,,,,,,,,,,,,,,,,,,,,,,,,,,
,,,,,,,,,,,6702-000-92,Moen 6702-000 Genta Single Handle Bathroom Sink Faucet Chrome 1.2 gpm 4in Item #92,,,,Moen Incorporated (MOEN),Moen Incorporated,MOEN®,,6702-000-92,,Plumbing>Faucets>Bathroom Sink Faucets,"MOEN® 6702-000-92 Bathroom Sink Faucets, 2, 1.2 gpm, Chrome",MOEN 6702-000-92 BATHROOM SINK FAUCETS,"MOEN® 6702-000-92 Bathroom Sink Faucets, 2, 1.2 gpm, Chrome","MOEN® 6702-000-92 Bathroom Sink Faucets, 2, 1.2 gpm, Chrome",,,,,,,,,,,,,,,,,,,,,,,,,,,,,Number of Faucet Handles,2,,Flow Rate,1.2,gpm,Finish/Color,Chrome,,,,,,,,,,,,,,,,,,,,,,,,,,,,,,,,,,,,,,,,,,,,,,,,,,,,,,,,,,,,,,,,,,,,,,,,,,,,,,,,,,,,,,,,,,,,,,,,,,,,,,,,,,,,,,,,,,,,,,,,,,,,,,,,,,,,,,,,,,,,,,,,,,30181702,,,,,,,,,,,,,,,,,,,,,,,,,,,,,,,,,,,,,,,,,,,
,,,,,,,,,,,559HA-DST-93,Delta 559HA-DST Trinsic Single Handle Bathroom Sink Faucet Matte Black 1.2 gpm Item #93,,,,Delta Faucet Company (DELTA),Delta Faucet Company,DELTA®,,559HA-DST-93,,Plumbing>Faucets>Bathroom Sink Faucets,"DELTA® 559HA-DST-93 Bathroom Sink Faucets, 2, 1.2 gpm, Matte Black",DELTA 559HA-DST-93 BATHROOM SINK FAUCETS,"DELTA® 559HA-DST-93 Bathroom Sink Faucets, 2, 1.2 gpm, Matte Black","DELTA® 559HA-DST-93 Bathroom Sink Faucets, 2, 1.2 gpm, Matte Black",,,,,,,,,,,,,,,,,,,,,,,,,,,,,Number of Faucet Handles,2,,Flow Rate,1.2,gpm,Finish/Color,Matte Black,,,,,,,,,,,,,,,,,,,,,,,,,,,,,,,,,,,,,,,,,,,,,,,,,,,,,,,,,,,,,,,,,,,,,,,,,,,,,,,,,,,,,,,,,,,,,,,,,,,,,,,,,,,,,,,,,,,,,,,,,,,,,,,,,,,,,,,,,,,,,,,,,,30181702,,,,,,,,,,,,,,,,,,,,,,,,,,,,,,,,,,,,,,,,,,,
,,,,,,,,,,,K-596-VS-94,Kohler K-596-VS Simplice Pull-Down Kitchen Faucet Vibrant Stainless 1.5 gpm Item #94,,,,Kohler Co. (KOHLER),Kohler Co.,KOHLER®,,K-596-VS-94,,Plumbing>Faucets>Utility Faucets,KOHLER® K-596-VS-94 Utility Faucets,KOHLER K-596-VS-94 UTILITY FAUCETS,KOHLER® K-596-VS-94 Utility Faucets,KOHLER® K-596-VS-94 Utility Faucets,,,,,,,,,,,,,,,,,,,,,,,,,,,,,,,,,,,,,,,,,,,,,,,,,,,,,,,,,,,,,,,,,,,,,,,,,,,,,,,,,,,,,,,,,,,,,,,,,,,,,,,,,,,,,,,,,,,,,,,,,,,,,,,,,,,,,,,,,,,,,,,,,,,,,,,,,,,,,,,,,,,,,,,,,,,,,,,,,,,,,,30181706,,,,,,,,,,,,,,,,,,,,,,,,,,,,,,,,,,,,,,,,,,,
,,,,,,,,,,,607-1/2-95,Nibco 607 1/2 1/2 in Copper Wrot Pressure 90 Deg Elbow Item #95,,,,Nibco Inc (NIBCO),Nibco Inc,NIBCO®,,607-1/2-95,,"Plumbing>Pipe, Tube & Hose Fittings>Pipe Fittings","NIBCO® 607-1/2-95 Pipe Fittings, Elbow, 1/2 in, Press, Copper",NIBCO 607-1/2-95 PIPE FITTINGS,"NIBCO® 607-1/2-95 Pipe Fittings, Elbow, 1/2 in, Press, Copper","NIBCO® 607-1/2-95 Pipe Fittings, Elbow, 1/2 in, Press, Copper",,,,,,,,,,,,,,,,,,,,,,,,,,,,,Fitting Fitting/Connector Type,Elbow,,Pipe Size,1/2,in,Connection Type,Press,,Fitting Material,Copper,,,,,,,,,,,,,,,,,,,,,,,,,,,,,,,,,,,,,,,,,,,,,,,,,,,,,,,,,,,,,,,,,,,,,,,,,,,,,,,,,,,,,,,,,,,,,,,,,,,,,,,,,,,,,,,,,,,,,,,,,,,,,,,,,,,,,,,,,,,,,,,40172600,,,,,,,,,,,,,,,,,,,,,,,,,,,,,,,,,,,,,,,,,,,
,,,,,,,,,,,U008LF-96,SharkBite U008LF 1/2 in Push-to-Connect Brass Coupling Item #96,,,,SharkBite Plumbing Solutions (SHARK),SharkBite Plumbing Solutions,SHARKBITE®,,U008LF-96,,"Plumbing>Pipe, Tube & Hose Fittings>Pipe Fittings","SHARKBITE® U008LF-96 Pipe Fittings, Coupling, 1/2 in, Push-to-Connect, Brass",SHARKBITE U008LF-96 PIPE FITTINGS,"SHARKBITE® U008LF-96 Pipe Fittings, Coupling, 1/2 in, Push-to-Connect, Brass","SHARKBITE® U008LF-96 Pipe Fittings, Coupling, 1/2 in, Push-to-Connect, Brass",,,,,,,,,,,,,,,,,,,,,,,,,,,,,Fitting Fitting/Connector Type,Coupling,,Pipe Size,1/2,in,Connection Type,Push-to-Connect,,Fitting Material,Brass,,,,,,,,,,,,,,,,,,,,,,,,,,,,,,,,,,,,,,,,,,,,,,,,,,,,,,,,,,,,,,,,,,,,,,,,,,,,,,,,,,,,,,,,,,,,,,,,,,,,,,,,,,,,,,,,,,,,,,,,,,,,,,,,,,,,,,,,,,,,,,,40172600,,,,,,,,,,,,,,,,,,,,,,,,,,,,,,,,,,,,,,,,,,,
,,,,,,,,,,,NIP-050-CLOSE-97,Charlotte Pipe 1/2 in x Close Black Steel Nipple MNPT Item #97,,,,Charlotte Pipe and Foundry (CHARL),Charlotte Pipe and Foundry,CHARLOTTE PIPE®,,NIP-050-CLOSE-97,,"Plumbing>Pipe, Tube & Hose Fittings>Pipe Fittings","CHARLOTTE PIPE® NIP-050-CLOSE-97 Pipe Fittings, Tee, 1/2 in, MNPT",CHARLOTTE PIPE NIP-050-CLOSE-97 PIPE FIT,"CHARLOTTE PIPE® NIP-050-CLOSE-97 Pipe Fittings, Tee, 1/2 in, MNPT","CHARLOTTE PIPE® NIP-050-CLOSE-97 Pipe Fittings, Tee, 1/2 in, MNPT",,,,,,,,,,,,,,,,,,,,,,,,,,,,,Fitting Fitting/Connector Type,Tee,,Pipe Size,1/2,in,Connection Type,MNPT,,,,,,,,,,,,,,,,,,,,,,,,,,,,,,,,,,,,,,,,,,,,,,,,,,,,,,,,,,,,,,,,,,,,,,,,,,,,,,,,,,,,,,,,,,,,,,,,,,,,,,,,,,,,,,,,,,,,,,,,,,,,,,,,,,,,,,,,,,,,,,,,,,40172600,,,,,,,,,,,,,,,,,,,,,,,,,,,,,,,,,,,,,,,,,,,
,,,,,,,,,,,PDSH4816AF-98,PDSH4816AF Dishwasher SS - Display Only Item #98,,,,Appliance Dealers Cooperative (APPDE),Appliance Dealers Cooperative,FRIGIDAIRE®,,PDSH4816AF-98,,unclassified / needs manual mapping,FRIGIDAIRE® PDSH4816AF-98 Product,FRIGIDAIRE PDSH4816AF-98 PRODUCT,FRIGIDAIRE® PDSH4816AF-98 Product,FRIGIDAIRE® PDSH4816AF-98 Product,,,,,,,,,,,,,,,,,,,,,,,,,,,,,,,,,,,,,,,,,,,,,,,,,,,,,,,,,,,,,,,,,,,,,,,,,,,,,,,,,,,,,,,,,,,,,,,,,,,,,,,,,,,,,,,,,,,,,,,,,,,,,,,,,,,,,,,,,,,,,,,,,,,,,,,,,,,,,,,,,,,,,,,,,,,,,,,,,,,,,,,,,,,,,,,,,,,,,,,,,,,,,,,,,,,,,,,,,,,,,,,,,
,,,,,,,,,,,WDTS7024RZ-99,WDTS7024RZ Dishwasher SS - Display Only Item #99,,,,Appliance Dealers Cooperative (APPDE),Appliance Dealers Cooperative,FRIGIDAIRE®,,WDTS7024RZ-99,,unclassified / needs manual mapping,FRIGIDAIRE® WDTS7024RZ-99 Product,FRIGIDAIRE WDTS7024RZ-99 PRODUCT,FRIGIDAIRE® WDTS7024RZ-99 Product,FRIGIDAIRE® WDTS7024RZ-99 Product,,,,,,,,,,,,,,,,,,,,,,,,,,,,,,,,,,,,,,,,,,,,,,,,,,,,,,,,,,,,,,,,,,,,,,,,,,,,,,,,,,,,,,,,,,,,,,,,,,,,,,,,,,,,,,,,,,,,,,,,,,,,,,,,,,,,,,,,,,,,,,,,,,,,,,,,,,,,,,,,,,,,,,,,,,,,,,,,,,,,,,,,,,,,,,,,,,,,,,,,,,,,,,,,,,,,,,,,,,,,,,,,,
,,,,,,,,,,,DCB205C-100,Dewalt 20V Max 5.0Ah Starter Kit Item #100,,,,Black & Decker (2585),Black & Decker,DEWALT®,,DCB205C-100,,unclassified / needs manual mapping,DEWALT® DCB205C-100 Product,DEWALT DCB205C-100 PRODUCT,DEWALT® DCB205C-100 Product,DEWALT® DCB205C-100 Product,,,,,,,,,,,,,,,,,,,,,,,,,,,,,,,,,,,,,,,,,,,,,,,,,,,,,,,,,,,,,,,,,,,,,,,,,,,,,,,,,,,,,,,,,,,,,,,,,,,,,,,,,,,,,,,,,,,,,,,,,,,,,,,,,,,,,,,,,,,,,,,,,,,,,,,,,,,,,,,,,,,,,,,,,,,,,,,,,,,,,,,,,,,,,,,,,,,,,,,,,,,,,,,,,,,,,,,,,,,,,,,,,
,,,,,,,,,,,DCB518ASTS06G-101,"DCB518ASTS06G Diablo 1/2""x18"" - Sanding Belt 6pc Item #101",,,,Freud Inc (2435),Freud Inc,DIABLO®,,DCB518ASTS06G-101,,unclassified / needs manual mapping,DIABLO® DCB518ASTS06G-101 Product,DIABLO DCB518ASTS06G-101 PRODUCT,DIABLO® DCB518ASTS06G-101 Product,DIABLO® DCB518ASTS06G-101 Product,,,,,,,,,,,,,,,,,,,,,,,,,,,,,,,,,,,,,,,,,,,,,,,,,,,,,,,,,,,,,,,,,,,,,,,,,,,,,,,,,,,,,,,,,,,,,,,,,,,,,,,,,,,,,,,,,,,,,,,,,,,,,,,,,,,,,,,,,,,,,,,,,,,,,,,,,,,,,,,,,,,,,,,,,,,,,,,,,,,,,,,,,,,,,,,,,,,,,,,,,,,,,,,,,,,,,,,,,,,,,,,,,
,,,,,,,,,,,6702-000-102,Moen 6702-000 Genta Single Handle Bathroom Sink Faucet Chrome 1.2 gpm 4in Item #102,,,,Moen Incorporated (MOEN),Moen Incorporated,MOEN®,,6702-000-102,,Plumbing>Faucets>Bathroom Sink Faucets,"MOEN® 6702-000-102 Bathroom Sink Faucets, 2, 1.2 gpm, Chrome",MOEN 6702-000-102 BATHROOM SINK FAUCETS,"MOEN® 6702-000-102 Bathroom Sink Faucets, 2, 1.2 gpm, Chrome","MOEN® 6702-000-102 Bathroom Sink Faucets, 2, 1.2 gpm, Chrome",,,,,,,,,,,,,,,,,,,,,,,,,,,,,Number of Faucet Handles,2,,Flow Rate,1.2,gpm,Finish/Color,Chrome,,,,,,,,,,,,,,,,,,,,,,,,,,,,,,,,,,,,,,,,,,,,,,,,,,,,,,,,,,,,,,,,,,,,,,,,,,,,,,,,,,,,,,,,,,,,,,,,,,,,,,,,,,,,,,,,,,,,,,,,,,,,,,,,,,,,,,,,,,,,,,,,,,30181702,,,,,,,,,,,,,,,,,,,,,,,,,,,,,,,,,,,,,,,,,,,
,,,,,,,,,,,559HA-DST-103,Delta 559HA-DST Trinsic Single Handle Bathroom Sink Faucet Matte Black 1.2 gpm Item #103,,,,Delta Faucet Company (DELTA),Delta Faucet Company,DELTA®,,559HA-DST-103,,Plumbing>Faucets>Bathroom Sink Faucets,"DELTA® 559HA-DST-103 Bathroom Sink Faucets, 2, 1.2 gpm, Matte Black",DELTA 559HA-DST-103 BATHROOM SINK FAUCET,"DELTA® 559HA-DST-103 Bathroom Sink Faucets, 2, 1.2 gpm, Matte Black","DELTA® 559HA-DST-103 Bathroom Sink Faucets, 2, 1.2 gpm, Matte Black",,,,,,,,,,,,,,,,,,,,,,,,,,,,,Number of Faucet Handles,2,,Flow Rate,1.2,gpm,Finish/Color,Matte Black,,,,,,,,,,,,,,,,,,,,,,,,,,,,,,,,,,,,,,,,,,,,,,,,,,,,,,,,,,,,,,,,,,,,,,,,,,,,,,,,,,,,,,,,,,,,,,,,,,,,,,,,,,,,,,,,,,,,,,,,,,,,,,,,,,,,,,,,,,,,,,,,,,30181702,,,,,,,,,,,,,,,,,,,,,,,,,,,,,,,,,,,,,,,,,,,
,,,,,,,,,,,K-596-VS-104,Kohler K-596-VS Simplice Pull-Down Kitchen Faucet Vibrant Stainless 1.5 gpm Item #104,,,,Kohler Co. (KOHLER),Kohler Co.,KOHLER®,,K-596-VS-104,,Plumbing>Faucets>Utility Faucets,KOHLER® K-596-VS-104 Utility Faucets,KOHLER K-596-VS-104 UTILITY FAUCETS,KOHLER® K-596-VS-104 Utility Faucets,KOHLER® K-596-VS-104 Utility Faucets,,,,,,,,,,,,,,,,,,,,,,,,,,,,,,,,,,,,,,,,,,,,,,,,,,,,,,,,,,,,,,,,,,,,,,,,,,,,,,,,,,,,,,,,,,,,,,,,,,,,,,,,,,,,,,,,,,,,,,,,,,,,,,,,,,,,,,,,,,,,,,,,,,,,,,,,,,,,,,,,,,,,,,,,,,,,,,,,,,,,,,30181706,,,,,,,,,,,,,,,,,,,,,,,,,,,,,,,,,,,,,,,,,,,
,,,,,,,,,,,607-1/2-105,Nibco 607 1/2 1/2 in Copper Wrot Pressure 90 Deg Elbow Item #105,,,,Nibco Inc (NIBCO),Nibco Inc,NIBCO®,,607-1/2-105,,"Plumbing>Pipe, Tube & Hose Fittings>Pipe Fittings","NIBCO® 607-1/2-105 Pipe Fittings, Elbow, 1/2 in, Press, Copper",NIBCO 607-1/2-105 PIPE FITTINGS,"NIBCO® 607-1/2-105 Pipe Fittings, Elbow, 1/2 in, Press, Copper","NIBCO® 607-1/2-105 Pipe Fittings, Elbow, 1/2 in, Press, Copper",,,,,,,,,,,,,,,,,,,,,,,,,,,,,Fitting Fitting/Connector Type,Elbow,,Pipe Size,1/2,in,Connection Type,Press,,Fitting Material,Copper,,,,,,,,,,,,,,,,,,,,,,,,,,,,,,,,,,,,,,,,,,,,,,,,,,,,,,,,,,,,,,,,,,,,,,,,,,,,,,,,,,,,,,,,,,,,,,,,,,,,,,,,,,,,,,,,,,,,,,,,,,,,,,,,,,,,,,,,,,,,,,,40172600,,,,,,,,,,,,,,,,,,,,,,,,,,,,,,,,,,,,,,,,,,,
,,,,,,,,,,,U008LF-106,SharkBite U008LF 1/2 in Push-to-Connect Brass Coupling Item #106,,,,SharkBite Plumbing Solutions (SHARK),SharkBite Plumbing Solutions,SHARKBITE®,,U008LF-106,,"Plumbing>Pipe, Tube & Hose Fittings>Pipe Fittings","SHARKBITE® U008LF-106 Pipe Fittings, Coupling, 1/2 in, Push-to-Connect, Brass",SHARKBITE U008LF-106 PIPE FITTINGS,"SHARKBITE® U008LF-106 Pipe Fittings, Coupling, 1/2 in, Push-to-Connect, Brass","SHARKBITE® U008LF-106 Pipe Fittings, Coupling, 1/2 in, Push-to-Connect, Brass",,,,,,,,,,,,,,,,,,,,,,,,,,,,,Fitting Fitting/Connector Type,Coupling,,Pipe Size,1/2,in,Connection Type,Push-to-Connect,,Fitting Material,Brass,,,,,,,,,,,,,,,,,,,,,,,,,,,,,,,,,,,,,,,,,,,,,,,,,,,,,,,,,,,,,,,,,,,,,,,,,,,,,,,,,,,,,,,,,,,,,,,,,,,,,,,,,,,,,,,,,,,,,,,,,,,,,,,,,,,,,,,,,,,,,,,40172600,,,,,,,,,,,,,,,,,,,,,,,,,,,,,,,,,,,,,,,,,,,
,,,,,,,,,,,NIP-050-CLOSE-107,Charlotte Pipe 1/2 in x Close Black Steel Nipple MNPT Item #107,,,,Charlotte Pipe and Foundry (CHARL),Charlotte Pipe and Foundry,CHARLOTTE PIPE®,,NIP-050-CLOSE-107,,"Plumbing>Pipe, Tube & Hose Fittings>Pipe Fittings","CHARLOTTE PIPE® NIP-050-CLOSE-107 Pipe Fittings, Tee, 1/2 in, MNPT",CHARLOTTE PIPE NIP-050-CLOSE-107 PIPE FI,"CHARLOTTE PIPE® NIP-050-CLOSE-107 Pipe Fittings, Tee, 1/2 in, MNPT","CHARLOTTE PIPE® NIP-050-CLOSE-107 Pipe Fittings, Tee, 1/2 in, MNPT",,,,,,,,,,,,,,,,,,,,,,,,,,,,,Fitting Fitting/Connector Type,Tee,,Pipe Size,1/2,in,Connection Type,MNPT,,,,,,,,,,,,,,,,,,,,,,,,,,,,,,,,,,,,,,,,,,,,,,,,,,,,,,,,,,,,,,,,,,,,,,,,,,,,,,,,,,,,,,,,,,,,,,,,,,,,,,,,,,,,,,,,,,,,,,,,,,,,,,,,,,,,,,,,,,,,,,,,,,40172600,,,,,,,,,,,,,,,,,,,,,,,,,,,,,,,,,,,,,,,,,,,
,,,,,,,,,,,PDSH4816AF-108,PDSH4816AF Dishwasher SS - Display Only Item #108,,,,Appliance Dealers Cooperative (APPDE),Appliance Dealers Cooperative,FRIGIDAIRE®,,PDSH4816AF-108,,unclassified / needs manual mapping,FRIGIDAIRE® PDSH4816AF-108 Product,FRIGIDAIRE PDSH4816AF-108 PRODUCT,FRIGIDAIRE® PDSH4816AF-108 Product,FRIGIDAIRE® PDSH4816AF-108 Product,,,,,,,,,,,,,,,,,,,,,,,,,,,,,,,,,,,,,,,,,,,,,,,,,,,,,,,,,,,,,,,,,,,,,,,,,,,,,,,,,,,,,,,,,,,,,,,,,,,,,,,,,,,,,,,,,,,,,,,,,,,,,,,,,,,,,,,,,,,,,,,,,,,,,,,,,,,,,,,,,,,,,,,,,,,,,,,,,,,,,,,,,,,,,,,,,,,,,,,,,,,,,,,,,,,,,,,,,,,,,,,,,
,,,,,,,,,,,WDTS7024RZ-109,WDTS7024RZ Dishwasher SS - Display Only Item #109,,,,Appliance Dealers Cooperative (APPDE),Appliance Dealers Cooperative,FRIGIDAIRE®,,WDTS7024RZ-109,,unclassified / needs manual mapping,FRIGIDAIRE® WDTS7024RZ-109 Product,FRIGIDAIRE WDTS7024RZ-109 PRODUCT,FRIGIDAIRE® WDTS7024RZ-109 Product,FRIGIDAIRE® WDTS7024RZ-109 Product,,,,,,,,,,,,,,,,,,,,,,,,,,,,,,,,,,,,,,,,,,,,,,,,,,,,,,,,,,,,,,,,,,,,,,,,,,,,,,,,,,,,,,,,,,,,,,,,,,,,,,,,,,,,,,,,,,,,,,,,,,,,,,,,,,,,,,,,,,,,,,,,,,,,,,,,,,,,,,,,,,,,,,,,,,,,,,,,,,,,,,,,,,,,,,,,,,,,,,,,,,,,,,,,,,,,,,,,,,,,,,,,,
,,,,,,,,,,,DCB205C-110,Dewalt 20V Max 5.0Ah Starter Kit Item #110,,,,Black & Decker (2585),Black & Decker,DEWALT®,,DCB205C-110,,unclassified / needs manual mapping,DEWALT® DCB205C-110 Product,DEWALT DCB205C-110 PRODUCT,DEWALT® DCB205C-110 Product,DEWALT® DCB205C-110 Product,,,,,,,,,,,,,,,,,,,,,,,,,,,,,,,,,,,,,,,,,,,,,,,,,,,,,,,,,,,,,,,,,,,,,,,,,,,,,,,,,,,,,,,,,,,,,,,,,,,,,,,,,,,,,,,,,,,,,,,,,,,,,,,,,,,,,,,,,,,,,,,,,,,,,,,,,,,,,,,,,,,,,,,,,,,,,,,,,,,,,,,,,,,,,,,,,,,,,,,,,,,,,,,,,,,,,,,,,,,,,,,,,
,,,,,,,,,,,DCB518ASTS06G-111,"DCB518ASTS06G Diablo 1/2""x18"" - Sanding Belt 6pc Item #111",,,,Freud Inc (2435),Freud Inc,DIABLO®,,DCB518ASTS06G-111,,unclassified / needs manual mapping,DIABLO® DCB518ASTS06G-111 Product,DIABLO DCB518ASTS06G-111 PRODUCT,DIABLO® DCB518ASTS06G-111 Product,DIABLO® DCB518ASTS06G-111 Product,,,,,,,,,,,,,,,,,,,,,,,,,,,,,,,,,,,,,,,,,,,,,,,,,,,,,,,,,,,,,,,,,,,,,,,,,,,,,,,,,,,,,,,,,,,,,,,,,,,,,,,,,,,,,,,,,,,,,,,,,,,,,,,,,,,,,,,,,,,,,,,,,,,,,,,,,,,,,,,,,,,,,,,,,,,,,,,,,,,,,,,,,,,,,,,,,,,,,,,,,,,,,,,,,,,,,,,,,,,,,,,,,
,,,,,,,,,,,6702-000-112,Moen 6702-000 Genta Single Handle Bathroom Sink Faucet Chrome 1.2 gpm 4in Item #112,,,,Moen Incorporated (MOEN),Moen Incorporated,MOEN®,,6702-000-112,,Plumbing>Faucets>Bathroom Sink Faucets,"MOEN® 6702-000-112 Bathroom Sink Faucets, 2, 1.2 gpm, Chrome",MOEN 6702-000-112 BATHROOM SINK FAUCETS,"MOEN® 6702-000-112 Bathroom Sink Faucets, 2, 1.2 gpm, Chrome","MOEN® 6702-000-112 Bathroom Sink Faucets, 2, 1.2 gpm, Chrome",,,,,,,,,,,,,,,,,,,,,,,,,,,,,Number of Faucet Handles,2,,Flow Rate,1.2,gpm,Finish/Color,Chrome,,,,,,,,,,,,,,,,,,,,,,,,,,,,,,,,,,,,,,,,,,,,,,,,,,,,,,,,,,,,,,,,,,,,,,,,,,,,,,,,,,,,,,,,,,,,,,,,,,,,,,,,,,,,,,,,,,,,,,,,,,,,,,,,,,,,,,,,,,,,,,,,,,30181702,,,,,,,,,,,,,,,,,,,,,,,,,,,,,,,,,,,,,,,,,,,
,,,,,,,,,,,559HA-DST-113,Delta 559HA-DST Trinsic Single Handle Bathroom Sink Faucet Matte Black 1.2 gpm Item #113,,,,Delta Faucet Company (DELTA),Delta Faucet Company,DELTA®,,559HA-DST-113,,Plumbing>Faucets>Bathroom Sink Faucets,"DELTA® 559HA-DST-113 Bathroom Sink Faucets, 2, 1.2 gpm, Matte Black",DELTA 559HA-DST-113 BATHROOM SINK FAUCET,"DELTA® 559HA-DST-113 Bathroom Sink Faucets, 2, 1.2 gpm, Matte Black","DELTA® 559HA-DST-113 Bathroom Sink Faucets, 2, 1.2 gpm, Matte Black",,,,,,,,,,,,,,,,,,,,,,,,,,,,,Number of Faucet Handles,2,,Flow Rate,1.2,gpm,Finish/Color,Matte Black,,,,,,,,,,,,,,,,,,,,,,,,,,,,,,,,,,,,,,,,,,,,,,,,,,,,,,,,,,,,,,,,,,,,,,,,,,,,,,,,,,,,,,,,,,,,,,,,,,,,,,,,,,,,,,,,,,,,,,,,,,,,,,,,,,,,,,,,,,,,,,,,,,30181702,,,,,,,,,,,,,,,,,,,,,,,,,,,,,,,,,,,,,,,,,,,
,,,,,,,,,,,K-596-VS-114,Kohler K-596-VS Simplice Pull-Down Kitchen Faucet Vibrant Stainless 1.5 gpm Item #114,,,,Kohler Co. (KOHLER),Kohler Co.,KOHLER®,,K-596-VS-114,,Plumbing>Faucets>Utility Faucets,KOHLER® K-596-VS-114 Utility Faucets,KOHLER K-596-VS-114 UTILITY FAUCETS,KOHLER® K-596-VS-114 Utility Faucets,KOHLER® K-596-VS-114 Utility Faucets,,,,,,,,,,,,,,,,,,,,,,,,,,,,,,,,,,,,,,,,,,,,,,,,,,,,,,,,,,,,,,,,,,,,,,,,,,,,,,,,,,,,,,,,,,,,,,,,,,,,,,,,,,,,,,,,,,,,,,,,,,,,,,,,,,,,,,,,,,,,,,,,,,,,,,,,,,,,,,,,,,,,,,,,,,,,,,,,,,,,,,30181706,,,,,,,,,,,,,,,,,,,,,,,,,,,,,,,,,,,,,,,,,,,
,,,,,,,,,,,607-1/2-115,Nibco 607 1/2 1/2 in Copper Wrot Pressure 90 Deg Elbow Item #115,,,,Nibco Inc (NIBCO),Nibco Inc,NIBCO®,,607-1/2-115,,"Plumbing>Pipe, Tube & Hose Fittings>Pipe Fittings","NIBCO® 607-1/2-115 Pipe Fittings, Elbow, 1/2 in, Press, Copper",NIBCO 607-1/2-115 PIPE FITTINGS,"NIBCO® 607-1/2-115 Pipe Fittings, Elbow, 1/2 in, Press, Copper","NIBCO® 607-1/2-115 Pipe Fittings, Elbow, 1/2 in, Press, Copper",,,,,,,,,,,,,,,,,,,,,,,,,,,,,Fitting Fitting/Connector Type,Elbow,,Pipe Size,1/2,in,Connection Type,Press,,Fitting Material,Copper,,,,,,,,,,,,,,,,,,,,,,,,,,,,,,,,,,,,,,,,,,,,,,,,,,,,,,,,,,,,,,,,,,,,,,,,,,,,,,,,,,,,,,,,,,,,,,,,,,,,,,,,,,,,,,,,,,,,,,,,,,,,,,,,,,,,,,,,,,,,,,,40172600,,,,,,,,,,,,,,,,,,,,,,,,,,,,,,,,,,,,,,,,,,,
,,,,,,,,,,,U008LF-116,SharkBite U008LF 1/2 in Push-to-Connect Brass Coupling Item #116,,,,SharkBite Plumbing Solutions (SHARK),SharkBite Plumbing Solutions,SHARKBITE®,,U008LF-116,,"Plumbing>Pipe, Tube & Hose Fittings>Pipe Fittings","SHARKBITE® U008LF-116 Pipe Fittings, Coupling, 1/2 in, Push-to-Connect, Brass",SHARKBITE U008LF-116 PIPE FITTINGS,"SHARKBITE® U008LF-116 Pipe Fittings, Coupling, 1/2 in, Push-to-Connect, Brass","SHARKBITE® U008LF-116 Pipe Fittings, Coupling, 1/2 in, Push-to-Connect, Brass",,,,,,,,,,,,,,,,,,,,,,,,,,,,,Fitting Fitting/Connector Type,Coupling,,Pipe Size,1/2,in,Connection Type,Push-to-Connect,,Fitting Material,Brass,,,,,,,,,,,,,,,,,,,,,,,,,,,,,,,,,,,,,,,,,,,,,,,,,,,,,,,,,,,,,,,,,,,,,,,,,,,,,,,,,,,,,,,,,,,,,,,,,,,,,,,,,,,,,,,,,,,,,,,,,,,,,,,,,,,,,,,,,,,,,,,40172600,,,,,,,,,,,,,,,,,,,,,,,,,,,,,,,,,,,,,,,,,,,
,,,,,,,,,,,NIP-050-CLOSE-117,Charlotte Pipe 1/2 in x Close Black Steel Nipple MNPT Item #117,,,,Charlotte Pipe and Foundry (CHARL),Charlotte Pipe and Foundry,CHARLOTTE PIPE®,,NIP-050-CLOSE-117,,"Plumbing>Pipe, Tube & Hose Fittings>Pipe Fittings","CHARLOTTE PIPE® NIP-050-CLOSE-117 Pipe Fittings, Tee, 1/2 in, MNPT",CHARLOTTE PIPE NIP-050-CLOSE-117 PIPE FI,"CHARLOTTE PIPE® NIP-050-CLOSE-117 Pipe Fittings, Tee, 1/2 in, MNPT","CHARLOTTE PIPE® NIP-050-CLOSE-117 Pipe Fittings, Tee, 1/2 in, MNPT",,,,,,,,,,,,,,,,,,,,,,,,,,,,,Fitting Fitting/Connector Type,Tee,,Pipe Size,1/2,in,Connection Type,MNPT,,,,,,,,,,,,,,,,,,,,,,,,,,,,,,,,,,,,,,,,,,,,,,,,,,,,,,,,,,,,,,,,,,,,,,,,,,,,,,,,,,,,,,,,,,,,,,,,,,,,,,,,,,,,,,,,,,,,,,,,,,,,,,,,,,,,,,,,,,,,,,,,,,40172600,,,,,,,,,,,,,,,,,,,,,,,,,,,,,,,,,,,,,,,,,,,
,,,,,,,,,,,PDSH4816AF-118,PDSH4816AF Dishwasher SS - Display Only Item #118,,,,Appliance Dealers Cooperative (APPDE),Appliance Dealers Cooperative,FRIGIDAIRE®,,PDSH4816AF-118,,unclassified / needs manual mapping,FRIGIDAIRE® PDSH4816AF-118 Product,FRIGIDAIRE PDSH4816AF-118 PRODUCT,FRIGIDAIRE® PDSH4816AF-118 Product,FRIGIDAIRE® PDSH4816AF-118 Product,,,,,,,,,,,,,,,,,,,,,,,,,,,,,,,,,,,,,,,,,,,,,,,,,,,,,,,,,,,,,,,,,,,,,,,,,,,,,,,,,,,,,,,,,,,,,,,,,,,,,,,,,,,,,,,,,,,,,,,,,,,,,,,,,,,,,,,,,,,,,,,,,,,,,,,,,,,,,,,,,,,,,,,,,,,,,,,,,,,,,,,,,,,,,,,,,,,,,,,,,,,,,,,,,,,,,,,,,,,,,,,,,
,,,,,,,,,,,WDTS7024RZ-119,WDTS7024RZ Dishwasher SS - Display Only Item #119,,,,Appliance Dealers Cooperative (APPDE),Appliance Dealers Cooperative,FRIGIDAIRE®,,WDTS7024RZ-119,,unclassified / needs manual mapping,FRIGIDAIRE® WDTS7024RZ-119 Product,FRIGIDAIRE WDTS7024RZ-119 PRODUCT,FRIGIDAIRE® WDTS7024RZ-119 Product,FRIGIDAIRE® WDTS7024RZ-119 Product,,,,,,,,,,,,,,,,,,,,,,,,,,,,,,,,,,,,,,,,,,,,,,,,,,,,,,,,,,,,,,,,,,,,,,,,,,,,,,,,,,,,,,,,,,,,,,,,,,,,,,,,,,,,,,,,,,,,,,,,,,,,,,,,,,,,,,,,,,,,,,,,,,,,,,,,,,,,,,,,,,,,,,,,,,,,,,,,,,,,,,,,,,,,,,,,,,,,,,,,,,,,,,,,,,,,,,,,,,,,,,,,,
,,,,,,,,,,,DCB205C-120,Dewalt 20V Max 5.0Ah Starter Kit Item #120,,,,Black & Decker (2585),Black & Decker,DEWALT®,,DCB205C-120,,unclassified / needs manual mapping,DEWALT® DCB205C-120 Product,DEWALT DCB205C-120 PRODUCT,DEWALT® DCB205C-120 Product,DEWALT® DCB205C-120 Product,,,,,,,,,,,,,,,,,,,,,,,,,,,,,,,,,,,,,,,,,,,,,,,,,,,,,,,,,,,,,,,,,,,,,,,,,,,,,,,,,,,,,,,,,,,,,,,,,,,,,,,,,,,,,,,,,,,,,,,,,,,,,,,,,,,,,,,,,,,,,,,,,,,,,,,,,,,,,,,,,,,,,,,,,,,,,,,,,,,,,,,,,,,,,,,,,,,,,,,,,,,,,,,,,,,,,,,,,,,,,,,,,
,,,,,,,,,,,DCB518ASTS06G-121,"DCB518ASTS06G Diablo 1/2""x18"" - Sanding Belt 6pc Item #121",,,,Freud Inc (2435),Freud Inc,DIABLO®,,DCB518ASTS06G-121,,unclassified / needs manual mapping,DIABLO® DCB518ASTS06G-121 Product,DIABLO DCB518ASTS06G-121 PRODUCT,DIABLO® DCB518ASTS06G-121 Product,DIABLO® DCB518ASTS06G-121 Product,,,,,,,,,,,,,,,,,,,,,,,,,,,,,,,,,,,,,,,,,,,,,,,,,,,,,,,,,,,,,,,,,,,,,,,,,,,,,,,,,,,,,,,,,,,,,,,,,,,,,,,,,,,,,,,,,,,,,,,,,,,,,,,,,,,,,,,,,,,,,,,,,,,,,,,,,,,,,,,,,,,,,,,,,,,,,,,,,,,,,,,,,,,,,,,,,,,,,,,,,,,,,,,,,,,,,,,,,,,,,,,,,
,,,,,,,,,,,6702-000-122,Moen 6702-000 Genta Single Handle Bathroom Sink Faucet Chrome 1.2 gpm 4in Item #122,,,,Moen Incorporated (MOEN),Moen Incorporated,MOEN®,,6702-000-122,,Plumbing>Faucets>Bathroom Sink Faucets,"MOEN® 6702-000-122 Bathroom Sink Faucets, 2, 1.2 gpm, Chrome",MOEN 6702-000-122 BATHROOM SINK FAUCETS,"MOEN® 6702-000-122 Bathroom Sink Faucets, 2, 1.2 gpm, Chrome","MOEN® 6702-000-122 Bathroom Sink Faucets, 2, 1.2 gpm, Chrome",,,,,,,,,,,,,,,,,,,,,,,,,,,,,Number of Faucet Handles,2,,Flow Rate,1.2,gpm,Finish/Color,Chrome,,,,,,,,,,,,,,,,,,,,,,,,,,,,,,,,,,,,,,,,,,,,,,,,,,,,,,,,,,,,,,,,,,,,,,,,,,,,,,,,,,,,,,,,,,,,,,,,,,,,,,,,,,,,,,,,,,,,,,,,,,,,,,,,,,,,,,,,,,,,,,,,,,30181702,,,,,,,,,,,,,,,,,,,,,,,,,,,,,,,,,,,,,,,,,,,
,,,,,,,,,,,559HA-DST-123,Delta 559HA-DST Trinsic Single Handle Bathroom Sink Faucet Matte Black 1.2 gpm Item #123,,,,Delta Faucet Company (DELTA),Delta Faucet Company,DELTA®,,559HA-DST-123,,Plumbing>Faucets>Bathroom Sink Faucets,"DELTA® 559HA-DST-123 Bathroom Sink Faucets, 2, 1.2 gpm, Matte Black",DELTA 559HA-DST-123 BATHROOM SINK FAUCET,"DELTA® 559HA-DST-123 Bathroom Sink Faucets, 2, 1.2 gpm, Matte Black","DELTA® 559HA-DST-123 Bathroom Sink Faucets, 2, 1.2 gpm, Matte Black",,,,,,,,,,,,,,,,,,,,,,,,,,,,,Number of Faucet Handles,2,,Flow Rate,1.2,gpm,Finish/Color,Matte Black,,,,,,,,,,,,,,,,,,,,,,,,,,,,,,,,,,,,,,,,,,,,,,,,,,,,,,,,,,,,,,,,,,,,,,,,,,,,,,,,,,,,,,,,,,,,,,,,,,,,,,,,,,,,,,,,,,,,,,,,,,,,,,,,,,,,,,,,,,,,,,,,,,30181702,,,,,,,,,,,,,,,,,,,,,,,,,,,,,,,,,,,,,,,,,,,
,,,,,,,,,,,K-596-VS-124,Kohler K-596-VS Simplice Pull-Down Kitchen Faucet Vibrant Stainless 1.5 gpm Item #124,,,,Kohler Co. (KOHLER),Kohler Co.,KOHLER®,,K-596-VS-124,,Plumbing>Faucets>Utility Faucets,KOHLER® K-596-VS-124 Utility Faucets,KOHLER K-596-VS-124 UTILITY FAUCETS,KOHLER® K-596-VS-124 Utility Faucets,KOHLER® K-596-VS-124 Utility Faucets,,,,,,,,,,,,,,,,,,,,,,,,,,,,,,,,,,,,,,,,,,,,,,,,,,,,,,,,,,,,,,,,,,,,,,,,,,,,,,,,,,,,,,,,,,,,,,,,,,,,,,,,,,,,,,,,,,,,,,,,,,,,,,,,,,,,,,,,,,,,,,,,,,,,,,,,,,,,,,,,,,,,,,,,,,,,,,,,,,,,,,30181706,,,,,,,,,,,,,,,,,,,,,,,,,,,,,,,,,,,,,,,,,,,
,,,,,,,,,,,607-1/2-125,Nibco 607 1/2 1/2 in Copper Wrot Pressure 90 Deg Elbow Item #125,,,,Nibco Inc (NIBCO),Nibco Inc,NIBCO®,,607-1/2-125,,"Plumbing>Pipe, Tube & Hose Fittings>Pipe Fittings","NIBCO® 607-1/2-125 Pipe Fittings, Elbow, 1/2 in, Press, Copper",NIBCO 607-1/2-125 PIPE FITTINGS,"NIBCO® 607-1/2-125 Pipe Fittings, Elbow, 1/2 in, Press, Copper","NIBCO® 607-1/2-125 Pipe Fittings, Elbow, 1/2 in, Press, Copper",,,,,,,,,,,,,,,,,,,,,,,,,,,,,Fitting Fitting/Connector Type,Elbow,,Pipe Size,1/2,in,Connection Type,Press,,Fitting Material,Copper,,,,,,,,,,,,,,,,,,,,,,,,,,,,,,,,,,,,,,,,,,,,,,,,,,,,,,,,,,,,,,,,,,,,,,,,,,,,,,,,,,,,,,,,,,,,,,,,,,,,,,,,,,,,,,,,,,,,,,,,,,,,,,,,,,,,,,,,,,,,,,,40172600,,,,,,,,,,,,,,,,,,,,,,,,,,,,,,,,,,,,,,,,,,,
,,,,,,,,,,,U008LF-126,SharkBite U008LF 1/2 in Push-to-Connect Brass Coupling Item #126,,,,SharkBite Plumbing Solutions (SHARK),SharkBite Plumbing Solutions,SHARKBITE®,,U008LF-126,,"Plumbing>Pipe, Tube & Hose Fittings>Pipe Fittings","SHARKBITE® U008LF-126 Pipe Fittings, Coupling, 1/2 in, Push-to-Connect, Brass",SHARKBITE U008LF-126 PIPE FITTINGS,"SHARKBITE® U008LF-126 Pipe Fittings, Coupling, 1/2 in, Push-to-Connect, Brass","SHARKBITE® U008LF-126 Pipe Fittings, Coupling, 1/2 in, Push-to-Connect, Brass",,,,,,,,,,,,,,,,,,,,,,,,,,,,,Fitting Fitting/Connector Type,Coupling,,Pipe Size,1/2,in,Connection Type,Push-to-Connect,,Fitting Material,Brass,,,,,,,,,,,,,,,,,,,,,,,,,,,,,,,,,,,,,,,,,,,,,,,,,,,,,,,,,,,,,,,,,,,,,,,,,,,,,,,,,,,,,,,,,,,,,,,,,,,,,,,,,,,,,,,,,,,,,,,,,,,,,,,,,,,,,,,,,,,,,,,40172600,,,,,,,,,,,,,,,,,,,,,,,,,,,,,,,,,,,,,,,,,,,
,,,,,,,,,,,NIP-050-CLOSE-127,Charlotte Pipe 1/2 in x Close Black Steel Nipple MNPT Item #127,,,,Charlotte Pipe and Foundry (CHARL),Charlotte Pipe and Foundry,CHARLOTTE PIPE®,,NIP-050-CLOSE-127,,"Plumbing>Pipe, Tube & Hose Fittings>Pipe Fittings","CHARLOTTE PIPE® NIP-050-CLOSE-127 Pipe Fittings, Tee, 1/2 in, MNPT",CHARLOTTE PIPE NIP-050-CLOSE-127 PIPE FI,"CHARLOTTE PIPE® NIP-050-CLOSE-127 Pipe Fittings, Tee, 1/2 in, MNPT","CHARLOTTE PIPE® NIP-050-CLOSE-127 Pipe Fittings, Tee, 1/2 in, MNPT",,,,,,,,,,,,,,,,,,,,,,,,,,,,,Fitting Fitting/Connector Type,Tee,,Pipe Size,1/2,in,Connection Type,MNPT,,,,,,,,,,,,,,,,,,,,,,,,,,,,,,,,,,,,,,,,,,,,,,,,,,,,,,,,,,,,,,,,,,,,,,,,,,,,,,,,,,,,,,,,,,,,,,,,,,,,,,,,,,,,,,,,,,,,,,,,,,,,,,,,,,,,,,,,,,,,,,,,,,40172600,,,,,,,,,,,,,,,,,,,,,,,,,,,,,,,,,,,,,,,,,,,
,,,,,,,,,,,PDSH4816AF-128,PDSH4816AF Dishwasher SS - Display Only Item #128,,,,Appliance Dealers Cooperative (APPDE),Appliance Dealers Cooperative,FRIGIDAIRE®,,PDSH4816AF-128,,unclassified / needs manual mapping,FRIGIDAIRE® PDSH4816AF-128 Product,FRIGIDAIRE PDSH4816AF-128 PRODUCT,FRIGIDAIRE® PDSH4816AF-128 Product,FRIGIDAIRE® PDSH4816AF-128 Product,,,,,,,,,,,,,,,,,,,,,,,,,,,,,,,,,,,,,,,,,,,,,,,,,,,,,,,,,,,,,,,,,,,,,,,,,,,,,,,,,,,,,,,,,,,,,,,,,,,,,,,,,,,,,,,,,,,,,,,,,,,,,,,,,,,,,,,,,,,,,,,,,,,,,,,,,,,,,,,,,,,,,,,,,,,,,,,,,,,,,,,,,,,,,,,,,,,,,,,,,,,,,,,,,,,,,,,,,,,,,,,,,
,,,,,,,,,,,WDTS7024RZ-129,WDTS7024RZ Dishwasher SS - Display Only Item #129,,,,Appliance Dealers Cooperative (APPDE),Appliance Dealers Cooperative,FRIGIDAIRE®,,WDTS7024RZ-129,,unclassified / needs manual mapping,FRIGIDAIRE® WDTS7024RZ-129 Product,FRIGIDAIRE WDTS7024RZ-129 PRODUCT,FRIGIDAIRE® WDTS7024RZ-129 Product,FRIGIDAIRE® WDTS7024RZ-129 Product,,,,,,,,,,,,,,,,,,,,,,,,,,,,,,,,,,,,,,,,,,,,,,,,,,,,,,,,,,,,,,,,,,,,,,,,,,,,,,,,,,,,,,,,,,,,,,,,,,,,,,,,,,,,,,,,,,,,,,,,,,,,,,,,,,,,,,,,,,,,,,,,,,,,,,,,,,,,,,,,,,,,,,,,,,,,,,,,,,,,,,,,,,,,,,,,,,,,,,,,,,,,,,,,,,,,,,,,,,,,,,,,,
,,,,,,,,,,,DCB205C-130,Dewalt 20V Max 5.0Ah Starter Kit Item #130,,,,Black & Decker (2585),Black & Decker,DEWALT®,,DCB205C-130,,unclassified / needs manual mapping,DEWALT® DCB205C-130 Product,DEWALT DCB205C-130 PRODUCT,DEWALT® DCB205C-130 Product,DEWALT® DCB205C-130 Product,,,,,,,,,,,,,,,,,,,,,,,,,,,,,,,,,,,,,,,,,,,,,,,,,,,,,,,,,,,,,,,,,,,,,,,,,,,,,,,,,,,,,,,,,,,,,,,,,,,,,,,,,,,,,,,,,,,,,,,,,,,,,,,,,,,,,,,,,,,,,,,,,,,,,,,,,,,,,,,,,,,,,,,,,,,,,,,,,,,,,,,,,,,,,,,,,,,,,,,,,,,,,,,,,,,,,,,,,,,,,,,,,
,,,,,,,,,,,DCB518ASTS06G-131,"DCB518ASTS06G Diablo 1/2""x18"" - Sanding Belt 6pc Item #131",,,,Freud Inc (2435),Freud Inc,DIABLO®,,DCB518ASTS06G-131,,unclassified / needs manual mapping,DIABLO® DCB518ASTS06G-131 Product,DIABLO DCB518ASTS06G-131 PRODUCT,DIABLO® DCB518ASTS06G-131 Product,DIABLO® DCB518ASTS06G-131 Product,,,,,,,,,,,,,,,,,,,,,,,,,,,,,,,,,,,,,,,,,,,,,,,,,,,,,,,,,,,,,,,,,,,,,,,,,,,,,,,,,,,,,,,,,,,,,,,,,,,,,,,,,,,,,,,,,,,,,,,,,,,,,,,,,,,,,,,,,,,,,,,,,,,,,,,,,,,,,,,,,,,,,,,,,,,,,,,,,,,,,,,,,,,,,,,,,,,,,,,,,,,,,,,,,,,,,,,,,,,,,,,,,
,,,,,,,,,,,6702-000-132,Moen 6702-000 Genta Single Handle Bathroom Sink Faucet Chrome 1.2 gpm 4in Item #132,,,,Moen Incorporated (MOEN),Moen Incorporated,MOEN®,,6702-000-132,,Plumbing>Faucets>Bathroom Sink Faucets,"MOEN® 6702-000-132 Bathroom Sink Faucets, 2, 1.2 gpm, Chrome",MOEN 6702-000-132 BATHROOM SINK FAUCETS,"MOEN® 6702-000-132 Bathroom Sink Faucets, 2, 1.2 gpm, Chrome","MOEN® 6702-000-132 Bathroom Sink Faucets, 2, 1.2 gpm, Chrome",,,,,,,,,,,,,,,,,,,,,,,,,,,,,Number of Faucet Handles,2,,Flow Rate,1.2,gpm,Finish/Color,Chrome,,,,,,,,,,,,,,,,,,,,,,,,,,,,,,,,,,,,,,,,,,,,,,,,,,,,,,,,,,,,,,,,,,,,,,,,,,,,,,,,,,,,,,,,,,,,,,,,,,,,,,,,,,,,,,,,,,,,,,,,,,,,,,,,,,,,,,,,,,,,,,,,,,30181702,,,,,,,,,,,,,,,,,,,,,,,,,,,,,,,,,,,,,,,,,,,
,,,,,,,,,,,559HA-DST-133,Delta 559HA-DST Trinsic Single Handle Bathroom Sink Faucet Matte Black 1.2 gpm Item #133,,,,Delta Faucet Company (DELTA),Delta Faucet Company,DELTA®,,559HA-DST-133,,Plumbing>Faucets>Bathroom Sink Faucets,"DELTA® 559HA-DST-133 Bathroom Sink Faucets, 2, 1.2 gpm, Matte Black",DELTA 559HA-DST-133 BATHROOM SINK FAUCET,"DELTA® 559HA-DST-133 Bathroom Sink Faucets, 2, 1.2 gpm, Matte Black","DELTA® 559HA-DST-133 Bathroom Sink Faucets, 2, 1.2 gpm, Matte Black",,,,,,,,,,,,,,,,,,,,,,,,,,,,,Number of Faucet Handles,2,,Flow Rate,1.2,gpm,Finish/Color,Matte Black,,,,,,,,,,,,,,,,,,,,,,,,,,,,,,,,,,,,,,,,,,,,,,,,,,,,,,,,,,,,,,,,,,,,,,,,,,,,,,,,,,,,,,,,,,,,,,,,,,,,,,,,,,,,,,,,,,,,,,,,,,,,,,,,,,,,,,,,,,,,,,,,,,30181702,,,,,,,,,,,,,,,,,,,,,,,,,,,,,,,,,,,,,,,,,,,
,,,,,,,,,,,K-596-VS-134,Kohler K-596-VS Simplice Pull-Down Kitchen Faucet Vibrant Stainless 1.5 gpm Item #134,,,,Kohler Co. (KOHLER),Kohler Co.,KOHLER®,,K-596-VS-134,,Plumbing>Faucets>Utility Faucets,KOHLER® K-596-VS-134 Utility Faucets,KOHLER K-596-VS-134 UTILITY FAUCETS,KOHLER® K-596-VS-134 Utility Faucets,KOHLER® K-596-VS-134 Utility Faucets,,,,,,,,,,,,,,,,,,,,,,,,,,,,,,,,,,,,,,,,,,,,,,,,,,,,,,,,,,,,,,,,,,,,,,,,,,,,,,,,,,,,,,,,,,,,,,,,,,,,,,,,,,,,,,,,,,,,,,,,,,,,,,,,,,,,,,,,,,,,,,,,,,,,,,,,,,,,,,,,,,,,,,,,,,,,,,,,,,,,,,30181706,,,,,,,,,,,,,,,,,,,,,,,,,,,,,,,,,,,,,,,,,,,
,,,,,,,,,,,607-1/2-135,Nibco 607 1/2 1/2 in Copper Wrot Pressure 90 Deg Elbow Item #135,,,,Nibco Inc (NIBCO),Nibco Inc,NIBCO®,,607-1/2-135,,"Plumbing>Pipe, Tube & Hose Fittings>Pipe Fittings","NIBCO® 607-1/2-135 Pipe Fittings, Elbow, 1/2 in, Press, Copper",NIBCO 607-1/2-135 PIPE FITTINGS,"NIBCO® 607-1/2-135 Pipe Fittings, Elbow, 1/2 in, Press, Copper","NIBCO® 607-1/2-135 Pipe Fittings, Elbow, 1/2 in, Press, Copper",,,,,,,,,,,,,,,,,,,,,,,,,,,,,Fitting Fitting/Connector Type,Elbow,,Pipe Size,1/2,in,Connection Type,Press,,Fitting Material,Copper,,,,,,,,,,,,,,,,,,,,,,,,,,,,,,,,,,,,,,,,,,,,,,,,,,,,,,,,,,,,,,,,,,,,,,,,,,,,,,,,,,,,,,,,,,,,,,,,,,,,,,,,,,,,,,,,,,,,,,,,,,,,,,,,,,,,,,,,,,,,,,,40172600,,,,,,,,,,,,,,,,,,,,,,,,,,,,,,,,,,,,,,,,,,,
,,,,,,,,,,,U008LF-136,SharkBite U008LF 1/2 in Push-to-Connect Brass Coupling Item #136,,,,SharkBite Plumbing Solutions (SHARK),SharkBite Plumbing Solutions,SHARKBITE®,,U008LF-136,,"Plumbing>Pipe, Tube & Hose Fittings>Pipe Fittings","SHARKBITE® U008LF-136 Pipe Fittings, Coupling, 1/2 in, Push-to-Connect, Brass",SHARKBITE U008LF-136 PIPE FITTINGS,"SHARKBITE® U008LF-136 Pipe Fittings, Coupling, 1/2 in, Push-to-Connect, Brass","SHARKBITE® U008LF-136 Pipe Fittings, Coupling, 1/2 in, Push-to-Connect, Brass",,,,,,,,,,,,,,,,,,,,,,,,,,,,,Fitting Fitting/Connector Type,Coupling,,Pipe Size,1/2,in,Connection Type,Push-to-Connect,,Fitting Material,Brass,,,,,,,,,,,,,,,,,,,,,,,,,,,,,,,,,,,,,,,,,,,,,,,,,,,,,,,,,,,,,,,,,,,,,,,,,,,,,,,,,,,,,,,,,,,,,,,,,,,,,,,,,,,,,,,,,,,,,,,,,,,,,,,,,,,,,,,,,,,,,,,40172600,,,,,,,,,,,,,,,,,,,,,,,,,,,,,,,,,,,,,,,,,,,
,,,,,,,,,,,NIP-050-CLOSE-137,Charlotte Pipe 1/2 in x Close Black Steel Nipple MNPT Item #137,,,,Charlotte Pipe and Foundry (CHARL),Charlotte Pipe and Foundry,CHARLOTTE PIPE®,,NIP-050-CLOSE-137,,"Plumbing>Pipe, Tube & Hose Fittings>Pipe Fittings","CHARLOTTE PIPE® NIP-050-CLOSE-137 Pipe Fittings, Tee, 1/2 in, MNPT",CHARLOTTE PIPE NIP-050-CLOSE-137 PIPE FI,"CHARLOTTE PIPE® NIP-050-CLOSE-137 Pipe Fittings, Tee, 1/2 in, MNPT","CHARLOTTE PIPE® NIP-050-CLOSE-137 Pipe Fittings, Tee, 1/2 in, MNPT",,,,,,,,,,,,,,,,,,,,,,,,,,,,,Fitting Fitting/Connector Type,Tee,,Pipe Size,1/2,in,Connection Type,MNPT,,,,,,,,,,,,,,,,,,,,,,,,,,,,,,,,,,,,,,,,,,,,,,,,,,,,,,,,,,,,,,,,,,,,,,,,,,,,,,,,,,,,,,,,,,,,,,,,,,,,,,,,,,,,,,,,,,,,,,,,,,,,,,,,,,,,,,,,,,,,,,,,,,40172600,,,,,,,,,,,,,,,,,,,,,,,,,,,,,,,,,,,,,,,,,,,
,,,,,,,,,,,PDSH4816AF-138,PDSH4816AF Dishwasher SS - Display Only Item #138,,,,Appliance Dealers Cooperative (APPDE),Appliance Dealers Cooperative,FRIGIDAIRE®,,PDSH4816AF-138,,unclassified / needs manual mapping,FRIGIDAIRE® PDSH4816AF-138 Product,FRIGIDAIRE PDSH4816AF-138 PRODUCT,FRIGIDAIRE® PDSH4816AF-138 Product,FRIGIDAIRE® PDSH4816AF-138 Product,,,,,,,,,,,,,,,,,,,,,,,,,,,,,,,,,,,,,,,,,,,,,,,,,,,,,,,,,,,,,,,,,,,,,,,,,,,,,,,,,,,,,,,,,,,,,,,,,,,,,,,,,,,,,,,,,,,,,,,,,,,,,,,,,,,,,,,,,,,,,,,,,,,,,,,,,,,,,,,,,,,,,,,,,,,,,,,,,,,,,,,,,,,,,,,,,,,,,,,,,,,,,,,,,,,,,,,,,,,,,,,,,
,,,,,,,,,,,WDTS7024RZ-139,WDTS7024RZ Dishwasher SS - Display Only Item #139,,,,Appliance Dealers Cooperative (APPDE),Appliance Dealers Cooperative,FRIGIDAIRE®,,WDTS7024RZ-139,,unclassified / needs manual mapping,FRIGIDAIRE® WDTS7024RZ-139 Product,FRIGIDAIRE WDTS7024RZ-139 PRODUCT,FRIGIDAIRE® WDTS7024RZ-139 Product,FRIGIDAIRE® WDTS7024RZ-139 Product,,,,,,,,,,,,,,,,,,,,,,,,,,,,,,,,,,,,,,,,,,,,,,,,,,,,,,,,,,,,,,,,,,,,,,,,,,,,,,,,,,,,,,,,,,,,,,,,,,,,,,,,,,,,,,,,,,,,,,,,,,,,,,,,,,,,,,,,,,,,,,,,,,,,,,,,,,,,,,,,,,,,,,,,,,,,,,,,,,,,,,,,,,,,,,,,,,,,,,,,,,,,,,,,,,,,,,,,,,,,,,,,,
,,,,,,,,,,,DCB205C-140,Dewalt 20V Max 5.0Ah Starter Kit Item #140,,,,Black & Decker (2585),Black & Decker,DEWALT®,,DCB205C-140,,unclassified / needs manual mapping,DEWALT® DCB205C-140 Product,DEWALT DCB205C-140 PRODUCT,DEWALT® DCB205C-140 Product,DEWALT® DCB205C-140 Product,,,,,,,,,,,,,,,,,,,,,,,,,,,,,,,,,,,,,,,,,,,,,,,,,,,,,,,,,,,,,,,,,,,,,,,,,,,,,,,,,,,,,,,,,,,,,,,,,,,,,,,,,,,,,,,,,,,,,,,,,,,,,,,,,,,,,,,,,,,,,,,,,,,,,,,,,,,,,,,,,,,,,,,,,,,,,,,,,,,,,,,,,,,,,,,,,,,,,,,,,,,,,,,,,,,,,,,,,,,,,,,,,
,,,,,,,,,,,DCB518ASTS06G-141,"DCB518ASTS06G Diablo 1/2""x18"" - Sanding Belt 6pc Item #141",,,,Freud Inc (2435),Freud Inc,DIABLO®,,DCB518ASTS06G-141,,unclassified / needs manual mapping,DIABLO® DCB518ASTS06G-141 Product,DIABLO DCB518ASTS06G-141 PRODUCT,DIABLO® DCB518ASTS06G-141 Product,DIABLO® DCB518ASTS06G-141 Product,,,,,,,,,,,,,,,,,,,,,,,,,,,,,,,,,,,,,,,,,,,,,,,,,,,,,,,,,,,,,,,,,,,,,,,,,,,,,,,,,,,,,,,,,,,,,,,,,,,,,,,,,,,,,,,,,,,,,,,,,,,,,,,,,,,,,,,,,,,,,,,,,,,,,,,,,,,,,,,,,,,,,,,,,,,,,,,,,,,,,,,,,,,,,,,,,,,,,,,,,,,,,,,,,,,,,,,,,,,,,,,,,
,,,,,,,,,,,6702-000-142,Moen 6702-000 Genta Single Handle Bathroom Sink Faucet Chrome 1.2 gpm 4in Item #142,,,,Moen Incorporated (MOEN),Moen Incorporated,MOEN®,,6702-000-142,,Plumbing>Faucets>Bathroom Sink Faucets,"MOEN® 6702-000-142 Bathroom Sink Faucets, 2, 1.2 gpm, Chrome",MOEN 6702-000-142 BATHROOM SINK FAUCETS,"MOEN® 6702-000-142 Bathroom Sink Faucets, 2, 1.2 gpm, Chrome","MOEN® 6702-000-142 Bathroom Sink Faucets, 2, 1.2 gpm, Chrome",,,,,,,,,,,,,,,,,,,,,,,,,,,,,Number of Faucet Handles,2,,Flow Rate,1.2,gpm,Finish/Color,Chrome,,,,,,,,,,,,,,,,,,,,,,,,,,,,,,,,,,,,,,,,,,,,,,,,,,,,,,,,,,,,,,,,,,,,,,,,,,,,,,,,,,,,,,,,,,,,,,,,,,,,,,,,,,,,,,,,,,,,,,,,,,,,,,,,,,,,,,,,,,,,,,,,,,30181702,,,,,,,,,,,,,,,,,,,,,,,,,,,,,,,,,,,,,,,,,,,
,,,,,,,,,,,559HA-DST-143,Delta 559HA-DST Trinsic Single Handle Bathroom Sink Faucet Matte Black 1.2 gpm Item #143,,,,Delta Faucet Company (DELTA),Delta Faucet Company,DELTA®,,559HA-DST-143,,Plumbing>Faucets>Bathroom Sink Faucets,"DELTA® 559HA-DST-143 Bathroom Sink Faucets, 2, 1.2 gpm, Matte Black",DELTA 559HA-DST-143 BATHROOM SINK FAUCET,"DELTA® 559HA-DST-143 Bathroom Sink Faucets, 2, 1.2 gpm, Matte Black","DELTA® 559HA-DST-143 Bathroom Sink Faucets, 2, 1.2 gpm, Matte Black",,,,,,,,,,,,,,,,,,,,,,,,,,,,,Number of Faucet Handles,2,,Flow Rate,1.2,gpm,Finish/Color,Matte Black,,,,,,,,,,,,,,,,,,,,,,,,,,,,,,,,,,,,,,,,,,,,,,,,,,,,,,,,,,,,,,,,,,,,,,,,,,,,,,,,,,,,,,,,,,,,,,,,,,,,,,,,,,,,,,,,,,,,,,,,,,,,,,,,,,,,,,,,,,,,,,,,,,30181702,,,,,,,,,,,,,,,,,,,,,,,,,,,,,,,,,,,,,,,,,,,
,,,,,,,,,,,K-596-VS-144,Kohler K-596-VS Simplice Pull-Down Kitchen Faucet Vibrant Stainless 1.5 gpm Item #144,,,,Kohler Co. (KOHLER),Kohler Co.,KOHLER®,,K-596-VS-144,,Plumbing>Faucets>Utility Faucets,KOHLER® K-596-VS-144 Utility Faucets,KOHLER K-596-VS-144 UTILITY FAUCETS,KOHLER® K-596-VS-144 Utility Faucets,KOHLER® K-596-VS-144 Utility Faucets,,,,,,,,,,,,,,,,,,,,,,,,,,,,,,,,,,,,,,,,,,,,,,,,,,,,,,,,,,,,,,,,,,,,,,,,,,,,,,,,,,,,,,,,,,,,,,,,,,,,,,,,,,,,,,,,,,,,,,,,,,,,,,,,,,,,,,,,,,,,,,,,,,,,,,,,,,,,,,,,,,,,,,,,,,,,,,,,,,,,,,30181706,,,,,,,,,,,,,,,,,,,,,,,,,,,,,,,,,,,,,,,,,,,
,,,,,,,,,,,607-1/2-145,Nibco 607 1/2 1/2 in Copper Wrot Pressure 90 Deg Elbow Item #145,,,,Nibco Inc (NIBCO),Nibco Inc,NIBCO®,,607-1/2-145,,"Plumbing>Pipe, Tube & Hose Fittings>Pipe Fittings","NIBCO® 607-1/2-145 Pipe Fittings, Elbow, 1/2 in, Press, Copper",NIBCO 607-1/2-145 PIPE FITTINGS,"NIBCO® 607-1/2-145 Pipe Fittings, Elbow, 1/2 in, Press, Copper","NIBCO® 607-1/2-145 Pipe Fittings, Elbow, 1/2 in, Press, Copper",,,,,,,,,,,,,,,,,,,,,,,,,,,,,Fitting Fitting/Connector Type,Elbow,,Pipe Size,1/2,in,Connection Type,Press,,Fitting Material,Copper,,,,,,,,,,,,,,,,,,,,,,,,,,,,,,,,,,,,,,,,,,,,,,,,,,,,,,,,,,,,,,,,,,,,,,,,,,,,,,,,,,,,,,,,,,,,,,,,,,,,,,,,,,,,,,,,,,,,,,,,,,,,,,,,,,,,,,,,,,,,,,,40172600,,,,,,,,,,,,,,,,,,,,,,,,,,,,,,,,,,,,,,,,,,,
,,,,,,,,,,,U008LF-146,SharkBite U008LF 1/2 in Push-to-Connect Brass Coupling Item #146,,,,SharkBite Plumbing Solutions (SHARK),SharkBite Plumbing Solutions,SHARKBITE®,,U008LF-146,,"Plumbing>Pipe, Tube & Hose Fittings>Pipe Fittings","SHARKBITE® U008LF-146 Pipe Fittings, Coupling, 1/2 in, Push-to-Connect, Brass",SHARKBITE U008LF-146 PIPE FITTINGS,"SHARKBITE® U008LF-146 Pipe Fittings, Coupling, 1/2 in, Push-to-Connect, Brass","SHARKBITE® U008LF-146 Pipe Fittings, Coupling, 1/2 in, Push-to-Connect, Brass",,,,,,,,,,,,,,,,,,,,,,,,,,,,,Fitting Fitting/Connector Type,Coupling,,Pipe Size,1/2,in,Connection Type,Push-to-Connect,,Fitting Material,Brass,,,,,,,,,,,,,,,,,,,,,,,,,,,,,,,,,,,,,,,,,,,,,,,,,,,,,,,,,,,,,,,,,,,,,,,,,,,,,,,,,,,,,,,,,,,,,,,,,,,,,,,,,,,,,,,,,,,,,,,,,,,,,,,,,,,,,,,,,,,,,,,40172600,,,,,,,,,,,,,,,,,,,,,,,,,,,,,,,,,,,,,,,,,,,
,,,,,,,,,,,NIP-050-CLOSE-147,Charlotte Pipe 1/2 in x Close Black Steel Nipple MNPT Item #147,,,,Charlotte Pipe and Foundry (CHARL),Charlotte Pipe and Foundry,CHARLOTTE PIPE®,,NIP-050-CLOSE-147,,"Plumbing>Pipe, Tube & Hose Fittings>Pipe Fittings","CHARLOTTE PIPE® NIP-050-CLOSE-147 Pipe Fittings, Tee, 1/2 in, MNPT",CHARLOTTE PIPE NIP-050-CLOSE-147 PIPE FI,"CHARLOTTE PIPE® NIP-050-CLOSE-147 Pipe Fittings, Tee, 1/2 in, MNPT","CHARLOTTE PIPE® NIP-050-CLOSE-147 Pipe Fittings, Tee, 1/2 in, MNPT",,,,,,,,,,,,,,,,,,,,,,,,,,,,,Fitting Fitting/Connector Type,Tee,,Pipe Size,1/2,in,Connection Type,MNPT,,,,,,,,,,,,,,,,,,,,,,,,,,,,,,,,,,,,,,,,,,,,,,,,,,,,,,,,,,,,,,,,,,,,,,,,,,,,,,,,,,,,,,,,,,,,,,,,,,,,,,,,,,,,,,,,,,,,,,,,,,,,,,,,,,,,,,,,,,,,,,,,,,40172600,,,,,,,,,,,,,,,,,,,,,,,,,,,,,,,,,,,,,,,,,,,
,,,,,,,,,,,PDSH4816AF-148,PDSH4816AF Dishwasher SS - Display Only Item #148,,,,Appliance Dealers Cooperative (APPDE),Appliance Dealers Cooperative,FRIGIDAIRE®,,PDSH4816AF-148,,unclassified / needs manual mapping,FRIGIDAIRE® PDSH4816AF-148 Product,FRIGIDAIRE PDSH4816AF-148 PRODUCT,FRIGIDAIRE® PDSH4816AF-148 Product,FRIGIDAIRE® PDSH4816AF-148 Product,,,,,,,,,,,,,,,,,,,,,,,,,,,,,,,,,,,,,,,,,,,,,,,,,,,,,,,,,,,,,,,,,,,,,,,,,,,,,,,,,,,,,,,,,,,,,,,,,,,,,,,,,,,,,,,,,,,,,,,,,,,,,,,,,,,,,,,,,,,,,,,,,,,,,,,,,,,,,,,,,,,,,,,,,,,,,,,,,,,,,,,,,,,,,,,,,,,,,,,,,,,,,,,,,,,,,,,,,,,,,,,,,
,,,,,,,,,,,WDTS7024RZ-149,WDTS7024RZ Dishwasher SS - Display Only Item #149,,,,Appliance Dealers Cooperative (APPDE),Appliance Dealers Cooperative,FRIGIDAIRE®,,WDTS7024RZ-149,,unclassified / needs manual mapping,FRIGIDAIRE® WDTS7024RZ-149 Product,FRIGIDAIRE WDTS7024RZ-149 PRODUCT,FRIGIDAIRE® WDTS7024RZ-149 Product,FRIGIDAIRE® WDTS7024RZ-149 Product,,,,,,,,,,,,,,,,,,,,,,,,,,,,,,,,,,,,,,,,,,,,,,,,,,,,,,,,,,,,,,,,,,,,,,,,,,,,,,,,,,,,,,,,,,,,,,,,,,,,,,,,,,,,,,,,,,,,,,,,,,,,,,,,,,,,,,,,,,,,,,,,,,,,,,,,,,,,,,,,,,,,,,,,,,,,,,,,,,,,,,,,,,,,,,,,,,,,,,,,,,,,,,,,,,,,,,,,,,,,,,,,,
,,,,,,,,,,,DCB205C-150,Dewalt 20V Max 5.0Ah Starter Kit Item #150,,,,Black & Decker (2585),Black & Decker,DEWALT®,,DCB205C-150,,unclassified / needs manual mapping,DEWALT® DCB205C-150 Product,DEWALT DCB205C-150 PRODUCT,DEWALT® DCB205C-150 Product,DEWALT® DCB205C-150 Product,,,,,,,,,,,,,,,,,,,,,,,,,,,,,,,,,,,,,,,,,,,,,,,,,,,,,,,,,,,,,,,,,,,,,,,,,,,,,,,,,,,,,,,,,,,,,,,,,,,,,,,,,,,,,,,,,,,,,,,,,,,,,,,,,,,,,,,,,,,,,,,,,,,,,,,,,,,,,,,,,,,,,,,,,,,,,,,,,,,,,,,,,,,,,,,,,,,,,,,,,,,,,,,,,,,,,,,,,,,,,,,,,
,,,,,,,,,,,DCB518ASTS06G-151,"DCB518ASTS06G Diablo 1/2""x18"" - Sanding Belt 6pc Item #151",,,,Freud Inc (2435),Freud Inc,DIABLO®,,DCB518ASTS06G-151,,unclassified / needs manual mapping,DIABLO® DCB518ASTS06G-151 Product,DIABLO DCB518ASTS06G-151 PRODUCT,DIABLO® DCB518ASTS06G-151 Product,DIABLO® DCB518ASTS06G-151 Product,,,,,,,,,,,,,,,,,,,,,,,,,,,,,,,,,,,,,,,,,,,,,,,,,,,,,,,,,,,,,,,,,,,,,,,,,,,,,,,,,,,,,,,,,,,,,,,,,,,,,,,,,,,,,,,,,,,,,,,,,,,,,,,,,,,,,,,,,,,,,,,,,,,,,,,,,,,,,,,,,,,,,,,,,,,,,,,,,,,,,,,,,,,,,,,,,,,,,,,,,,,,,,,,,,,,,,,,,,,,,,,,,
,,,,,,,,,,,6702-000-152,Moen 6702-000 Genta Single Handle Bathroom Sink Faucet Chrome 1.2 gpm 4in Item #152,,,,Moen Incorporated (MOEN),Moen Incorporated,MOEN®,,6702-000-152,,Plumbing>Faucets>Bathroom Sink Faucets,"MOEN® 6702-000-152 Bathroom Sink Faucets, 2, 1.2 gpm, Chrome",MOEN 6702-000-152 BATHROOM SINK FAUCETS,"MOEN® 6702-000-152 Bathroom Sink Faucets, 2, 1.2 gpm, Chrome","MOEN® 6702-000-152 Bathroom Sink Faucets, 2, 1.2 gpm, Chrome",,,,,,,,,,,,,,,,,,,,,,,,,,,,,Number of Faucet Handles,2,,Flow Rate,1.2,gpm,Finish/Color,Chrome,,,,,,,,,,,,,,,,,,,,,,,,,,,,,,,,,,,,,,,,,,,,,,,,,,,,,,,,,,,,,,,,,,,,,,,,,,,,,,,,,,,,,,,,,,,,,,,,,,,,,,,,,,,,,,,,,,,,,,,,,,,,,,,,,,,,,,,,,,,,,,,,,,30181702,,,,,,,,,,,,,,,,,,,,,,,,,,,,,,,,,,,,,,,,,,,
,,,,,,,,,,,559HA-DST-153,Delta 559HA-DST Trinsic Single Handle Bathroom Sink Faucet Matte Black 1.2 gpm Item #153,,,,Delta Faucet Company (DELTA),Delta Faucet Company,DELTA®,,559HA-DST-153,,Plumbing>Faucets>Bathroom Sink Faucets,"DELTA® 559HA-DST-153 Bathroom Sink Faucets, 2, 1.2 gpm, Matte Black",DELTA 559HA-DST-153 BATHROOM SINK FAUCET,"DELTA® 559HA-DST-153 Bathroom Sink Faucets, 2, 1.2 gpm, Matte Black","DELTA® 559HA-DST-153 Bathroom Sink Faucets, 2, 1.2 gpm, Matte Black",,,,,,,,,,,,,,,,,,,,,,,,,,,,,Number of Faucet Handles,2,,Flow Rate,1.2,gpm,Finish/Color,Matte Black,,,,,,,,,,,,,,,,,,,,,,,,,,,,,,,,,,,,,,,,,,,,,,,,,,,,,,,,,,,,,,,,,,,,,,,,,,,,,,,,,,,,,,,,,,,,,,,,,,,,,,,,,,,,,,,,,,,,,,,,,,,,,,,,,,,,,,,,,,,,,,,,,,30181702,,,,,,,,,,,,,,,,,,,,,,,,,,,,,,,,,,,,,,,,,,,
,,,,,,,,,,,K-596-VS-154,Kohler K-596-VS Simplice Pull-Down Kitchen Faucet Vibrant Stainless 1.5 gpm Item #154,,,,Kohler Co. (KOHLER),Kohler Co.,KOHLER®,,K-596-VS-154,,Plumbing>Faucets>Utility Faucets,KOHLER® K-596-VS-154 Utility Faucets,KOHLER K-596-VS-154 UTILITY FAUCETS,KOHLER® K-596-VS-154 Utility Faucets,KOHLER® K-596-VS-154 Utility Faucets,,,,,,,,,,,,,,,,,,,,,,,,,,,,,,,,,,,,,,,,,,,,,,,,,,,,,,,,,,,,,,,,,,,,,,,,,,,,,,,,,,,,,,,,,,,,,,,,,,,,,,,,,,,,,,,,,,,,,,,,,,,,,,,,,,,,,,,,,,,,,,,,,,,,,,,,,,,,,,,,,,,,,,,,,,,,,,,,,,,,,,30181706,,,,,,,,,,,,,,,,,,,,,,,,,,,,,,,,,,,,,,,,,,,
,,,,,,,,,,,607-1/2-155,Nibco 607 1/2 1/2 in Copper Wrot Pressure 90 Deg Elbow Item #155,,,,Nibco Inc (NIBCO),Nibco Inc,NIBCO®,,607-1/2-155,,"Plumbing>Pipe, Tube & Hose Fittings>Pipe Fittings","NIBCO® 607-1/2-155 Pipe Fittings, Elbow, 1/2 in, Press, Copper",NIBCO 607-1/2-155 PIPE FITTINGS,"NIBCO® 607-1/2-155 Pipe Fittings, Elbow, 1/2 in, Press, Copper","NIBCO® 607-1/2-155 Pipe Fittings, Elbow, 1/2 in, Press, Copper",,,,,,,,,,,,,,,,,,,,,,,,,,,,,Fitting Fitting/Connector Type,Elbow,,Pipe Size,1/2,in,Connection Type,Press,,Fitting Material,Copper,,,,,,,,,,,,,,,,,,,,,,,,,,,,,,,,,,,,,,,,,,,,,,,,,,,,,,,,,,,,,,,,,,,,,,,,,,,,,,,,,,,,,,,,,,,,,,,,,,,,,,,,,,,,,,,,,,,,,,,,,,,,,,,,,,,,,,,,,,,,,,,40172600,,,,,,,,,,,,,,,,,,,,,,,,,,,,,,,,,,,,,,,,,,,
,,,,,,,,,,,U008LF-156,SharkBite U008LF 1/2 in Push-to-Connect Brass Coupling Item #156,,,,SharkBite Plumbing Solutions (SHARK),SharkBite Plumbing Solutions,SHARKBITE®,,U008LF-156,,"Plumbing>Pipe, Tube & Hose Fittings>Pipe Fittings","SHARKBITE® U008LF-156 Pipe Fittings, Coupling, 1/2 in, Push-to-Connect, Brass",SHARKBITE U008LF-156 PIPE FITTINGS,"SHARKBITE® U008LF-156 Pipe Fittings, Coupling, 1/2 in, Push-to-Connect, Brass","SHARKBITE® U008LF-156 Pipe Fittings, Coupling, 1/2 in, Push-to-Connect, Brass",,,,,,,,,,,,,,,,,,,,,,,,,,,,,Fitting Fitting/Connector Type,Coupling,,Pipe Size,1/2,in,Connection Type,Push-to-Connect,,Fitting Material,Brass,,,,,,,,,,,,,,,,,,,,,,,,,,,,,,,,,,,,,,,,,,,,,,,,,,,,,,,,,,,,,,,,,,,,,,,,,,,,,,,,,,,,,,,,,,,,,,,,,,,,,,,,,,,,,,,,,,,,,,,,,,,,,,,,,,,,,,,,,,,,,,,40172600,,,,,,,,,,,,,,,,,,,,,,,,,,,,,,,,,,,,,,,,,,,
,,,,,,,,,,,NIP-050-CLOSE-157,Charlotte Pipe 1/2 in x Close Black Steel Nipple MNPT Item #157,,,,Charlotte Pipe and Foundry (CHARL),Charlotte Pipe and Foundry,CHARLOTTE PIPE®,,NIP-050-CLOSE-157,,"Plumbing>Pipe, Tube & Hose Fittings>Pipe Fittings","CHARLOTTE PIPE® NIP-050-CLOSE-157 Pipe Fittings, Tee, 1/2 in, MNPT",CHARLOTTE PIPE NIP-050-CLOSE-157 PIPE FI,"CHARLOTTE PIPE® NIP-050-CLOSE-157 Pipe Fittings, Tee, 1/2 in, MNPT","CHARLOTTE PIPE® NIP-050-CLOSE-157 Pipe Fittings, Tee, 1/2 in, MNPT",,,,,,,,,,,,,,,,,,,,,,,,,,,,,Fitting Fitting/Connector Type,Tee,,Pipe Size,1/2,in,Connection Type,MNPT,,,,,,,,,,,,,,,,,,,,,,,,,,,,,,,,,,,,,,,,,,,,,,,,,,,,,,,,,,,,,,,,,,,,,,,,,,,,,,,,,,,,,,,,,,,,,,,,,,,,,,,,,,,,,,,,,,,,,,,,,,,,,,,,,,,,,,,,,,,,,,,,,,40172600,,,,,,,,,,,,,,,,,,,,,,,,,,,,,,,,,,,,,,,,,,,
,,,,,,,,,,,PDSH4816AF-158,PDSH4816AF Dishwasher SS - Display Only Item #158,,,,Appliance Dealers Cooperative (APPDE),Appliance Dealers Cooperative,FRIGIDAIRE®,,PDSH4816AF-158,,unclassified / needs manual mapping,FRIGIDAIRE® PDSH4816AF-158 Product,FRIGIDAIRE PDSH4816AF-158 PRODUCT,FRIGIDAIRE® PDSH4816AF-158 Product,FRIGIDAIRE® PDSH4816AF-158 Product,,,,,,,,,,,,,,,,,,,,,,,,,,,,,,,,,,,,,,,,,,,,,,,,,,,,,,,,,,,,,,,,,,,,,,,,,,,,,,,,,,,,,,,,,,,,,,,,,,,,,,,,,,,,,,,,,,,,,,,,,,,,,,,,,,,,,,,,,,,,,,,,,,,,,,,,,,,,,,,,,,,,,,,,,,,,,,,,,,,,,,,,,,,,,,,,,,,,,,,,,,,,,,,,,,,,,,,,,,,,,,,,,
,,,,,,,,,,,WDTS7024RZ-159,WDTS7024RZ Dishwasher SS - Display Only Item #159,,,,Appliance Dealers Cooperative (APPDE),Appliance Dealers Cooperative,FRIGIDAIRE®,,WDTS7024RZ-159,,unclassified / needs manual mapping,FRIGIDAIRE® WDTS7024RZ-159 Product,FRIGIDAIRE WDTS7024RZ-159 PRODUCT,FRIGIDAIRE® WDTS7024RZ-159 Product,FRIGIDAIRE® WDTS7024RZ-159 Product,,,,,,,,,,,,,,,,,,,,,,,,,,,,,,,,,,,,,,,,,,,,,,,,,,,,,,,,,,,,,,,,,,,,,,,,,,,,,,,,,,,,,,,,,,,,,,,,,,,,,,,,,,,,,,,,,,,,,,,,,,,,,,,,,,,,,,,,,,,,,,,,,,,,,,,,,,,,,,,,,,,,,,,,,,,,,,,,,,,,,,,,,,,,,,,,,,,,,,,,,,,,,,,,,,,,,,,,,,,,,,,,,
,,,,,,,,,,,DCB205C-160,Dewalt 20V Max 5.0Ah Starter Kit Item #160,,,,Black & Decker (2585),Black & Decker,DEWALT®,,DCB205C-160,,unclassified / needs manual mapping,DEWALT® DCB205C-160 Product,DEWALT DCB205C-160 PRODUCT,DEWALT® DCB205C-160 Product,DEWALT® DCB205C-160 Product,,,,,,,,,,,,,,,,,,,,,,,,,,,,,,,,,,,,,,,,,,,,,,,,,,,,,,,,,,,,,,,,,,,,,,,,,,,,,,,,,,,,,,,,,,,,,,,,,,,,,,,,,,,,,,,,,,,,,,,,,,,,,,,,,,,,,,,,,,,,,,,,,,,,,,,,,,,,,,,,,,,,,,,,,,,,,,,,,,,,,,,,,,,,,,,,,,,,,,,,,,,,,,,,,,,,,,,,,,,,,,,,,
,,,,,,,,,,,DCB518ASTS06G-161,"DCB518ASTS06G Diablo 1/2""x18"" - Sanding Belt 6pc Item #161",,,,Freud Inc (2435),Freud Inc,DIABLO®,,DCB518ASTS06G-161,,unclassified / needs manual mapping,DIABLO® DCB518ASTS06G-161 Product,DIABLO DCB518ASTS06G-161 PRODUCT,DIABLO® DCB518ASTS06G-161 Product,DIABLO® DCB518ASTS06G-161 Product,,,,,,,,,,,,,,,,,,,,,,,,,,,,,,,,,,,,,,,,,,,,,,,,,,,,,,,,,,,,,,,,,,,,,,,,,,,,,,,,,,,,,,,,,,,,,,,,,,,,,,,,,,,,,,,,,,,,,,,,,,,,,,,,,,,,,,,,,,,,,,,,,,,,,,,,,,,,,,,,,,,,,,,,,,,,,,,,,,,,,,,,,,,,,,,,,,,,,,,,,,,,,,,,,,,,,,,,,,,,,,,,,
,,,,,,,,,,,6702-000-162,Moen 6702-000 Genta Single Handle Bathroom Sink Faucet Chrome 1.2 gpm 4in Item #162,,,,Moen Incorporated (MOEN),Moen Incorporated,MOEN®,,6702-000-162,,Plumbing>Faucets>Bathroom Sink Faucets,"MOEN® 6702-000-162 Bathroom Sink Faucets, 2, 1.2 gpm, Chrome",MOEN 6702-000-162 BATHROOM SINK FAUCETS,"MOEN® 6702-000-162 Bathroom Sink Faucets, 2, 1.2 gpm, Chrome","MOEN® 6702-000-162 Bathroom Sink Faucets, 2, 1.2 gpm, Chrome",,,,,,,,,,,,,,,,,,,,,,,,,,,,,Number of Faucet Handles,2,,Flow Rate,1.2,gpm,Finish/Color,Chrome,,,,,,,,,,,,,,,,,,,,,,,,,,,,,,,,,,,,,,,,,,,,,,,,,,,,,,,,,,,,,,,,,,,,,,,,,,,,,,,,,,,,,,,,,,,,,,,,,,,,,,,,,,,,,,,,,,,,,,,,,,,,,,,,,,,,,,,,,,,,,,,,,,30181702,,,,,,,,,,,,,,,,,,,,,,,,,,,,,,,,,,,,,,,,,,,
,,,,,,,,,,,559HA-DST-163,Delta 559HA-DST Trinsic Single Handle Bathroom Sink Faucet Matte Black 1.2 gpm Item #163,,,,Delta Faucet Company (DELTA),Delta Faucet Company,DELTA®,,559HA-DST-163,,Plumbing>Faucets>Bathroom Sink Faucets,"DELTA® 559HA-DST-163 Bathroom Sink Faucets, 2, 1.2 gpm, Matte Black",DELTA 559HA-DST-163 BATHROOM SINK FAUCET,"DELTA® 559HA-DST-163 Bathroom Sink Faucets, 2, 1.2 gpm, Matte Black","DELTA® 559HA-DST-163 Bathroom Sink Faucets, 2, 1.2 gpm, Matte Black",,,,,,,,,,,,,,,,,,,,,,,,,,,,,Number of Faucet Handles,2,,Flow Rate,1.2,gpm,Finish/Color,Matte Black,,,,,,,,,,,,,,,,,,,,,,,,,,,,,,,,,,,,,,,,,,,,,,,,,,,,,,,,,,,,,,,,,,,,,,,,,,,,,,,,,,,,,,,,,,,,,,,,,,,,,,,,,,,,,,,,,,,,,,,,,,,,,,,,,,,,,,,,,,,,,,,,,,30181702,,,,,,,,,,,,,,,,,,,,,,,,,,,,,,,,,,,,,,,,,,,
,,,,,,,,,,,K-596-VS-164,Kohler K-596-VS Simplice Pull-Down Kitchen Faucet Vibrant Stainless 1.5 gpm Item #164,,,,Kohler Co. (KOHLER),Kohler Co.,KOHLER®,,K-596-VS-164,,Plumbing>Faucets>Utility Faucets,KOHLER® K-596-VS-164 Utility Faucets,KOHLER K-596-VS-164 UTILITY FAUCETS,KOHLER® K-596-VS-164 Utility Faucets,KOHLER® K-596-VS-164 Utility Faucets,,,,,,,,,,,,,,,,,,,,,,,,,,,,,,,,,,,,,,,,,,,,,,,,,,,,,,,,,,,,,,,,,,,,,,,,,,,,,,,,,,,,,,,,,,,,,,,,,,,,,,,,,,,,,,,,,,,,,,,,,,,,,,,,,,,,,,,,,,,,,,,,,,,,,,,,,,,,,,,,,,,,,,,,,,,,,,,,,,,,,,30181706,,,,,,,,,,,,,,,,,,,,,,,,,,,,,,,,,,,,,,,,,,,
,,,,,,,,,,,607-1/2-165,Nibco 607 1/2 1/2 in Copper Wrot Pressure 90 Deg Elbow Item #165,,,,Nibco Inc (NIBCO),Nibco Inc,NIBCO®,,607-1/2-165,,"Plumbing>Pipe, Tube & Hose Fittings>Pipe Fittings","NIBCO® 607-1/2-165 Pipe Fittings, Elbow, 1/2 in, Press, Copper",NIBCO 607-1/2-165 PIPE FITTINGS,"NIBCO® 607-1/2-165 Pipe Fittings, Elbow, 1/2 in, Press, Copper","NIBCO® 607-1/2-165 Pipe Fittings, Elbow, 1/2 in, Press, Copper",,,,,,,,,,,,,,,,,,,,,,,,,,,,,Fitting Fitting/Connector Type,Elbow,,Pipe Size,1/2,in,Connection Type,Press,,Fitting Material,Copper,,,,,,,,,,,,,,,,,,,,,,,,,,,,,,,,,,,,,,,,,,,,,,,,,,,,,,,,,,,,,,,,,,,,,,,,,,,,,,,,,,,,,,,,,,,,,,,,,,,,,,,,,,,,,,,,,,,,,,,,,,,,,,,,,,,,,,,,,,,,,,,40172600,,,,,,,,,,,,,,,,,,,,,,,,,,,,,,,,,,,,,,,,,,,
,,,,,,,,,,,U008LF-166,SharkBite U008LF 1/2 in Push-to-Connect Brass Coupling Item #166,,,,SharkBite Plumbing Solutions (SHARK),SharkBite Plumbing Solutions,SHARKBITE®,,U008LF-166,,"Plumbing>Pipe, Tube & Hose Fittings>Pipe Fittings","SHARKBITE® U008LF-166 Pipe Fittings, Coupling, 1/2 in, Push-to-Connect, Brass",SHARKBITE U008LF-166 PIPE FITTINGS,"SHARKBITE® U008LF-166 Pipe Fittings, Coupling, 1/2 in, Push-to-Connect, Brass","SHARKBITE® U008LF-166 Pipe Fittings, Coupling, 1/2 in, Push-to-Connect, Brass",,,,,,,,,,,,,,,,,,,,,,,,,,,,,Fitting Fitting/Connector Type,Coupling,,Pipe Size,1/2,in,Connection Type,Push-to-Connect,,Fitting Material,Brass,,,,,,,,,,,,,,,,,,,,,,,,,,,,,,,,,,,,,,,,,,,,,,,,,,,,,,,,,,,,,,,,,,,,,,,,,,,,,,,,,,,,,,,,,,,,,,,,,,,,,,,,,,,,,,,,,,,,,,,,,,,,,,,,,,,,,,,,,,,,,,,40172600,,,,,,,,,,,,,,,,,,,,,,,,,,,,,,,,,,,,,,,,,,,
,,,,,,,,,,,NIP-050-CLOSE-167,Charlotte Pipe 1/2 in x Close Black Steel Nipple MNPT Item #167,,,,Charlotte Pipe and Foundry (CHARL),Charlotte Pipe and Foundry,CHARLOTTE PIPE®,,NIP-050-CLOSE-167,,"Plumbing>Pipe, Tube & Hose Fittings>Pipe Fittings","CHARLOTTE PIPE® NIP-050-CLOSE-167 Pipe Fittings, Tee, 1/2 in, MNPT",CHARLOTTE PIPE NIP-050-CLOSE-167 PIPE FI,"CHARLOTTE PIPE® NIP-050-CLOSE-167 Pipe Fittings, Tee, 1/2 in, MNPT","CHARLOTTE PIPE® NIP-050-CLOSE-167 Pipe Fittings, Tee, 1/2 in, MNPT",,,,,,,,,,,,,,,,,,,,,,,,,,,,,Fitting Fitting/Connector Type,Tee,,Pipe Size,1/2,in,Connection Type,MNPT,,,,,,,,,,,,,,,,,,,,,,,,,,,,,,,,,,,,,,,,,,,,,,,,,,,,,,,,,,,,,,,,,,,,,,,,,,,,,,,,,,,,,,,,,,,,,,,,,,,,,,,,,,,,,,,,,,,,,,,,,,,,,,,,,,,,,,,,,,,,,,,,,,40172600,,,,,,,,,,,,,,,,,,,,,,,,,,,,,,,,,,,,,,,,,,,
,,,,,,,,,,,PDSH4816AF-168,PDSH4816AF Dishwasher SS - Display Only Item #168,,,,Appliance Dealers Cooperative (APPDE),Appliance Dealers Cooperative,FRIGIDAIRE®,,PDSH4816AF-168,,unclassified / needs manual mapping,FRIGIDAIRE® PDSH4816AF-168 Product,FRIGIDAIRE PDSH4816AF-168 PRODUCT,FRIGIDAIRE® PDSH4816AF-168 Product,FRIGIDAIRE® PDSH4816AF-168 Product,,,,,,,,,,,,,,,,,,,,,,,,,,,,,,,,,,,,,,,,,,,,,,,,,,,,,,,,,,,,,,,,,,,,,,,,,,,,,,,,,,,,,,,,,,,,,,,,,,,,,,,,,,,,,,,,,,,,,,,,,,,,,,,,,,,,,,,,,,,,,,,,,,,,,,,,,,,,,,,,,,,,,,,,,,,,,,,,,,,,,,,,,,,,,,,,,,,,,,,,,,,,,,,,,,,,,,,,,,,,,,,,,
,,,,,,,,,,,WDTS7024RZ-169,WDTS7024RZ Dishwasher SS - Display Only Item #169,,,,Appliance Dealers Cooperative (APPDE),Appliance Dealers Cooperative,FRIGIDAIRE®,,WDTS7024RZ-169,,unclassified / needs manual mapping,FRIGIDAIRE® WDTS7024RZ-169 Product,FRIGIDAIRE WDTS7024RZ-169 PRODUCT,FRIGIDAIRE® WDTS7024RZ-169 Product,FRIGIDAIRE® WDTS7024RZ-169 Product,,,,,,,,,,,,,,,,,,,,,,,,,,,,,,,,,,,,,,,,,,,,,,,,,,,,,,,,,,,,,,,,,,,,,,,,,,,,,,,,,,,,,,,,,,,,,,,,,,,,,,,,,,,,,,,,,,,,,,,,,,,,,,,,,,,,,,,,,,,,,,,,,,,,,,,,,,,,,,,,,,,,,,,,,,,,,,,,,,,,,,,,,,,,,,,,,,,,,,,,,,,,,,,,,,,,,,,,,,,,,,,,,
,,,,,,,,,,,DCB205C-170,Dewalt 20V Max 5.0Ah Starter Kit Item #170,,,,Black & Decker (2585),Black & Decker,DEWALT®,,DCB205C-170,,unclassified / needs manual mapping,DEWALT® DCB205C-170 Product,DEWALT DCB205C-170 PRODUCT,DEWALT® DCB205C-170 Product,DEWALT® DCB205C-170 Product,,,,,,,,,,,,,,,,,,,,,,,,,,,,,,,,,,,,,,,,,,,,,,,,,,,,,,,,,,,,,,,,,,,,,,,,,,,,,,,,,,,,,,,,,,,,,,,,,,,,,,,,,,,,,,,,,,,,,,,,,,,,,,,,,,,,,,,,,,,,,,,,,,,,,,,,,,,,,,,,,,,,,,,,,,,,,,,,,,,,,,,,,,,,,,,,,,,,,,,,,,,,,,,,,,,,,,,,,,,,,,,,,
,,,,,,,,,,,DCB518ASTS06G-171,"DCB518ASTS06G Diablo 1/2""x18"" - Sanding Belt 6pc Item #171",,,,Freud Inc (2435),Freud Inc,DIABLO®,,DCB518ASTS06G-171,,unclassified / needs manual mapping,DIABLO® DCB518ASTS06G-171 Product,DIABLO DCB518ASTS06G-171 PRODUCT,DIABLO® DCB518ASTS06G-171 Product,DIABLO® DCB518ASTS06G-171 Product,,,,,,,,,,,,,,,,,,,,,,,,,,,,,,,,,,,,,,,,,,,,,,,,,,,,,,,,,,,,,,,,,,,,,,,,,,,,,,,,,,,,,,,,,,,,,,,,,,,,,,,,,,,,,,,,,,,,,,,,,,,,,,,,,,,,,,,,,,,,,,,,,,,,,,,,,,,,,,,,,,,,,,,,,,,,,,,,,,,,,,,,,,,,,,,,,,,,,,,,,,,,,,,,,,,,,,,,,,,,,,,,,
,,,,,,,,,,,6702-000-172,Moen 6702-000 Genta Single Handle Bathroom Sink Faucet Chrome 1.2 gpm 4in Item #172,,,,Moen Incorporated (MOEN),Moen Incorporated,MOEN®,,6702-000-172,,Plumbing>Faucets>Bathroom Sink Faucets,"MOEN® 6702-000-172 Bathroom Sink Faucets, 2, 1.2 gpm, Chrome",MOEN 6702-000-172 BATHROOM SINK FAUCETS,"MOEN® 6702-000-172 Bathroom Sink Faucets, 2, 1.2 gpm, Chrome","MOEN® 6702-000-172 Bathroom Sink Faucets, 2, 1.2 gpm, Chrome",,,,,,,,,,,,,,,,,,,,,,,,,,,,,Number of Faucet Handles,2,,Flow Rate,1.2,gpm,Finish/Color,Chrome,,,,,,,,,,,,,,,,,,,,,,,,,,,,,,,,,,,,,,,,,,,,,,,,,,,,,,,,,,,,,,,,,,,,,,,,,,,,,,,,,,,,,,,,,,,,,,,,,,,,,,,,,,,,,,,,,,,,,,,,,,,,,,,,,,,,,,,,,,,,,,,,,,30181702,,,,,,,,,,,,,,,,,,,,,,,,,,,,,,,,,,,,,,,,,,,
,,,,,,,,,,,559HA-DST-173,Delta 559HA-DST Trinsic Single Handle Bathroom Sink Faucet Matte Black 1.2 gpm Item #173,,,,Delta Faucet Company (DELTA),Delta Faucet Company,DELTA®,,559HA-DST-173,,Plumbing>Faucets>Bathroom Sink Faucets,"DELTA® 559HA-DST-173 Bathroom Sink Faucets, 2, 1.2 gpm, Matte Black",DELTA 559HA-DST-173 BATHROOM SINK FAUCET,"DELTA® 559HA-DST-173 Bathroom Sink Faucets, 2, 1.2 gpm, Matte Black","DELTA® 559HA-DST-173 Bathroom Sink Faucets, 2, 1.2 gpm, Matte Black",,,,,,,,,,,,,,,,,,,,,,,,,,,,,Number of Faucet Handles,2,,Flow Rate,1.2,gpm,Finish/Color,Matte Black,,,,,,,,,,,,,,,,,,,,,,,,,,,,,,,,,,,,,,,,,,,,,,,,,,,,,,,,,,,,,,,,,,,,,,,,,,,,,,,,,,,,,,,,,,,,,,,,,,,,,,,,,,,,,,,,,,,,,,,,,,,,,,,,,,,,,,,,,,,,,,,,,,30181702,,,,,,,,,,,,,,,,,,,,,,,,,,,,,,,,,,,,,,,,,,,
,,,,,,,,,,,K-596-VS-174,Kohler K-596-VS Simplice Pull-Down Kitchen Faucet Vibrant Stainless 1.5 gpm Item #174,,,,Kohler Co. (KOHLER),Kohler Co.,KOHLER®,,K-596-VS-174,,Plumbing>Faucets>Utility Faucets,KOHLER® K-596-VS-174 Utility Faucets,KOHLER K-596-VS-174 UTILITY FAUCETS,KOHLER® K-596-VS-174 Utility Faucets,KOHLER® K-596-VS-174 Utility Faucets,,,,,,,,,,,,,,,,,,,,,,,,,,,,,,,,,,,,,,,,,,,,,,,,,,,,,,,,,,,,,,,,,,,,,,,,,,,,,,,,,,,,,,,,,,,,,,,,,,,,,,,,,,,,,,,,,,,,,,,,,,,,,,,,,,,,,,,,,,,,,,,,,,,,,,,,,,,,,,,,,,,,,,,,,,,,,,,,,,,,,,30181706,,,,,,,,,,,,,,,,,,,,,,,,,,,,,,,,,,,,,,,,,,,
,,,,,,,,,,,607-1/2-175,Nibco 607 1/2 1/2 in Copper Wrot Pressure 90 Deg Elbow Item #175,,,,Nibco Inc (NIBCO),Nibco Inc,NIBCO®,,607-1/2-175,,"Plumbing>Pipe, Tube & Hose Fittings>Pipe Fittings","NIBCO® 607-1/2-175 Pipe Fittings, Elbow, 1/2 in, Press, Copper",NIBCO 607-1/2-175 PIPE FITTINGS,"NIBCO® 607-1/2-175 Pipe Fittings, Elbow, 1/2 in, Press, Copper","NIBCO® 607-1/2-175 Pipe Fittings, Elbow, 1/2 in, Press, Copper",,,,,,,,,,,,,,,,,,,,,,,,,,,,,Fitting Fitting/Connector Type,Elbow,,Pipe Size,1/2,in,Connection Type,Press,,Fitting Material,Copper,,,,,,,,,,,,,,,,,,,,,,,,,,,,,,,,,,,,,,,,,,,,,,,,,,,,,,,,,,,,,,,,,,,,,,,,,,,,,,,,,,,,,,,,,,,,,,,,,,,,,,,,,,,,,,,,,,,,,,,,,,,,,,,,,,,,,,,,,,,,,,,40172600,,,,,,,,,,,,,,,,,,,,,,,,,,,,,,,,,,,,,,,,,,,
,,,,,,,,,,,U008LF-176,SharkBite U008LF 1/2 in Push-to-Connect Brass Coupling Item #176,,,,SharkBite Plumbing Solutions (SHARK),SharkBite Plumbing Solutions,SHARKBITE®,,U008LF-176,,"Plumbing>Pipe, Tube & Hose Fittings>Pipe Fittings","SHARKBITE® U008LF-176 Pipe Fittings, Coupling, 1/2 in, Push-to-Connect, Brass",SHARKBITE U008LF-176 PIPE FITTINGS,"SHARKBITE® U008LF-176 Pipe Fittings, Coupling, 1/2 in, Push-to-Connect, Brass","SHARKBITE® U008LF-176 Pipe Fittings, Coupling, 1/2 in, Push-to-Connect, Brass",,,,,,,,,,,,,,,,,,,,,,,,,,,,,Fitting Fitting/Connector Type,Coupling,,Pipe Size,1/2,in,Connection Type,Push-to-Connect,,Fitting Material,Brass,,,,,,,,,,,,,,,,,,,,,,,,,,,,,,,,,,,,,,,,,,,,,,,,,,,,,,,,,,,,,,,,,,,,,,,,,,,,,,,,,,,,,,,,,,,,,,,,,,,,,,,,,,,,,,,,,,,,,,,,,,,,,,,,,,,,,,,,,,,,,,,40172600,,,,,,,,,,,,,,,,,,,,,,,,,,,,,,,,,,,,,,,,,,,
,,,,,,,,,,,NIP-050-CLOSE-177,Charlotte Pipe 1/2 in x Close Black Steel Nipple MNPT Item #177,,,,Charlotte Pipe and Foundry (CHARL),Charlotte Pipe and Foundry,CHARLOTTE PIPE®,,NIP-050-CLOSE-177,,"Plumbing>Pipe, Tube & Hose Fittings>Pipe Fittings","CHARLOTTE PIPE® NIP-050-CLOSE-177 Pipe Fittings, Tee, 1/2 in, MNPT",CHARLOTTE PIPE NIP-050-CLOSE-177 PIPE FI,"CHARLOTTE PIPE® NIP-050-CLOSE-177 Pipe Fittings, Tee, 1/2 in, MNPT","CHARLOTTE PIPE® NIP-050-CLOSE-177 Pipe Fittings, Tee, 1/2 in, MNPT",,,,,,,,,,,,,,,,,,,,,,,,,,,,,Fitting Fitting/Connector Type,Tee,,Pipe Size,1/2,in,Connection Type,MNPT,,,,,,,,,,,,,,,,,,,,,,,,,,,,,,,,,,,,,,,,,,,,,,,,,,,,,,,,,,,,,,,,,,,,,,,,,,,,,,,,,,,,,,,,,,,,,,,,,,,,,,,,,,,,,,,,,,,,,,,,,,,,,,,,,,,,,,,,,,,,,,,,,,40172600,,,,,,,,,,,,,,,,,,,,,,,,,,,,,,,,,,,,,,,,,,,
,,,,,,,,,,,PDSH4816AF-178,PDSH4816AF Dishwasher SS - Display Only Item #178,,,,Appliance Dealers Cooperative (APPDE),Appliance Dealers Cooperative,FRIGIDAIRE®,,PDSH4816AF-178,,unclassified / needs manual mapping,FRIGIDAIRE® PDSH4816AF-178 Product,FRIGIDAIRE PDSH4816AF-178 PRODUCT,FRIGIDAIRE® PDSH4816AF-178 Product,FRIGIDAIRE® PDSH4816AF-178 Product,,,,,,,,,,,,,,,,,,,,,,,,,,,,,,,,,,,,,,,,,,,,,,,,,,,,,,,,,,,,,,,,,,,,,,,,,,,,,,,,,,,,,,,,,,,,,,,,,,,,,,,,,,,,,,,,,,,,,,,,,,,,,,,,,,,,,,,,,,,,,,,,,,,,,,,,,,,,,,,,,,,,,,,,,,,,,,,,,,,,,,,,,,,,,,,,,,,,,,,,,,,,,,,,,,,,,,,,,,,,,,,,,
,,,,,,,,,,,WDTS7024RZ-179,WDTS7024RZ Dishwasher SS - Display Only Item #179,,,,Appliance Dealers Cooperative (APPDE),Appliance Dealers Cooperative,FRIGIDAIRE®,,WDTS7024RZ-179,,unclassified / needs manual mapping,FRIGIDAIRE® WDTS7024RZ-179 Product,FRIGIDAIRE WDTS7024RZ-179 PRODUCT,FRIGIDAIRE® WDTS7024RZ-179 Product,FRIGIDAIRE® WDTS7024RZ-179 Product,,,,,,,,,,,,,,,,,,,,,,,,,,,,,,,,,,,,,,,,,,,,,,,,,,,,,,,,,,,,,,,,,,,,,,,,,,,,,,,,,,,,,,,,,,,,,,,,,,,,,,,,,,,,,,,,,,,,,,,,,,,,,,,,,,,,,,,,,,,,,,,,,,,,,,,,,,,,,,,,,,,,,,,,,,,,,,,,,,,,,,,,,,,,,,,,,,,,,,,,,,,,,,,,,,,,,,,,,,,,,,,,,
,,,,,,,,,,,DCB205C-180,Dewalt 20V Max 5.0Ah Starter Kit Item #180,,,,Black & Decker (2585),Black & Decker,DEWALT®,,DCB205C-180,,unclassified / needs manual mapping,DEWALT® DCB205C-180 Product,DEWALT DCB205C-180 PRODUCT,DEWALT® DCB205C-180 Product,DEWALT® DCB205C-180 Product,,,,,,,,,,,,,,,,,,,,,,,,,,,,,,,,,,,,,,,,,,,,,,,,,,,,,,,,,,,,,,,,,,,,,,,,,,,,,,,,,,,,,,,,,,,,,,,,,,,,,,,,,,,,,,,,,,,,,,,,,,,,,,,,,,,,,,,,,,,,,,,,,,,,,,,,,,,,,,,,,,,,,,,,,,,,,,,,,,,,,,,,,,,,,,,,,,,,,,,,,,,,,,,,,,,,,,,,,,,,,,,,,
,,,,,,,,,,,DCB518ASTS06G-181,"DCB518ASTS06G Diablo 1/2""x18"" - Sanding Belt 6pc Item #181",,,,Freud Inc (2435),Freud Inc,DIABLO®,,DCB518ASTS06G-181,,unclassified / needs manual mapping,DIABLO® DCB518ASTS06G-181 Product,DIABLO DCB518ASTS06G-181 PRODUCT,DIABLO® DCB518ASTS06G-181 Product,DIABLO® DCB518ASTS06G-181 Product,,,,,,,,,,,,,,,,,,,,,,,,,,,,,,,,,,,,,,,,,,,,,,,,,,,,,,,,,,,,,,,,,,,,,,,,,,,,,,,,,,,,,,,,,,,,,,,,,,,,,,,,,,,,,,,,,,,,,,,,,,,,,,,,,,,,,,,,,,,,,,,,,,,,,,,,,,,,,,,,,,,,,,,,,,,,,,,,,,,,,,,,,,,,,,,,,,,,,,,,,,,,,,,,,,,,,,,,,,,,,,,,,
,,,,,,,,,,,6702-000-182,Moen 6702-000 Genta Single Handle Bathroom Sink Faucet Chrome 1.2 gpm 4in Item #182,,,,Moen Incorporated (MOEN),Moen Incorporated,MOEN®,,6702-000-182,,Plumbing>Faucets>Bathroom Sink Faucets,"MOEN® 6702-000-182 Bathroom Sink Faucets, 2, 1.2 gpm, Chrome",MOEN 6702-000-182 BATHROOM SINK FAUCETS,"MOEN® 6702-000-182 Bathroom Sink Faucets, 2, 1.2 gpm, Chrome","MOEN® 6702-000-182 Bathroom Sink Faucets, 2, 1.2 gpm, Chrome",,,,,,,,,,,,,,,,,,,,,,,,,,,,,Number of Faucet Handles,2,,Flow Rate,1.2,gpm,Finish/Color,Chrome,,,,,,,,,,,,,,,,,,,,,,,,,,,,,,,,,,,,,,,,,,,,,,,,,,,,,,,,,,,,,,,,,,,,,,,,,,,,,,,,,,,,,,,,,,,,,,,,,,,,,,,,,,,,,,,,,,,,,,,,,,,,,,,,,,,,,,,,,,,,,,,,,,30181702,,,,,,,,,,,,,,,,,,,,,,,,,,,,,,,,,,,,,,,,,,,
,,,,,,,,,,,559HA-DST-183,Delta 559HA-DST Trinsic Single Handle Bathroom Sink Faucet Matte Black 1.2 gpm Item #183,,,,Delta Faucet Company (DELTA),Delta Faucet Company,DELTA®,,559HA-DST-183,,Plumbing>Faucets>Bathroom Sink Faucets,"DELTA® 559HA-DST-183 Bathroom Sink Faucets, 2, 1.2 gpm, Matte Black",DELTA 559HA-DST-183 BATHROOM SINK FAUCET,"DELTA® 559HA-DST-183 Bathroom Sink Faucets, 2, 1.2 gpm, Matte Black","DELTA® 559HA-DST-183 Bathroom Sink Faucets, 2, 1.2 gpm, Matte Black",,,,,,,,,,,,,,,,,,,,,,,,,,,,,Number of Faucet Handles,2,,Flow Rate,1.2,gpm,Finish/Color,Matte Black,,,,,,,,,,,,,,,,,,,,,,,,,,,,,,,,,,,,,,,,,,,,,,,,,,,,,,,,,,,,,,,,,,,,,,,,,,,,,,,,,,,,,,,,,,,,,,,,,,,,,,,,,,,,,,,,,,,,,,,,,,,,,,,,,,,,,,,,,,,,,,,,,,30181702,,,,,,,,,,,,,,,,,,,,,,,,,,,,,,,,,,,,,,,,,,,
,,,,,,,,,,,K-596-VS-184,Kohler K-596-VS Simplice Pull-Down Kitchen Faucet Vibrant Stainless 1.5 gpm Item #184,,,,Kohler Co. (KOHLER),Kohler Co.,KOHLER®,,K-596-VS-184,,Plumbing>Faucets>Utility Faucets,KOHLER® K-596-VS-184 Utility Faucets,KOHLER K-596-VS-184 UTILITY FAUCETS,KOHLER® K-596-VS-184 Utility Faucets,KOHLER® K-596-VS-184 Utility Faucets,,,,,,,,,,,,,,,,,,,,,,,,,,,,,,,,,,,,,,,,,,,,,,,,,,,,,,,,,,,,,,,,,,,,,,,,,,,,,,,,,,,,,,,,,,,,,,,,,,,,,,,,,,,,,,,,,,,,,,,,,,,,,,,,,,,,,,,,,,,,,,,,,,,,,,,,,,,,,,,,,,,,,,,,,,,,,,,,,,,,,,30181706,,,,,,,,,,,,,,,,,,,,,,,,,,,,,,,,,,,,,,,,,,,
,,,,,,,,,,,607-1/2-185,Nibco 607 1/2 1/2 in Copper Wrot Pressure 90 Deg Elbow Item #185,,,,Nibco Inc (NIBCO),Nibco Inc,NIBCO®,,607-1/2-185,,"Plumbing>Pipe, Tube & Hose Fittings>Pipe Fittings","NIBCO® 607-1/2-185 Pipe Fittings, Elbow, 1/2 in, Press, Copper",NIBCO 607-1/2-185 PIPE FITTINGS,"NIBCO® 607-1/2-185 Pipe Fittings, Elbow, 1/2 in, Press, Copper","NIBCO® 607-1/2-185 Pipe Fittings, Elbow, 1/2 in, Press, Copper",,,,,,,,,,,,,,,,,,,,,,,,,,,,,Fitting Fitting/Connector Type,Elbow,,Pipe Size,1/2,in,Connection Type,Press,,Fitting Material,Copper,,,,,,,,,,,,,,,,,,,,,,,,,,,,,,,,,,,,,,,,,,,,,,,,,,,,,,,,,,,,,,,,,,,,,,,,,,,,,,,,,,,,,,,,,,,,,,,,,,,,,,,,,,,,,,,,,,,,,,,,,,,,,,,,,,,,,,,,,,,,,,,40172600,,,,,,,,,,,,,,,,,,,,,,,,,,,,,,,,,,,,,,,,,,,
,,,,,,,,,,,U008LF-186,SharkBite U008LF 1/2 in Push-to-Connect Brass Coupling Item #186,,,,SharkBite Plumbing Solutions (SHARK),SharkBite Plumbing Solutions,SHARKBITE®,,U008LF-186,,"Plumbing>Pipe, Tube & Hose Fittings>Pipe Fittings","SHARKBITE® U008LF-186 Pipe Fittings, Coupling, 1/2 in, Push-to-Connect, Brass",SHARKBITE U008LF-186 PIPE FITTINGS,"SHARKBITE® U008LF-186 Pipe Fittings, Coupling, 1/2 in, Push-to-Connect, Brass","SHARKBITE® U008LF-186 Pipe Fittings, Coupling, 1/2 in, Push-to-Connect, Brass",,,,,,,,,,,,,,,,,,,,,,,,,,,,,Fitting Fitting/Connector Type,Coupling,,Pipe Size,1/2,in,Connection Type,Push-to-Connect,,Fitting Material,Brass,,,,,,,,,,,,,,,,,,,,,,,,,,,,,,,,,,,,,,,,,,,,,,,,,,,,,,,,,,,,,,,,,,,,,,,,,,,,,,,,,,,,,,,,,,,,,,,,,,,,,,,,,,,,,,,,,,,,,,,,,,,,,,,,,,,,,,,,,,,,,,,40172600,,,,,,,,,,,,,,,,,,,,,,,,,,,,,,,,,,,,,,,,,,,
,,,,,,,,,,,NIP-050-CLOSE-187,Charlotte Pipe 1/2 in x Close Black Steel Nipple MNPT Item #187,,,,Charlotte Pipe and Foundry (CHARL),Charlotte Pipe and Foundry,CHARLOTTE PIPE®,,NIP-050-CLOSE-187,,"Plumbing>Pipe, Tube & Hose Fittings>Pipe Fittings","CHARLOTTE PIPE® NIP-050-CLOSE-187 Pipe Fittings, Tee, 1/2 in, MNPT",CHARLOTTE PIPE NIP-050-CLOSE-187 PIPE FI,"CHARLOTTE PIPE® NIP-050-CLOSE-187 Pipe Fittings, Tee, 1/2 in, MNPT","CHARLOTTE PIPE® NIP-050-CLOSE-187 Pipe Fittings, Tee, 1/2 in, MNPT",,,,,,,,,,,,,,,,,,,,,,,,,,,,,Fitting Fitting/Connector Type,Tee,,Pipe Size,1/2,in,Connection Type,MNPT,,,,,,,,,,,,,,,,,,,,,,,,,,,,,,,,,,,,,,,,,,,,,,,,,,,,,,,,,,,,,,,,,,,,,,,,,,,,,,,,,,,,,,,,,,,,,,,,,,,,,,,,,,,,,,,,,,,,,,,,,,,,,,,,,,,,,,,,,,,,,,,,,,40172600,,,,,,,,,,,,,,,,,,,,,,,,,,,,,,,,,,,,,,,,,,,
,,,,,,,,,,,PDSH4816AF-188,PDSH4816AF Dishwasher SS - Display Only Item #188,,,,Appliance Dealers Cooperative (APPDE),Appliance Dealers Cooperative,FRIGIDAIRE®,,PDSH4816AF-188,,unclassified / needs manual mapping,FRIGIDAIRE® PDSH4816AF-188 Product,FRIGIDAIRE PDSH4816AF-188 PRODUCT,FRIGIDAIRE® PDSH4816AF-188 Product,FRIGIDAIRE® PDSH4816AF-188 Product,,,,,,,,,,,,,,,,,,,,,,,,,,,,,,,,,,,,,,,,,,,,,,,,,,,,,,,,,,,,,,,,,,,,,,,,,,,,,,,,,,,,,,,,,,,,,,,,,,,,,,,,,,,,,,,,,,,,,,,,,,,,,,,,,,,,,,,,,,,,,,,,,,,,,,,,,,,,,,,,,,,,,,,,,,,,,,,,,,,,,,,,,,,,,,,,,,,,,,,,,,,,,,,,,,,,,,,,,,,,,,,,,
,,,,,,,,,,,WDTS7024RZ-189,WDTS7024RZ Dishwasher SS - Display Only Item #189,,,,Appliance Dealers Cooperative (APPDE),Appliance Dealers Cooperative,FRIGIDAIRE®,,WDTS7024RZ-189,,unclassified / needs manual mapping,FRIGIDAIRE® WDTS7024RZ-189 Product,FRIGIDAIRE WDTS7024RZ-189 PRODUCT,FRIGIDAIRE® WDTS7024RZ-189 Product,FRIGIDAIRE® WDTS7024RZ-189 Product,,,,,,,,,,,,,,,,,,,,,,,,,,,,,,,,,,,,,,,,,,,,,,,,,,,,,,,,,,,,,,,,,,,,,,,,,,,,,,,,,,,,,,,,,,,,,,,,,,,,,,,,,,,,,,,,,,,,,,,,,,,,,,,,,,,,,,,,,,,,,,,,,,,,,,,,,,,,,,,,,,,,,,,,,,,,,,,,,,,,,,,,,,,,,,,,,,,,,,,,,,,,,,,,,,,,,,,,,,,,,,,,,
,,,,,,,,,,,DCB205C-190,Dewalt 20V Max 5.0Ah Starter Kit Item #190,,,,Black & Decker (2585),Black & Decker,DEWALT®,,DCB205C-190,,unclassified / needs manual mapping,DEWALT® DCB205C-190 Product,DEWALT DCB205C-190 PRODUCT,DEWALT® DCB205C-190 Product,DEWALT® DCB205C-190 Product,,,,,,,,,,,,,,,,,,,,,,,,,,,,,,,,,,,,,,,,,,,,,,,,,,,,,,,,,,,,,,,,,,,,,,,,,,,,,,,,,,,,,,,,,,,,,,,,,,,,,,,,,,,,,,,,,,,,,,,,,,,,,,,,,,,,,,,,,,,,,,,,,,,,,,,,,,,,,,,,,,,,,,,,,,,,,,,,,,,,,,,,,,,,,,,,,,,,,,,,,,,,,,,,,,,,,,,,,,,,,,,,,
,,,,,,,,,,,DCB518ASTS06G-191,"DCB518ASTS06G Diablo 1/2""x18"" - Sanding Belt 6pc Item #191",,,,Freud Inc (2435),Freud Inc,DIABLO®,,DCB518ASTS06G-191,,unclassified / needs manual mapping,DIABLO® DCB518ASTS06G-191 Product,DIABLO DCB518ASTS06G-191 PRODUCT,DIABLO® DCB518ASTS06G-191 Product,DIABLO® DCB518ASTS06G-191 Product,,,,,,,,,,,,,,,,,,,,,,,,,,,,,,,,,,,,,,,,,,,,,,,,,,,,,,,,,,,,,,,,,,,,,,,,,,,,,,,,,,,,,,,,,,,,,,,,,,,,,,,,,,,,,,,,,,,,,,,,,,,,,,,,,,,,,,,,,,,,,,,,,,,,,,,,,,,,,,,,,,,,,,,,,,,,,,,,,,,,,,,,,,,,,,,,,,,,,,,,,,,,,,,,,,,,,,,,,,,,,,,,,
,,,,,,,,,,,6702-000-192,Moen 6702-000 Genta Single Handle Bathroom Sink Faucet Chrome 1.2 gpm 4in Item #192,,,,Moen Incorporated (MOEN),Moen Incorporated,MOEN®,,6702-000-192,,Plumbing>Faucets>Bathroom Sink Faucets,"MOEN® 6702-000-192 Bathroom Sink Faucets, 2, 1.2 gpm, Chrome",MOEN 6702-000-192 BATHROOM SINK FAUCETS,"MOEN® 6702-000-192 Bathroom Sink Faucets, 2, 1.2 gpm, Chrome","MOEN® 6702-000-192 Bathroom Sink Faucets, 2, 1.2 gpm, Chrome",,,,,,,,,,,,,,,,,,,,,,,,,,,,,Number of Faucet Handles,2,,Flow Rate,1.2,gpm,Finish/Color,Chrome,,,,,,,,,,,,,,,,,,,,,,,,,,,,,,,,,,,,,,,,,,,,,,,,,,,,,,,,,,,,,,,,,,,,,,,,,,,,,,,,,,,,,,,,,,,,,,,,,,,,,,,,,,,,,,,,,,,,,,,,,,,,,,,,,,,,,,,,,,,,,,,,,,30181702,,,,,,,,,,,,,,,,,,,,,,,,,,,,,,,,,,,,,,,,,,,
,,,,,,,,,,,559HA-DST-193,Delta 559HA-DST Trinsic Single Handle Bathroom Sink Faucet Matte Black 1.2 gpm Item #193,,,,Delta Faucet Company (DELTA),Delta Faucet Company,DELTA®,,559HA-DST-193,,Plumbing>Faucets>Bathroom Sink Faucets,"DELTA® 559HA-DST-193 Bathroom Sink Faucets, 2, 1.2 gpm, Matte Black",DELTA 559HA-DST-193 BATHROOM SINK FAUCET,"DELTA® 559HA-DST-193 Bathroom Sink Faucets, 2, 1.2 gpm, Matte Black","DELTA® 559HA-DST-193 Bathroom Sink Faucets, 2, 1.2 gpm, Matte Black",,,,,,,,,,,,,,,,,,,,,,,,,,,,,Number of Faucet Handles,2,,Flow Rate,1.2,gpm,Finish/Color,Matte Black,,,,,,,,,,,,,,,,,,,,,,,,,,,,,,,,,,,,,,,,,,,,,,,,,,,,,,,,,,,,,,,,,,,,,,,,,,,,,,,,,,,,,,,,,,,,,,,,,,,,,,,,,,,,,,,,,,,,,,,,,,,,,,,,,,,,,,,,,,,,,,,,,,30181702,,,,,,,,,,,,,,,,,,,,,,,,,,,,,,,,,,,,,,,,,,,
,,,,,,,,,,,K-596-VS-194,Kohler K-596-VS Simplice Pull-Down Kitchen Faucet Vibrant Stainless 1.5 gpm Item #194,,,,Kohler Co. (KOHLER),Kohler Co.,KOHLER®,,K-596-VS-194,,Plumbing>Faucets>Utility Faucets,KOHLER® K-596-VS-194 Utility Faucets,KOHLER K-596-VS-194 UTILITY FAUCETS,KOHLER® K-596-VS-194 Utility Faucets,KOHLER® K-596-VS-194 Utility Faucets,,,,,,,,,,,,,,,,,,,,,,,,,,,,,,,,,,,,,,,,,,,,,,,,,,,,,,,,,,,,,,,,,,,,,,,,,,,,,,,,,,,,,,,,,,,,,,,,,,,,,,,,,,,,,,,,,,,,,,,,,,,,,,,,,,,,,,,,,,,,,,,,,,,,,,,,,,,,,,,,,,,,,,,,,,,,,,,,,,,,,,30181706,,,,,,,,,,,,,,,,,,,,,,,,,,,,,,,,,,,,,,,,,,,
,,,,,,,,,,,607-1/2-195,Nibco 607 1/2 1/2 in Copper Wrot Pressure 90 Deg Elbow Item #195,,,,Nibco Inc (NIBCO),Nibco Inc,NIBCO®,,607-1/2-195,,"Plumbing>Pipe, Tube & Hose Fittings>Pipe Fittings","NIBCO® 607-1/2-195 Pipe Fittings, Elbow, 1/2 in, Press, Copper",NIBCO 607-1/2-195 PIPE FITTINGS,"NIBCO® 607-1/2-195 Pipe Fittings, Elbow, 1/2 in, Press, Copper","NIBCO® 607-1/2-195 Pipe Fittings, Elbow, 1/2 in, Press, Copper",,,,,,,,,,,,,,,,,,,,,,,,,,,,,Fitting Fitting/Connector Type,Elbow,,Pipe Size,1/2,in,Connection Type,Press,,Fitting Material,Copper,,,,,,,,,,,,,,,,,,,,,,,,,,,,,,,,,,,,,,,,,,,,,,,,,,,,,,,,,,,,,,,,,,,,,,,,,,,,,,,,,,,,,,,,,,,,,,,,,,,,,,,,,,,,,,,,,,,,,,,,,,,,,,,,,,,,,,,,,,,,,,,40172600,,,,,,,,,,,,,,,,,,,,,,,,,,,,,,,,,,,,,,,,,,,
,,,,,,,,,,,U008LF-196,SharkBite U008LF 1/2 in Push-to-Connect Brass Coupling Item #196,,,,SharkBite Plumbing Solutions (SHARK),SharkBite Plumbing Solutions,SHARKBITE®,,U008LF-196,,"Plumbing>Pipe, Tube & Hose Fittings>Pipe Fittings","SHARKBITE® U008LF-196 Pipe Fittings, Coupling, 1/2 in, Push-to-Connect, Brass",SHARKBITE U008LF-196 PIPE FITTINGS,"SHARKBITE® U008LF-196 Pipe Fittings, Coupling, 1/2 in, Push-to-Connect, Brass","SHARKBITE® U008LF-196 Pipe Fittings, Coupling, 1/2 in, Push-to-Connect, Brass",,,,,,,,,,,,,,,,,,,,,,,,,,,,,Fitting Fitting/Connector Type,Coupling,,Pipe Size,1/2,in,Connection Type,Push-to-Connect,,Fitting Material,Brass,,,,,,,,,,,,,,,,,,,,,,,,,,,,,,,,,,,,,,,,,,,,,,,,,,,,,,,,,,,,,,,,,,,,,,,,,,,,,,,,,,,,,,,,,,,,,,,,,,,,,,,,,,,,,,,,,,,,,,,,,,,,,,,,,,,,,,,,,,,,,,,40172600,,,,,,,,,,,,,,,,,,,,,,,,,,,,,,,,,,,,,,,,,,,
,,,,,,,,,,,NIP-050-CLOSE-197,Charlotte Pipe 1/2 in x Close Black Steel Nipple MNPT Item #197,,,,Charlotte Pipe and Foundry (CHARL),Charlotte Pipe and Foundry,CHARLOTTE PIPE®,,NIP-050-CLOSE-197,,"Plumbing>Pipe, Tube & Hose Fittings>Pipe Fittings","CHARLOTTE PIPE® NIP-050-CLOSE-197 Pipe Fittings, Tee, 1/2 in, MNPT",CHARLOTTE PIPE NIP-050-CLOSE-197 PIPE FI,"CHARLOTTE PIPE® NIP-050-CLOSE-197 Pipe Fittings, Tee, 1/2 in, MNPT","CHARLOTTE PIPE® NIP-050-CLOSE-197 Pipe Fittings, Tee, 1/2 in, MNPT",,,,,,,,,,,,,,,,,,,,,,,,,,,,,Fitting Fitting/Connector Type,Tee,,Pipe Size,1/2,in,Connection Type,MNPT,,,,,,,,,,,,,,,,,,,,,,,,,,,,,,,,,,,,,,,,,,,,,,,,,,,,,,,,,,,,,,,,,,,,,,,,,,,,,,,,,,,,,,,,,,,,,,,,,,,,,,,,,,,,,,,,,,,,,,,,,,,,,,,,,,,,,,,,,,,,,,,,,,40172600,,,,,,,,,,,,,,,,,,,,,,,,,,,,,,,,,,,,,,,,,,,
,,,,,,,,,,,PDSH4816AF-198,PDSH4816AF Dishwasher SS - Display Only Item #198,,,,Appliance Dealers Cooperative (APPDE),Appliance Dealers Cooperative,FRIGIDAIRE®,,PDSH4816AF-198,,unclassified / needs manual mapping,FRIGIDAIRE® PDSH4816AF-198 Product,FRIGIDAIRE PDSH4816AF-198 PRODUCT,FRIGIDAIRE® PDSH4816AF-198 Product,FRIGIDAIRE® PDSH4816AF-198 Product,,,,,,,,,,,,,,,,,,,,,,,,,,,,,,,,,,,,,,,,,,,,,,,,,,,,,,,,,,,,,,,,,,,,,,,,,,,,,,,,,,,,,,,,,,,,,,,,,,,,,,,,,,,,,,,,,,,,,,,,,,,,,,,,,,,,,,,,,,,,,,,,,,,,,,,,,,,,,,,,,,,,,,,,,,,,,,,,,,,,,,,,,,,,,,,,,,,,,,,,,,,,,,,,,,,,,,,,,,,,,,,,,
,,,,,,,,,,,WDTS7024RZ-199,WDTS7024RZ Dishwasher SS - Display Only Item #199,,,,Appliance Dealers Cooperative (APPDE),Appliance Dealers Cooperative,FRIGIDAIRE®,,WDTS7024RZ-199,,unclassified / needs manual mapping,FRIGIDAIRE® WDTS7024RZ-199 Product,FRIGIDAIRE WDTS7024RZ-199 PRODUCT,FRIGIDAIRE® WDTS7024RZ-199 Product,FRIGIDAIRE® WDTS7024RZ-199 Product,,,,,,,,,,,,,,,,,,,,,,,,,,,,,,,,,,,,,,,,,,,,,,,,,,,,,,,,,,,,,,,,,,,,,,,,,,,,,,,,,,,,,,,,,,,,,,,,,,,,,,,,,,,,,,,,,,,,,,,,,,,,,,,,,,,,,,,,,,,,,,,,,,,,,,,,,,,,,,,,,,,,,,,,,,,,,,,,,,,,,,,,,,,,,,,,,,,,,,,,,,,,,,,,,,,,,,,,,,,,,,,,,
,,,,,,,,,,,DCB205C-200,Dewalt 20V Max 5.0Ah Starter Kit Item #200,,,,Black & Decker (2585),Black & Decker,DEWALT®,,DCB205C-200,,unclassified / needs manual mapping,DEWALT® DCB205C-200 Product,DEWALT DCB205C-200 PRODUCT,DEWALT® DCB205C-200 Product,DEWALT® DCB205C-200 Product,,,,,,,,,,,,,,,,,,,,,,,,,,,,,,,,,,,,,,,,,,,,,,,,,,,,,,,,,,,,,,,,,,,,,,,,,,,,,,,,,,,,,,,,,,,,,,,,,,,,,,,,,,,,,,,,,,,,,,,,,,,,,,,,,,,,,,,,,,,,,,,,,,,,,,,,,,,,,,,,,,,,,,,,,,,,,,,,,,,,,,,,,,,,,,,,,,,,,,,,,,,,,,,,,,,,,,,,,,,,,,,,,
,,,,,,,,,,,DCB518ASTS06G-201,"DCB518ASTS06G Diablo 1/2""x18"" - Sanding Belt 6pc Item #201",,,,Freud Inc (2435),Freud Inc,DIABLO®,,DCB518ASTS06G-201,,unclassified / needs manual mapping,DIABLO® DCB518ASTS06G-201 Product,DIABLO DCB518ASTS06G-201 PRODUCT,DIABLO® DCB518ASTS06G-201 Product,DIABLO® DCB518ASTS06G-201 Product,,,,,,,,,,,,,,,,,,,,,,,,,,,,,,,,,,,,,,,,,,,,,,,,,,,,,,,,,,,,,,,,,,,,,,,,,,,,,,,,,,,,,,,,,,,,,,,,,,,,,,,,,,,,,,,,,,,,,,,,,,,,,,,,,,,,,,,,,,,,,,,,,,,,,,,,,,,,,,,,,,,,,,,,,,,,,,,,,,,,,,,,,,,,,,,,,,,,,,,,,,,,,,,,,,,,,,,,,,,,,,,,,
,,,,,,,,,,,6702-000-202,Moen 6702-000 Genta Single Handle Bathroom Sink Faucet Chrome 1.2 gpm 4in Item #202,,,,Moen Incorporated (MOEN),Moen Incorporated,MOEN®,,6702-000-202,,Plumbing>Faucets>Bathroom Sink Faucets,"MOEN® 6702-000-202 Bathroom Sink Faucets, 2, 1.2 gpm, Chrome",MOEN 6702-000-202 BATHROOM SINK FAUCETS,"MOEN® 6702-000-202 Bathroom Sink Faucets, 2, 1.2 gpm, Chrome","MOEN® 6702-000-202 Bathroom Sink Faucets, 2, 1.2 gpm, Chrome",,,,,,,,,,,,,,,,,,,,,,,,,,,,,Number of Faucet Handles,2,,Flow Rate,1.2,gpm,Finish/Color,Chrome,,,,,,,,,,,,,,,,,,,,,,,,,,,,,,,,,,,,,,,,,,,,,,,,,,,,,,,,,,,,,,,,,,,,,,,,,,,,,,,,,,,,,,,,,,,,,,,,,,,,,,,,,,,,,,,,,,,,,,,,,,,,,,,,,,,,,,,,,,,,,,,,,,30181702,,,,,,,,,,,,,,,,,,,,,,,,,,,,,,,,,,,,,,,,,,,
,,,,,,,,,,,559HA-DST-203,Delta 559HA-DST Trinsic Single Handle Bathroom Sink Faucet Matte Black 1.2 gpm Item #203,,,,Delta Faucet Company (DELTA),Delta Faucet Company,DELTA®,,559HA-DST-203,,Plumbing>Faucets>Bathroom Sink Faucets,"DELTA® 559HA-DST-203 Bathroom Sink Faucets, 2, 1.2 gpm, Matte Black",DELTA 559HA-DST-203 BATHROOM SINK FAUCET,"DELTA® 559HA-DST-203 Bathroom Sink Faucets, 2, 1.2 gpm, Matte Black","DELTA® 559HA-DST-203 Bathroom Sink Faucets, 2, 1.2 gpm, Matte Black",,,,,,,,,,,,,,,,,,,,,,,,,,,,,Number of Faucet Handles,2,,Flow Rate,1.2,gpm,Finish/Color,Matte Black,,,,,,,,,,,,,,,,,,,,,,,,,,,,,,,,,,,,,,,,,,,,,,,,,,,,,,,,,,,,,,,,,,,,,,,,,,,,,,,,,,,,,,,,,,,,,,,,,,,,,,,,,,,,,,,,,,,,,,,,,,,,,,,,,,,,,,,,,,,,,,,,,,30181702,,,,,,,,,,,,,,,,,,,,,,,,,,,,,,,,,,,,,,,,,,,
,,,,,,,,,,,K-596-VS-204,Kohler K-596-VS Simplice Pull-Down Kitchen Faucet Vibrant Stainless 1.5 gpm Item #204,,,,Kohler Co. (KOHLER),Kohler Co.,KOHLER®,,K-596-VS-204,,Plumbing>Faucets>Utility Faucets,KOHLER® K-596-VS-204 Utility Faucets,KOHLER K-596-VS-204 UTILITY FAUCETS,KOHLER® K-596-VS-204 Utility Faucets,KOHLER® K-596-VS-204 Utility Faucets,,,,,,,,,,,,,,,,,,,,,,,,,,,,,,,,,,,,,,,,,,,,,,,,,,,,,,,,,,,,,,,,,,,,,,,,,,,,,,,,,,,,,,,,,,,,,,,,,,,,,,,,,,,,,,,,,,,,,,,,,,,,,,,,,,,,,,,,,,,,,,,,,,,,,,,,,,,,,,,,,,,,,,,,,,,,,,,,,,,,,,30181706,,,,,,,,,,,,,,,,,,,,,,,,,,,,,,,,,,,,,,,,,,,
,,,,,,,,,,,607-1/2-205,Nibco 607 1/2 1/2 in Copper Wrot Pressure 90 Deg Elbow Item #205,,,,Nibco Inc (NIBCO),Nibco Inc,NIBCO®,,607-1/2-205,,"Plumbing>Pipe, Tube & Hose Fittings>Pipe Fittings","NIBCO® 607-1/2-205 Pipe Fittings, Elbow, 1/2 in, Press, Copper",NIBCO 607-1/2-205 PIPE FITTINGS,"NIBCO® 607-1/2-205 Pipe Fittings, Elbow, 1/2 in, Press, Copper","NIBCO® 607-1/2-205 Pipe Fittings, Elbow, 1/2 in, Press, Copper",,,,,,,,,,,,,,,,,,,,,,,,,,,,,Fitting Fitting/Connector Type,Elbow,,Pipe Size,1/2,in,Connection Type,Press,,Fitting Material,Copper,,,,,,,,,,,,,,,,,,,,,,,,,,,,,,,,,,,,,,,,,,,,,,,,,,,,,,,,,,,,,,,,,,,,,,,,,,,,,,,,,,,,,,,,,,,,,,,,,,,,,,,,,,,,,,,,,,,,,,,,,,,,,,,,,,,,,,,,,,,,,,,40172600,,,,,,,,,,,,,,,,,,,,,,,,,,,,,,,,,,,,,,,,,,,
,,,,,,,,,,,U008LF-206,SharkBite U008LF 1/2 in Push-to-Connect Brass Coupling Item #206,,,,SharkBite Plumbing Solutions (SHARK),SharkBite Plumbing Solutions,SHARKBITE®,,U008LF-206,,"Plumbing>Pipe, Tube & Hose Fittings>Pipe Fittings","SHARKBITE® U008LF-206 Pipe Fittings, Coupling, 1/2 in, Push-to-Connect, Brass",SHARKBITE U008LF-206 PIPE FITTINGS,"SHARKBITE® U008LF-206 Pipe Fittings, Coupling, 1/2 in, Push-to-Connect, Brass","SHARKBITE® U008LF-206 Pipe Fittings, Coupling, 1/2 in, Push-to-Connect, Brass",,,,,,,,,,,,,,,,,,,,,,,,,,,,,Fitting Fitting/Connector Type,Coupling,,Pipe Size,1/2,in,Connection Type,Push-to-Connect,,Fitting Material,Brass,,,,,,,,,,,,,,,,,,,,,,,,,,,,,,,,,,,,,,,,,,,,,,,,,,,,,,,,,,,,,,,,,,,,,,,,,,,,,,,,,,,,,,,,,,,,,,,,,,,,,,,,,,,,,,,,,,,,,,,,,,,,,,,,,,,,,,,,,,,,,,,40172600,,,,,,,,,,,,,,,,,,,,,,,,,,,,,,,,,,,,,,,,,,,
,,,,,,,,,,,NIP-050-CLOSE-207,Charlotte Pipe 1/2 in x Close Black Steel Nipple MNPT Item #207,,,,Charlotte Pipe and Foundry (CHARL),Charlotte Pipe and Foundry,CHARLOTTE PIPE®,,NIP-050-CLOSE-207,,"Plumbing>Pipe, Tube & Hose Fittings>Pipe Fittings","CHARLOTTE PIPE® NIP-050-CLOSE-207 Pipe Fittings, Tee, 1/2 in, MNPT",CHARLOTTE PIPE NIP-050-CLOSE-207 PIPE FI,"CHARLOTTE PIPE® NIP-050-CLOSE-207 Pipe Fittings, Tee, 1/2 in, MNPT","CHARLOTTE PIPE® NIP-050-CLOSE-207 Pipe Fittings, Tee, 1/2 in, MNPT",,,,,,,,,,,,,,,,,,,,,,,,,,,,,Fitting Fitting/Connector Type,Tee,,Pipe Size,1/2,in,Connection Type,MNPT,,,,,,,,,,,,,,,,,,,,,,,,,,,,,,,,,,,,,,,,,,,,,,,,,,,,,,,,,,,,,,,,,,,,,,,,,,,,,,,,,,,,,,,,,,,,,,,,,,,,,,,,,,,,,,,,,,,,,,,,,,,,,,,,,,,,,,,,,,,,,,,,,,40172600,,,,,,,,,,,,,,,,,,,,,,,,,,,,,,,,,,,,,,,,,,,
,,,,,,,,,,,PDSH4816AF-208,PDSH4816AF Dishwasher SS - Display Only Item #208,,,,Appliance Dealers Cooperative (APPDE),Appliance Dealers Cooperative,FRIGIDAIRE®,,PDSH4816AF-208,,unclassified / needs manual mapping,FRIGIDAIRE® PDSH4816AF-208 Product,FRIGIDAIRE PDSH4816AF-208 PRODUCT,FRIGIDAIRE® PDSH4816AF-208 Product,FRIGIDAIRE® PDSH4816AF-208 Product,,,,,,,,,,,,,,,,,,,,,,,,,,,,,,,,,,,,,,,,,,,,,,,,,,,,,,,,,,,,,,,,,,,,,,,,,,,,,,,,,,,,,,,,,,,,,,,,,,,,,,,,,,,,,,,,,,,,,,,,,,,,,,,,,,,,,,,,,,,,,,,,,,,,,,,,,,,,,,,,,,,,,,,,,,,,,,,,,,,,,,,,,,,,,,,,,,,,,,,,,,,,,,,,,,,,,,,,,,,,,,,,,
,,,,,,,,,,,WDTS7024RZ-209,WDTS7024RZ Dishwasher SS - Display Only Item #209,,,,Appliance Dealers Cooperative (APPDE),Appliance Dealers Cooperative,FRIGIDAIRE®,,WDTS7024RZ-209,,unclassified / needs manual mapping,FRIGIDAIRE® WDTS7024RZ-209 Product,FRIGIDAIRE WDTS7024RZ-209 PRODUCT,FRIGIDAIRE® WDTS7024RZ-209 Product,FRIGIDAIRE® WDTS7024RZ-209 Product,,,,,,,,,,,,,,,,,,,,,,,,,,,,,,,,,,,,,,,,,,,,,,,,,,,,,,,,,,,,,,,,,,,,,,,,,,,,,,,,,,,,,,,,,,,,,,,,,,,,,,,,,,,,,,,,,,,,,,,,,,,,,,,,,,,,,,,,,,,,,,,,,,,,,,,,,,,,,,,,,,,,,,,,,,,,,,,,,,,,,,,,,,,,,,,,,,,,,,,,,,,,,,,,,,,,,,,,,,,,,,,,,
,,,,,,,,,,,DCB205C-210,Dewalt 20V Max 5.0Ah Starter Kit Item #210,,,,Black & Decker (2585),Black & Decker,DEWALT®,,DCB205C-210,,unclassified / needs manual mapping,DEWALT® DCB205C-210 Product,DEWALT DCB205C-210 PRODUCT,DEWALT® DCB205C-210 Product,DEWALT® DCB205C-210 Product,,,,,,,,,,,,,,,,,,,,,,,,,,,,,,,,,,,,,,,,,,,,,,,,,,,,,,,,,,,,,,,,,,,,,,,,,,,,,,,,,,,,,,,,,,,,,,,,,,,,,,,,,,,,,,,,,,,,,,,,,,,,,,,,,,,,,,,,,,,,,,,,,,,,,,,,,,,,,,,,,,,,,,,,,,,,,,,,,,,,,,,,,,,,,,,,,,,,,,,,,,,,,,,,,,,,,,,,,,,,,,,,,
,,,,,,,,,,,DCB518ASTS06G-211,"DCB518ASTS06G Diablo 1/2""x18"" - Sanding Belt 6pc Item #211",,,,Freud Inc (2435),Freud Inc,DIABLO®,,DCB518ASTS06G-211,,unclassified / needs manual mapping,DIABLO® DCB518ASTS06G-211 Product,DIABLO DCB518ASTS06G-211 PRODUCT,DIABLO® DCB518ASTS06G-211 Product,DIABLO® DCB518ASTS06G-211 Product,,,,,,,,,,,,,,,,,,,,,,,,,,,,,,,,,,,,,,,,,,,,,,,,,,,,,,,,,,,,,,,,,,,,,,,,,,,,,,,,,,,,,,,,,,,,,,,,,,,,,,,,,,,,,,,,,,,,,,,,,,,,,,,,,,,,,,,,,,,,,,,,,,,,,,,,,,,,,,,,,,,,,,,,,,,,,,,,,,,,,,,,,,,,,,,,,,,,,,,,,,,,,,,,,,,,,,,,,,,,,,,,,
,,,,,,,,,,,6702-000-212,Moen 6702-000 Genta Single Handle Bathroom Sink Faucet Chrome 1.2 gpm 4in Item #212,,,,Moen Incorporated (MOEN),Moen Incorporated,MOEN®,,6702-000-212,,Plumbing>Faucets>Bathroom Sink Faucets,"MOEN® 6702-000-212 Bathroom Sink Faucets, 2, 1.2 gpm, Chrome",MOEN 6702-000-212 BATHROOM SINK FAUCETS,"MOEN® 6702-000-212 Bathroom Sink Faucets, 2, 1.2 gpm, Chrome","MOEN® 6702-000-212 Bathroom Sink Faucets, 2, 1.2 gpm, Chrome",,,,,,,,,,,,,,,,,,,,,,,,,,,,,Number of Faucet Handles,2,,Flow Rate,1.2,gpm,Finish/Color,Chrome,,,,,,,,,,,,,,,,,,,,,,,,,,,,,,,,,,,,,,,,,,,,,,,,,,,,,,,,,,,,,,,,,,,,,,,,,,,,,,,,,,,,,,,,,,,,,,,,,,,,,,,,,,,,,,,,,,,,,,,,,,,,,,,,,,,,,,,,,,,,,,,,,,30181702,,,,,,,,,,,,,,,,,,,,,,,,,,,,,,,,,,,,,,,,,,,
,,,,,,,,,,,559HA-DST-213,Delta 559HA-DST Trinsic Single Handle Bathroom Sink Faucet Matte Black 1.2 gpm Item #213,,,,Delta Faucet Company (DELTA),Delta Faucet Company,DELTA®,,559HA-DST-213,,Plumbing>Faucets>Bathroom Sink Faucets,"DELTA® 559HA-DST-213 Bathroom Sink Faucets, 2, 1.2 gpm, Matte Black",DELTA 559HA-DST-213 BATHROOM SINK FAUCET,"DELTA® 559HA-DST-213 Bathroom Sink Faucets, 2, 1.2 gpm, Matte Black","DELTA® 559HA-DST-213 Bathroom Sink Faucets, 2, 1.2 gpm, Matte Black",,,,,,,,,,,,,,,,,,,,,,,,,,,,,Number of Faucet Handles,2,,Flow Rate,1.2,gpm,Finish/Color,Matte Black,,,,,,,,,,,,,,,,,,,,,,,,,,,,,,,,,,,,,,,,,,,,,,,,,,,,,,,,,,,,,,,,,,,,,,,,,,,,,,,,,,,,,,,,,,,,,,,,,,,,,,,,,,,,,,,,,,,,,,,,,,,,,,,,,,,,,,,,,,,,,,,,,,30181702,,,,,,,,,,,,,,,,,,,,,,,,,,,,,,,,,,,,,,,,,,,
,,,,,,,,,,,K-596-VS-214,Kohler K-596-VS Simplice Pull-Down Kitchen Faucet Vibrant Stainless 1.5 gpm Item #214,,,,Kohler Co. (KOHLER),Kohler Co.,KOHLER®,,K-596-VS-214,,Plumbing>Faucets>Utility Faucets,KOHLER® K-596-VS-214 Utility Faucets,KOHLER K-596-VS-214 UTILITY FAUCETS,KOHLER® K-596-VS-214 Utility Faucets,KOHLER® K-596-VS-214 Utility Faucets,,,,,,,,,,,,,,,,,,,,,,,,,,,,,,,,,,,,,,,,,,,,,,,,,,,,,,,,,,,,,,,,,,,,,,,,,,,,,,,,,,,,,,,,,,,,,,,,,,,,,,,,,,,,,,,,,,,,,,,,,,,,,,,,,,,,,,,,,,,,,,,,,,,,,,,,,,,,,,,,,,,,,,,,,,,,,,,,,,,,,,30181706,,,,,,,,,,,,,,,,,,,,,,,,,,,,,,,,,,,,,,,,,,,
,,,,,,,,,,,607-1/2-215,Nibco 607 1/2 1/2 in Copper Wrot Pressure 90 Deg Elbow Item #215,,,,Nibco Inc (NIBCO),Nibco Inc,NIBCO®,,607-1/2-215,,"Plumbing>Pipe, Tube & Hose Fittings>Pipe Fittings","NIBCO® 607-1/2-215 Pipe Fittings, Elbow, 1/2 in, Press, Copper",NIBCO 607-1/2-215 PIPE FITTINGS,"NIBCO® 607-1/2-215 Pipe Fittings, Elbow, 1/2 in, Press, Copper","NIBCO® 607-1/2-215 Pipe Fittings, Elbow, 1/2 in, Press, Copper",,,,,,,,,,,,,,,,,,,,,,,,,,,,,Fitting Fitting/Connector Type,Elbow,,Pipe Size,1/2,in,Connection Type,Press,,Fitting Material,Copper,,,,,,,,,,,,,,,,,,,,,,,,,,,,,,,,,,,,,,,,,,,,,,,,,,,,,,,,,,,,,,,,,,,,,,,,,,,,,,,,,,,,,,,,,,,,,,,,,,,,,,,,,,,,,,,,,,,,,,,,,,,,,,,,,,,,,,,,,,,,,,,40172600,,,,,,,,,,,,,,,,,,,,,,,,,,,,,,,,,,,,,,,,,,,
,,,,,,,,,,,U008LF-216,SharkBite U008LF 1/2 in Push-to-Connect Brass Coupling Item #216,,,,SharkBite Plumbing Solutions (SHARK),SharkBite Plumbing Solutions,SHARKBITE®,,U008LF-216,,"Plumbing>Pipe, Tube & Hose Fittings>Pipe Fittings","SHARKBITE® U008LF-216 Pipe Fittings, Coupling, 1/2 in, Push-to-Connect, Brass",SHARKBITE U008LF-216 PIPE FITTINGS,"SHARKBITE® U008LF-216 Pipe Fittings, Coupling, 1/2 in, Push-to-Connect, Brass","SHARKBITE® U008LF-216 Pipe Fittings, Coupling, 1/2 in, Push-to-Connect, Brass",,,,,,,,,,,,,,,,,,,,,,,,,,,,,Fitting Fitting/Connector Type,Coupling,,Pipe Size,1/2,in,Connection Type,Push-to-Connect,,Fitting Material,Brass,,,,,,,,,,,,,,,,,,,,,,,,,,,,,,,,,,,,,,,,,,,,,,,,,,,,,,,,,,,,,,,,,,,,,,,,,,,,,,,,,,,,,,,,,,,,,,,,,,,,,,,,,,,,,,,,,,,,,,,,,,,,,,,,,,,,,,,,,,,,,,,40172600,,,,,,,,,,,,,,,,,,,,,,,,,,,,,,,,,,,,,,,,,,,
,,,,,,,,,,,NIP-050-CLOSE-217,Charlotte Pipe 1/2 in x Close Black Steel Nipple MNPT Item #217,,,,Charlotte Pipe and Foundry (CHARL),Charlotte Pipe and Foundry,CHARLOTTE PIPE®,,NIP-050-CLOSE-217,,"Plumbing>Pipe, Tube & Hose Fittings>Pipe Fittings","CHARLOTTE PIPE® NIP-050-CLOSE-217 Pipe Fittings, Tee, 1/2 in, MNPT",CHARLOTTE PIPE NIP-050-CLOSE-217 PIPE FI,"CHARLOTTE PIPE® NIP-050-CLOSE-217 Pipe Fittings, Tee, 1/2 in, MNPT","CHARLOTTE PIPE® NIP-050-CLOSE-217 Pipe Fittings, Tee, 1/2 in, MNPT",,,,,,,,,,,,,,,,,,,,,,,,,,,,,Fitting Fitting/Connector Type,Tee,,Pipe Size,1/2,in,Connection Type,MNPT,,,,,,,,,,,,,,,,,,,,,,,,,,,,,,,,,,,,,,,,,,,,,,,,,,,,,,,,,,,,,,,,,,,,,,,,,,,,,,,,,,,,,,,,,,,,,,,,,,,,,,,,,,,,,,,,,,,,,,,,,,,,,,,,,,,,,,,,,,,,,,,,,,40172600,,,,,,,,,,,,,,,,,,,,,,,,,,,,,,,,,,,,,,,,,,,
,,,,,,,,,,,PDSH4816AF-218,PDSH4816AF Dishwasher SS - Display Only Item #218,,,,Appliance Dealers Cooperative (APPDE),Appliance Dealers Cooperative,FRIGIDAIRE®,,PDSH4816AF-218,,unclassified / needs manual mapping,FRIGIDAIRE® PDSH4816AF-218 Product,FRIGIDAIRE PDSH4816AF-218 PRODUCT,FRIGIDAIRE® PDSH4816AF-218 Product,FRIGIDAIRE® PDSH4816AF-218 Product,,,,,,,,,,,,,,,,,,,,,,,,,,,,,,,,,,,,,,,,,,,,,,,,,,,,,,,,,,,,,,,,,,,,,,,,,,,,,,,,,,,,,,,,,,,,,,,,,,,,,,,,,,,,,,,,,,,,,,,,,,,,,,,,,,,,,,,,,,,,,,,,,,,,,,,,,,,,,,,,,,,,,,,,,,,,,,,,,,,,,,,,,,,,,,,,,,,,,,,,,,,,,,,,,,,,,,,,,,,,,,,,,
,,,,,,,,,,,WDTS7024RZ-219,WDTS7024RZ Dishwasher SS - Display Only Item #219,,,,Appliance Dealers Cooperative (APPDE),Appliance Dealers Cooperative,FRIGIDAIRE®,,WDTS7024RZ-219,,unclassified / needs manual mapping,FRIGIDAIRE® WDTS7024RZ-219 Product,FRIGIDAIRE WDTS7024RZ-219 PRODUCT,FRIGIDAIRE® WDTS7024RZ-219 Product,FRIGIDAIRE® WDTS7024RZ-219 Product,,,,,,,,,,,,,,,,,,,,,,,,,,,,,,,,,,,,,,,,,,,,,,,,,,,,,,,,,,,,,,,,,,,,,,,,,,,,,,,,,,,,,,,,,,,,,,,,,,,,,,,,,,,,,,,,,,,,,,,,,,,,,,,,,,,,,,,,,,,,,,,,,,,,,,,,,,,,,,,,,,,,,,,,,,,,,,,,,,,,,,,,,,,,,,,,,,,,,,,,,,,,,,,,,,,,,,,,,,,,,,,,,
,,,,,,,,,,,DCB205C-220,Dewalt 20V Max 5.0Ah Starter Kit Item #220,,,,Black & Decker (2585),Black & Decker,DEWALT®,,DCB205C-220,,unclassified / needs manual mapping,DEWALT® DCB205C-220 Product,DEWALT DCB205C-220 PRODUCT,DEWALT® DCB205C-220 Product,DEWALT® DCB205C-220 Product,,,,,,,,,,,,,,,,,,,,,,,,,,,,,,,,,,,,,,,,,,,,,,,,,,,,,,,,,,,,,,,,,,,,,,,,,,,,,,,,,,,,,,,,,,,,,,,,,,,,,,,,,,,,,,,,,,,,,,,,,,,,,,,,,,,,,,,,,,,,,,,,,,,,,,,,,,,,,,,,,,,,,,,,,,,,,,,,,,,,,,,,,,,,,,,,,,,,,,,,,,,,,,,,,,,,,,,,,,,,,,,,,
,,,,,,,,,,,DCB518ASTS06G-221,"DCB518ASTS06G Diablo 1/2""x18"" - Sanding Belt 6pc Item #221",,,,Freud Inc (2435),Freud Inc,DIABLO®,,DCB518ASTS06G-221,,unclassified / needs manual mapping,DIABLO® DCB518ASTS06G-221 Product,DIABLO DCB518ASTS06G-221 PRODUCT,DIABLO® DCB518ASTS06G-221 Product,DIABLO® DCB518ASTS06G-221 Product,,,,,,,,,,,,,,,,,,,,,,,,,,,,,,,,,,,,,,,,,,,,,,,,,,,,,,,,,,,,,,,,,,,,,,,,,,,,,,,,,,,,,,,,,,,,,,,,,,,,,,,,,,,,,,,,,,,,,,,,,,,,,,,,,,,,,,,,,,,,,,,,,,,,,,,,,,,,,,,,,,,,,,,,,,,,,,,,,,,,,,,,,,,,,,,,,,,,,,,,,,,,,,,,,,,,,,,,,,,,,,,,,
,,,,,,,,,,,6702-000-222,Moen 6702-000 Genta Single Handle Bathroom Sink Faucet Chrome 1.2 gpm 4in Item #222,,,,Moen Incorporated (MOEN),Moen Incorporated,MOEN®,,6702-000-222,,Plumbing>Faucets>Bathroom Sink Faucets,"MOEN® 6702-000-222 Bathroom Sink Faucets, 2, 1.2 gpm, Chrome",MOEN 6702-000-222 BATHROOM SINK FAUCETS,"MOEN® 6702-000-222 Bathroom Sink Faucets, 2, 1.2 gpm, Chrome","MOEN® 6702-000-222 Bathroom Sink Faucets, 2, 1.2 gpm, Chrome",,,,,,,,,,,,,,,,,,,,,,,,,,,,,Number of Faucet Handles,2,,Flow Rate,1.2,gpm,Finish/Color,Chrome,,,,,,,,,,,,,,,,,,,,,,,,,,,,,,,,,,,,,,,,,,,,,,,,,,,,,,,,,,,,,,,,,,,,,,,,,,,,,,,,,,,,,,,,,,,,,,,,,,,,,,,,,,,,,,,,,,,,,,,,,,,,,,,,,,,,,,,,,,,,,,,,,,30181702,,,,,,,,,,,,,,,,,,,,,,,,,,,,,,,,,,,,,,,,,,,
,,,,,,,,,,,559HA-DST-223,Delta 559HA-DST Trinsic Single Handle Bathroom Sink Faucet Matte Black 1.2 gpm Item #223,,,,Delta Faucet Company (DELTA),Delta Faucet Company,DELTA®,,559HA-DST-223,,Plumbing>Faucets>Bathroom Sink Faucets,"DELTA® 559HA-DST-223 Bathroom Sink Faucets, 2, 1.2 gpm, Matte Black",DELTA 559HA-DST-223 BATHROOM SINK FAUCET,"DELTA® 559HA-DST-223 Bathroom Sink Faucets, 2, 1.2 gpm, Matte Black","DELTA® 559HA-DST-223 Bathroom Sink Faucets, 2, 1.2 gpm, Matte Black",,,,,,,,,,,,,,,,,,,,,,,,,,,,,Number of Faucet Handles,2,,Flow Rate,1.2,gpm,Finish/Color,Matte Black,,,,,,,,,,,,,,,,,,,,,,,,,,,,,,,,,,,,,,,,,,,,,,,,,,,,,,,,,,,,,,,,,,,,,,,,,,,,,,,,,,,,,,,,,,,,,,,,,,,,,,,,,,,,,,,,,,,,,,,,,,,,,,,,,,,,,,,,,,,,,,,,,,30181702,,,,,,,,,,,,,,,,,,,,,,,,,,,,,,,,,,,,,,,,,,,
,,,,,,,,,,,K-596-VS-224,Kohler K-596-VS Simplice Pull-Down Kitchen Faucet Vibrant Stainless 1.5 gpm Item #224,,,,Kohler Co. (KOHLER),Kohler Co.,KOHLER®,,K-596-VS-224,,Plumbing>Faucets>Utility Faucets,KOHLER® K-596-VS-224 Utility Faucets,KOHLER K-596-VS-224 UTILITY FAUCETS,KOHLER® K-596-VS-224 Utility Faucets,KOHLER® K-596-VS-224 Utility Faucets,,,,,,,,,,,,,,,,,,,,,,,,,,,,,,,,,,,,,,,,,,,,,,,,,,,,,,,,,,,,,,,,,,,,,,,,,,,,,,,,,,,,,,,,,,,,,,,,,,,,,,,,,,,,,,,,,,,,,,,,,,,,,,,,,,,,,,,,,,,,,,,,,,,,,,,,,,,,,,,,,,,,,,,,,,,,,,,,,,,,,,30181706,,,,,,,,,,,,,,,,,,,,,,,,,,,,,,,,,,,,,,,,,,,
,,,,,,,,,,,607-1/2-225,Nibco 607 1/2 1/2 in Copper Wrot Pressure 90 Deg Elbow Item #225,,,,Nibco Inc (NIBCO),Nibco Inc,NIBCO®,,607-1/2-225,,"Plumbing>Pipe, Tube & Hose Fittings>Pipe Fittings","NIBCO® 607-1/2-225 Pipe Fittings, Elbow, 1/2 in, Press, Copper",NIBCO 607-1/2-225 PIPE FITTINGS,"NIBCO® 607-1/2-225 Pipe Fittings, Elbow, 1/2 in, Press, Copper","NIBCO® 607-1/2-225 Pipe Fittings, Elbow, 1/2 in, Press, Copper",,,,,,,,,,,,,,,,,,,,,,,,,,,,,Fitting Fitting/Connector Type,Elbow,,Pipe Size,1/2,in,Connection Type,Press,,Fitting Material,Copper,,,,,,,,,,,,,,,,,,,,,,,,,,,,,,,,,,,,,,,,,,,,,,,,,,,,,,,,,,,,,,,,,,,,,,,,,,,,,,,,,,,,,,,,,,,,,,,,,,,,,,,,,,,,,,,,,,,,,,,,,,,,,,,,,,,,,,,,,,,,,,,40172600,,,,,,,,,,,,,,,,,,,,,,,,,,,,,,,,,,,,,,,,,,,
,,,,,,,,,,,U008LF-226,SharkBite U008LF 1/2 in Push-to-Connect Brass Coupling Item #226,,,,SharkBite Plumbing Solutions (SHARK),SharkBite Plumbing Solutions,SHARKBITE®,,U008LF-226,,"Plumbing>Pipe, Tube & Hose Fittings>Pipe Fittings","SHARKBITE® U008LF-226 Pipe Fittings, Coupling, 1/2 in, Push-to-Connect, Brass",SHARKBITE U008LF-226 PIPE FITTINGS,"SHARKBITE® U008LF-226 Pipe Fittings, Coupling, 1/2 in, Push-to-Connect, Brass","SHARKBITE® U008LF-226 Pipe Fittings, Coupling, 1/2 in, Push-to-Connect, Brass",,,,,,,,,,,,,,,,,,,,,,,,,,,,,Fitting Fitting/Connector Type,Coupling,,Pipe Size,1/2,in,Connection Type,Push-to-Connect,,Fitting Material,Brass,,,,,,,,,,,,,,,,,,,,,,,,,,,,,,,,,,,,,,,,,,,,,,,,,,,,,,,,,,,,,,,,,,,,,,,,,,,,,,,,,,,,,,,,,,,,,,,,,,,,,,,,,,,,,,,,,,,,,,,,,,,,,,,,,,,,,,,,,,,,,,,40172600,,,,,,,,,,,,,,,,,,,,,,,,,,,,,,,,,,,,,,,,,,,
,,,,,,,,,,,NIP-050-CLOSE-227,Charlotte Pipe 1/2 in x Close Black Steel Nipple MNPT Item #227,,,,Charlotte Pipe and Foundry (CHARL),Charlotte Pipe and Foundry,CHARLOTTE PIPE®,,NIP-050-CLOSE-227,,"Plumbing>Pipe, Tube & Hose Fittings>Pipe Fittings","CHARLOTTE PIPE® NIP-050-CLOSE-227 Pipe Fittings, Tee, 1/2 in, MNPT",CHARLOTTE PIPE NIP-050-CLOSE-227 PIPE FI,"CHARLOTTE PIPE® NIP-050-CLOSE-227 Pipe Fittings, Tee, 1/2 in, MNPT","CHARLOTTE PIPE® NIP-050-CLOSE-227 Pipe Fittings, Tee, 1/2 in, MNPT",,,,,,,,,,,,,,,,,,,,,,,,,,,,,Fitting Fitting/Connector Type,Tee,,Pipe Size,1/2,in,Connection Type,MNPT,,,,,,,,,,,,,,,,,,,,,,,,,,,,,,,,,,,,,,,,,,,,,,,,,,,,,,,,,,,,,,,,,,,,,,,,,,,,,,,,,,,,,,,,,,,,,,,,,,,,,,,,,,,,,,,,,,,,,,,,,,,,,,,,,,,,,,,,,,,,,,,,,,40172600,,,,,,,,,,,,,,,,,,,,,,,,,,,,,,,,,,,,,,,,,,,
,,,,,,,,,,,PDSH4816AF-228,PDSH4816AF Dishwasher SS - Display Only Item #228,,,,Appliance Dealers Cooperative (APPDE),Appliance Dealers Cooperative,FRIGIDAIRE®,,PDSH4816AF-228,,unclassified / needs manual mapping,FRIGIDAIRE® PDSH4816AF-228 Product,FRIGIDAIRE PDSH4816AF-228 PRODUCT,FRIGIDAIRE® PDSH4816AF-228 Product,FRIGIDAIRE® PDSH4816AF-228 Product,,,,,,,,,,,,,,,,,,,,,,,,,,,,,,,,,,,,,,,,,,,,,,,,,,,,,,,,,,,,,,,,,,,,,,,,,,,,,,,,,,,,,,,,,,,,,,,,,,,,,,,,,,,,,,,,,,,,,,,,,,,,,,,,,,,,,,,,,,,,,,,,,,,,,,,,,,,,,,,,,,,,,,,,,,,,,,,,,,,,,,,,,,,,,,,,,,,,,,,,,,,,,,,,,,,,,,,,,,,,,,,,,
,,,,,,,,,,,WDTS7024RZ-229,WDTS7024RZ Dishwasher SS - Display Only Item #229,,,,Appliance Dealers Cooperative (APPDE),Appliance Dealers Cooperative,FRIGIDAIRE®,,WDTS7024RZ-229,,unclassified / needs manual mapping,FRIGIDAIRE® WDTS7024RZ-229 Product,FRIGIDAIRE WDTS7024RZ-229 PRODUCT,FRIGIDAIRE® WDTS7024RZ-229 Product,FRIGIDAIRE® WDTS7024RZ-229 Product,,,,,,,,,,,,,,,,,,,,,,,,,,,,,,,,,,,,,,,,,,,,,,,,,,,,,,,,,,,,,,,,,,,,,,,,,,,,,,,,,,,,,,,,,,,,,,,,,,,,,,,,,,,,,,,,,,,,,,,,,,,,,,,,,,,,,,,,,,,,,,,,,,,,,,,,,,,,,,,,,,,,,,,,,,,,,,,,,,,,,,,,,,,,,,,,,,,,,,,,,,,,,,,,,,,,,,,,,,,,,,,,,
,,,,,,,,,,,DCB205C-230,Dewalt 20V Max 5.0Ah Starter Kit Item #230,,,,Black & Decker (2585),Black & Decker,DEWALT®,,DCB205C-230,,unclassified / needs manual mapping,DEWALT® DCB205C-230 Product,DEWALT DCB205C-230 PRODUCT,DEWALT® DCB205C-230 Product,DEWALT® DCB205C-230 Product,,,,,,,,,,,,,,,,,,,,,,,,,,,,,,,,,,,,,,,,,,,,,,,,,,,,,,,,,,,,,,,,,,,,,,,,,,,,,,,,,,,,,,,,,,,,,,,,,,,,,,,,,,,,,,,,,,,,,,,,,,,,,,,,,,,,,,,,,,,,,,,,,,,,,,,,,,,,,,,,,,,,,,,,,,,,,,,,,,,,,,,,,,,,,,,,,,,,,,,,,,,,,,,,,,,,,,,,,,,,,,,,,
,,,,,,,,,,,DCB518ASTS06G-231,"DCB518ASTS06G Diablo 1/2""x18"" - Sanding Belt 6pc Item #231",,,,Freud Inc (2435),Freud Inc,DIABLO®,,DCB518ASTS06G-231,,unclassified / needs manual mapping,DIABLO® DCB518ASTS06G-231 Product,DIABLO DCB518ASTS06G-231 PRODUCT,DIABLO® DCB518ASTS06G-231 Product,DIABLO® DCB518ASTS06G-231 Product,,,,,,,,,,,,,,,,,,,,,,,,,,,,,,,,,,,,,,,,,,,,,,,,,,,,,,,,,,,,,,,,,,,,,,,,,,,,,,,,,,,,,,,,,,,,,,,,,,,,,,,,,,,,,,,,,,,,,,,,,,,,,,,,,,,,,,,,,,,,,,,,,,,,,,,,,,,,,,,,,,,,,,,,,,,,,,,,,,,,,,,,,,,,,,,,,,,,,,,,,,,,,,,,,,,,,,,,,,,,,,,,,
,,,,,,,,,,,6702-000-232,Moen 6702-000 Genta Single Handle Bathroom Sink Faucet Chrome 1.2 gpm 4in Item #232,,,,Moen Incorporated (MOEN),Moen Incorporated,MOEN®,,6702-000-232,,Plumbing>Faucets>Bathroom Sink Faucets,"MOEN® 6702-000-232 Bathroom Sink Faucets, 2, 1.2 gpm, Chrome",MOEN 6702-000-232 BATHROOM SINK FAUCETS,"MOEN® 6702-000-232 Bathroom Sink Faucets, 2, 1.2 gpm, Chrome","MOEN® 6702-000-232 Bathroom Sink Faucets, 2, 1.2 gpm, Chrome",,,,,,,,,,,,,,,,,,,,,,,,,,,,,Number of Faucet Handles,2,,Flow Rate,1.2,gpm,Finish/Color,Chrome,,,,,,,,,,,,,,,,,,,,,,,,,,,,,,,,,,,,,,,,,,,,,,,,,,,,,,,,,,,,,,,,,,,,,,,,,,,,,,,,,,,,,,,,,,,,,,,,,,,,,,,,,,,,,,,,,,,,,,,,,,,,,,,,,,,,,,,,,,,,,,,,,,30181702,,,,,,,,,,,,,,,,,,,,,,,,,,,,,,,,,,,,,,,,,,,
,,,,,,,,,,,559HA-DST-233,Delta 559HA-DST Trinsic Single Handle Bathroom Sink Faucet Matte Black 1.2 gpm Item #233,,,,Delta Faucet Company (DELTA),Delta Faucet Company,DELTA®,,559HA-DST-233,,Plumbing>Faucets>Bathroom Sink Faucets,"DELTA® 559HA-DST-233 Bathroom Sink Faucets, 2, 1.2 gpm, Matte Black",DELTA 559HA-DST-233 BATHROOM SINK FAUCET,"DELTA® 559HA-DST-233 Bathroom Sink Faucets, 2, 1.2 gpm, Matte Black","DELTA® 559HA-DST-233 Bathroom Sink Faucets, 2, 1.2 gpm, Matte Black",,,,,,,,,,,,,,,,,,,,,,,,,,,,,Number of Faucet Handles,2,,Flow Rate,1.2,gpm,Finish/Color,Matte Black,,,,,,,,,,,,,,,,,,,,,,,,,,,,,,,,,,,,,,,,,,,,,,,,,,,,,,,,,,,,,,,,,,,,,,,,,,,,,,,,,,,,,,,,,,,,,,,,,,,,,,,,,,,,,,,,,,,,,,,,,,,,,,,,,,,,,,,,,,,,,,,,,,30181702,,,,,,,,,,,,,,,,,,,,,,,,,,,,,,,,,,,,,,,,,,,
,,,,,,,,,,,K-596-VS-234,Kohler K-596-VS Simplice Pull-Down Kitchen Faucet Vibrant Stainless 1.5 gpm Item #234,,,,Kohler Co. (KOHLER),Kohler Co.,KOHLER®,,K-596-VS-234,,Plumbing>Faucets>Utility Faucets,KOHLER® K-596-VS-234 Utility Faucets,KOHLER K-596-VS-234 UTILITY FAUCETS,KOHLER® K-596-VS-234 Utility Faucets,KOHLER® K-596-VS-234 Utility Faucets,,,,,,,,,,,,,,,,,,,,,,,,,,,,,,,,,,,,,,,,,,,,,,,,,,,,,,,,,,,,,,,,,,,,,,,,,,,,,,,,,,,,,,,,,,,,,,,,,,,,,,,,,,,,,,,,,,,,,,,,,,,,,,,,,,,,,,,,,,,,,,,,,,,,,,,,,,,,,,,,,,,,,,,,,,,,,,,,,,,,,,30181706,,,,,,,,,,,,,,,,,,,,,,,,,,,,,,,,,,,,,,,,,,,
,,,,,,,,,,,607-1/2-235,Nibco 607 1/2 1/2 in Copper Wrot Pressure 90 Deg Elbow Item #235,,,,Nibco Inc (NIBCO),Nibco Inc,NIBCO®,,607-1/2-235,,"Plumbing>Pipe, Tube & Hose Fittings>Pipe Fittings","NIBCO® 607-1/2-235 Pipe Fittings, Elbow, 1/2 in, Press, Copper",NIBCO 607-1/2-235 PIPE FITTINGS,"NIBCO® 607-1/2-235 Pipe Fittings, Elbow, 1/2 in, Press, Copper","NIBCO® 607-1/2-235 Pipe Fittings, Elbow, 1/2 in, Press, Copper",,,,,,,,,,,,,,,,,,,,,,,,,,,,,Fitting Fitting/Connector Type,Elbow,,Pipe Size,1/2,in,Connection Type,Press,,Fitting Material,Copper,,,,,,,,,,,,,,,,,,,,,,,,,,,,,,,,,,,,,,,,,,,,,,,,,,,,,,,,,,,,,,,,,,,,,,,,,,,,,,,,,,,,,,,,,,,,,,,,,,,,,,,,,,,,,,,,,,,,,,,,,,,,,,,,,,,,,,,,,,,,,,,40172600,,,,,,,,,,,,,,,,,,,,,,,,,,,,,,,,,,,,,,,,,,,
,,,,,,,,,,,U008LF-236,SharkBite U008LF 1/2 in Push-to-Connect Brass Coupling Item #236,,,,SharkBite Plumbing Solutions (SHARK),SharkBite Plumbing Solutions,SHARKBITE®,,U008LF-236,,"Plumbing>Pipe, Tube & Hose Fittings>Pipe Fittings","SHARKBITE® U008LF-236 Pipe Fittings, Coupling, 1/2 in, Push-to-Connect, Brass",SHARKBITE U008LF-236 PIPE FITTINGS,"SHARKBITE® U008LF-236 Pipe Fittings, Coupling, 1/2 in, Push-to-Connect, Brass","SHARKBITE® U008LF-236 Pipe Fittings, Coupling, 1/2 in, Push-to-Connect, Brass",,,,,,,,,,,,,,,,,,,,,,,,,,,,,Fitting Fitting/Connector Type,Coupling,,Pipe Size,1/2,in,Connection Type,Push-to-Connect,,Fitting Material,Brass,,,,,,,,,,,,,,,,,,,,,,,,,,,,,,,,,,,,,,,,,,,,,,,,,,,,,,,,,,,,,,,,,,,,,,,,,,,,,,,,,,,,,,,,,,,,,,,,,,,,,,,,,,,,,,,,,,,,,,,,,,,,,,,,,,,,,,,,,,,,,,,40172600,,,,,,,,,,,,,,,,,,,,,,,,,,,,,,,,,,,,,,,,,,,
,,,,,,,,,,,NIP-050-CLOSE-237,Charlotte Pipe 1/2 in x Close Black Steel Nipple MNPT Item #237,,,,Charlotte Pipe and Foundry (CHARL),Charlotte Pipe and Foundry,CHARLOTTE PIPE®,,NIP-050-CLOSE-237,,"Plumbing>Pipe, Tube & Hose Fittings>Pipe Fittings","CHARLOTTE PIPE® NIP-050-CLOSE-237 Pipe Fittings, Tee, 1/2 in, MNPT",CHARLOTTE PIPE NIP-050-CLOSE-237 PIPE FI,"CHARLOTTE PIPE® NIP-050-CLOSE-237 Pipe Fittings, Tee, 1/2 in, MNPT","CHARLOTTE PIPE® NIP-050-CLOSE-237 Pipe Fittings, Tee, 1/2 in, MNPT",,,,,,,,,,,,,,,,,,,,,,,,,,,,,Fitting Fitting/Connector Type,Tee,,Pipe Size,1/2,in,Connection Type,MNPT,,,,,,,,,,,,,,,,,,,,,,,,,,,,,,,,,,,,,,,,,,,,,,,,,,,,,,,,,,,,,,,,,,,,,,,,,,,,,,,,,,,,,,,,,,,,,,,,,,,,,,,,,,,,,,,,,,,,,,,,,,,,,,,,,,,,,,,,,,,,,,,,,,40172600,,,,,,,,,,,,,,,,,,,,,,,,,,,,,,,,,,,,,,,,,,,
,,,,,,,,,,,PDSH4816AF-238,PDSH4816AF Dishwasher SS - Display Only Item #238,,,,Appliance Dealers Cooperative (APPDE),Appliance Dealers Cooperative,FRIGIDAIRE®,,PDSH4816AF-238,,unclassified / needs manual mapping,FRIGIDAIRE® PDSH4816AF-238 Product,FRIGIDAIRE PDSH4816AF-238 PRODUCT,FRIGIDAIRE® PDSH4816AF-238 Product,FRIGIDAIRE® PDSH4816AF-238 Product,,,,,,,,,,,,,,,,,,,,,,,,,,,,,,,,,,,,,,,,,,,,,,,,,,,,,,,,,,,,,,,,,,,,,,,,,,,,,,,,,,,,,,,,,,,,,,,,,,,,,,,,,,,,,,,,,,,,,,,,,,,,,,,,,,,,,,,,,,,,,,,,,,,,,,,,,,,,,,,,,,,,,,,,,,,,,,,,,,,,,,,,,,,,,,,,,,,,,,,,,,,,,,,,,,,,,,,,,,,,,,,,,
,,,,,,,,,,,WDTS7024RZ-239,WDTS7024RZ Dishwasher SS - Display Only Item #239,,,,Appliance Dealers Cooperative (APPDE),Appliance Dealers Cooperative,FRIGIDAIRE®,,WDTS7024RZ-239,,unclassified / needs manual mapping,FRIGIDAIRE® WDTS7024RZ-239 Product,FRIGIDAIRE WDTS7024RZ-239 PRODUCT,FRIGIDAIRE® WDTS7024RZ-239 Product,FRIGIDAIRE® WDTS7024RZ-239 Product,,,,,,,,,,,,,,,,,,,,,,,,,,,,,,,,,,,,,,,,,,,,,,,,,,,,,,,,,,,,,,,,,,,,,,,,,,,,,,,,,,,,,,,,,,,,,,,,,,,,,,,,,,,,,,,,,,,,,,,,,,,,,,,,,,,,,,,,,,,,,,,,,,,,,,,,,,,,,,,,,,,,,,,,,,,,,,,,,,,,,,,,,,,,,,,,,,,,,,,,,,,,,,,,,,,,,,,,,,,,,,,,,
,,,,,,,,,,,DCB205C-240,Dewalt 20V Max 5.0Ah Starter Kit Item #240,,,,Black & Decker (2585),Black & Decker,DEWALT®,,DCB205C-240,,unclassified / needs manual mapping,DEWALT® DCB205C-240 Product,DEWALT DCB205C-240 PRODUCT,DEWALT® DCB205C-240 Product,DEWALT® DCB205C-240 Product,,,,,,,,,,,,,,,,,,,,,,,,,,,,,,,,,,,,,,,,,,,,,,,,,,,,,,,,,,,,,,,,,,,,,,,,,,,,,,,,,,,,,,,,,,,,,,,,,,,,,,,,,,,,,,,,,,,,,,,,,,,,,,,,,,,,,,,,,,,,,,,,,,,,,,,,,,,,,,,,,,,,,,,,,,,,,,,,,,,,,,,,,,,,,,,,,,,,,,,,,,,,,,,,,,,,,,,,,,,,,,,,,
,,,,,,,,,,,DCB518ASTS06G-241,"DCB518ASTS06G Diablo 1/2""x18"" - Sanding Belt 6pc Item #241",,,,Freud Inc (2435),Freud Inc,DIABLO®,,DCB518ASTS06G-241,,unclassified / needs manual mapping,DIABLO® DCB518ASTS06G-241 Product,DIABLO DCB518ASTS06G-241 PRODUCT,DIABLO® DCB518ASTS06G-241 Product,DIABLO® DCB518ASTS06G-241 Product,,,,,,,,,,,,,,,,,,,,,,,,,,,,,,,,,,,,,,,,,,,,,,,,,,,,,,,,,,,,,,,,,,,,,,,,,,,,,,,,,,,,,,,,,,,,,,,,,,,,,,,,,,,,,,,,,,,,,,,,,,,,,,,,,,,,,,,,,,,,,,,,,,,,,,,,,,,,,,,,,,,,,,,,,,,,,,,,,,,,,,,,,,,,,,,,,,,,,,,,,,,,,,,,,,,,,,,,,,,,,,,,,
,,,,,,,,,,,6702-000-242,Moen 6702-000 Genta Single Handle Bathroom Sink Faucet Chrome 1.2 gpm 4in Item #242,,,,Moen Incorporated (MOEN),Moen Incorporated,MOEN®,,6702-000-242,,Plumbing>Faucets>Bathroom Sink Faucets,"MOEN® 6702-000-242 Bathroom Sink Faucets, 2, 1.2 gpm, Chrome",MOEN 6702-000-242 BATHROOM SINK FAUCETS,"MOEN® 6702-000-242 Bathroom Sink Faucets, 2, 1.2 gpm, Chrome","MOEN® 6702-000-242 Bathroom Sink Faucets, 2, 1.2 gpm, Chrome",,,,,,,,,,,,,,,,,,,,,,,,,,,,,Number of Faucet Handles,2,,Flow Rate,1.2,gpm,Finish/Color,Chrome,,,,,,,,,,,,,,,,,,,,,,,,,,,,,,,,,,,,,,,,,,,,,,,,,,,,,,,,,,,,,,,,,,,,,,,,,,,,,,,,,,,,,,,,,,,,,,,,,,,,,,,,,,,,,,,,,,,,,,,,,,,,,,,,,,,,,,,,,,,,,,,,,,30181702,,,,,,,,,,,,,,,,,,,,,,,,,,,,,,,,,,,,,,,,,,,
,,,,,,,,,,,559HA-DST-243,Delta 559HA-DST Trinsic Single Handle Bathroom Sink Faucet Matte Black 1.2 gpm Item #243,,,,Delta Faucet Company (DELTA),Delta Faucet Company,DELTA®,,559HA-DST-243,,Plumbing>Faucets>Bathroom Sink Faucets,"DELTA® 559HA-DST-243 Bathroom Sink Faucets, 2, 1.2 gpm, Matte Black",DELTA 559HA-DST-243 BATHROOM SINK FAUCET,"DELTA® 559HA-DST-243 Bathroom Sink Faucets, 2, 1.2 gpm, Matte Black","DELTA® 559HA-DST-243 Bathroom Sink Faucets, 2, 1.2 gpm, Matte Black",,,,,,,,,,,,,,,,,,,,,,,,,,,,,Number of Faucet Handles,2,,Flow Rate,1.2,gpm,Finish/Color,Matte Black,,,,,,,,,,,,,,,,,,,,,,,,,,,,,,,,,,,,,,,,,,,,,,,,,,,,,,,,,,,,,,,,,,,,,,,,,,,,,,,,,,,,,,,,,,,,,,,,,,,,,,,,,,,,,,,,,,,,,,,,,,,,,,,,,,,,,,,,,,,,,,,,,,30181702,,,,,,,,,,,,,,,,,,,,,,,,,,,,,,,,,,,,,,,,,,,
,,,,,,,,,,,K-596-VS-244,Kohler K-596-VS Simplice Pull-Down Kitchen Faucet Vibrant Stainless 1.5 gpm Item #244,,,,Kohler Co. (KOHLER),Kohler Co.,KOHLER®,,K-596-VS-244,,Plumbing>Faucets>Utility Faucets,KOHLER® K-596-VS-244 Utility Faucets,KOHLER K-596-VS-244 UTILITY FAUCETS,KOHLER® K-596-VS-244 Utility Faucets,KOHLER® K-596-VS-244 Utility Faucets,,,,,,,,,,,,,,,,,,,,,,,,,,,,,,,,,,,,,,,,,,,,,,,,,,,,,,,,,,,,,,,,,,,,,,,,,,,,,,,,,,,,,,,,,,,,,,,,,,,,,,,,,,,,,,,,,,,,,,,,,,,,,,,,,,,,,,,,,,,,,,,,,,,,,,,,,,,,,,,,,,,,,,,,,,,,,,,,,,,,,,30181706,,,,,,,,,,,,,,,,,,,,,,,,,,,,,,,,,,,,,,,,,,,
,,,,,,,,,,,607-1/2-245,Nibco 607 1/2 1/2 in Copper Wrot Pressure 90 Deg Elbow Item #245,,,,Nibco Inc (NIBCO),Nibco Inc,NIBCO®,,607-1/2-245,,"Plumbing>Pipe, Tube & Hose Fittings>Pipe Fittings","NIBCO® 607-1/2-245 Pipe Fittings, Elbow, 1/2 in, Press, Copper",NIBCO 607-1/2-245 PIPE FITTINGS,"NIBCO® 607-1/2-245 Pipe Fittings, Elbow, 1/2 in, Press, Copper","NIBCO® 607-1/2-245 Pipe Fittings, Elbow, 1/2 in, Press, Copper",,,,,,,,,,,,,,,,,,,,,,,,,,,,,Fitting Fitting/Connector Type,Elbow,,Pipe Size,1/2,in,Connection Type,Press,,Fitting Material,Copper,,,,,,,,,,,,,,,,,,,,,,,,,,,,,,,,,,,,,,,,,,,,,,,,,,,,,,,,,,,,,,,,,,,,,,,,,,,,,,,,,,,,,,,,,,,,,,,,,,,,,,,,,,,,,,,,,,,,,,,,,,,,,,,,,,,,,,,,,,,,,,,40172600,,,,,,,,,,,,,,,,,,,,,,,,,,,,,,,,,,,,,,,,,,,
,,,,,,,,,,,U008LF-246,SharkBite U008LF 1/2 in Push-to-Connect Brass Coupling Item #246,,,,SharkBite Plumbing Solutions (SHARK),SharkBite Plumbing Solutions,SHARKBITE®,,U008LF-246,,"Plumbing>Pipe, Tube & Hose Fittings>Pipe Fittings","SHARKBITE® U008LF-246 Pipe Fittings, Coupling, 1/2 in, Push-to-Connect, Brass",SHARKBITE U008LF-246 PIPE FITTINGS,"SHARKBITE® U008LF-246 Pipe Fittings, Coupling, 1/2 in, Push-to-Connect, Brass","SHARKBITE® U008LF-246 Pipe Fittings, Coupling, 1/2 in, Push-to-Connect, Brass",,,,,,,,,,,,,,,,,,,,,,,,,,,,,Fitting Fitting/Connector Type,Coupling,,Pipe Size,1/2,in,Connection Type,Push-to-Connect,,Fitting Material,Brass,,,,,,,,,,,,,,,,,,,,,,,,,,,,,,,,,,,,,,,,,,,,,,,,,,,,,,,,,,,,,,,,,,,,,,,,,,,,,,,,,,,,,,,,,,,,,,,,,,,,,,,,,,,,,,,,,,,,,,,,,,,,,,,,,,,,,,,,,,,,,,,40172600,,,,,,,,,,,,,,,,,,,,,,,,,,,,,,,,,,,,,,,,,,,
,,,,,,,,,,,NIP-050-CLOSE-247,Charlotte Pipe 1/2 in x Close Black Steel Nipple MNPT Item #247,,,,Charlotte Pipe and Foundry (CHARL),Charlotte Pipe and Foundry,CHARLOTTE PIPE®,,NIP-050-CLOSE-247,,"Plumbing>Pipe, Tube & Hose Fittings>Pipe Fittings","CHARLOTTE PIPE® NIP-050-CLOSE-247 Pipe Fittings, Tee, 1/2 in, MNPT",CHARLOTTE PIPE NIP-050-CLOSE-247 PIPE FI,"CHARLOTTE PIPE® NIP-050-CLOSE-247 Pipe Fittings, Tee, 1/2 in, MNPT","CHARLOTTE PIPE® NIP-050-CLOSE-247 Pipe Fittings, Tee, 1/2 in, MNPT",,,,,,,,,,,,,,,,,,,,,,,,,,,,,Fitting Fitting/Connector Type,Tee,,Pipe Size,1/2,in,Connection Type,MNPT,,,,,,,,,,,,,,,,,,,,,,,,,,,,,,,,,,,,,,,,,,,,,,,,,,,,,,,,,,,,,,,,,,,,,,,,,,,,,,,,,,,,,,,,,,,,,,,,,,,,,,,,,,,,,,,,,,,,,,,,,,,,,,,,,,,,,,,,,,,,,,,,,,40172600,,,,,,,,,,,,,,,,,,,,,,,,,,,,,,,,,,,,,,,,,,,
,,,,,,,,,,,PDSH4816AF-248,PDSH4816AF Dishwasher SS - Display Only Item #248,,,,Appliance Dealers Cooperative (APPDE),Appliance Dealers Cooperative,FRIGIDAIRE®,,PDSH4816AF-248,,unclassified / needs manual mapping,FRIGIDAIRE® PDSH4816AF-248 Product,FRIGIDAIRE PDSH4816AF-248 PRODUCT,FRIGIDAIRE® PDSH4816AF-248 Product,FRIGIDAIRE® PDSH4816AF-248 Product,,,,,,,,,,,,,,,,,,,,,,,,,,,,,,,,,,,,,,,,,,,,,,,,,,,,,,,,,,,,,,,,,,,,,,,,,,,,,,,,,,,,,,,,,,,,,,,,,,,,,,,,,,,,,,,,,,,,,,,,,,,,,,,,,,,,,,,,,,,,,,,,,,,,,,,,,,,,,,,,,,,,,,,,,,,,,,,,,,,,,,,,,,,,,,,,,,,,,,,,,,,,,,,,,,,,,,,,,,,,,,,,,
,,,,,,,,,,,WDTS7024RZ-249,WDTS7024RZ Dishwasher SS - Display Only Item #249,,,,Appliance Dealers Cooperative (APPDE),Appliance Dealers Cooperative,FRIGIDAIRE®,,WDTS7024RZ-249,,unclassified / needs manual mapping,FRIGIDAIRE® WDTS7024RZ-249 Product,FRIGIDAIRE WDTS7024RZ-249 PRODUCT,FRIGIDAIRE® WDTS7024RZ-249 Product,FRIGIDAIRE® WDTS7024RZ-249 Product,,,,,,,,,,,,,,,,,,,,,,,,,,,,,,,,,,,,,,,,,,,,,,,,,,,,,,,,,,,,,,,,,,,,,,,,,,,,,,,,,,,,,,,,,,,,,,,,,,,,,,,,,,,,,,,,,,,,,,,,,,,,,,,,,,,,,,,,,,,,,,,,,,,,,,,,,,,,,,,,,,,,,,,,,,,,,,,,,,,,,,,,,,,,,,,,,,,,,,,,,,,,,,,,,,,,,,,,,,,,,,,,,
,,,,,,,,,,,DCB205C-250,Dewalt 20V Max 5.0Ah Starter Kit Item #250,,,,Black & Decker (2585),Black & Decker,DEWALT®,,DCB205C-250,,unclassified / needs manual mapping,DEWALT® DCB205C-250 Product,DEWALT DCB205C-250 PRODUCT,DEWALT® DCB205C-250 Product,DEWALT® DCB205C-250 Product,,,,,,,,,,,,,,,,,,,,,,,,,,,,,,,,,,,,,,,,,,,,,,,,,,,,,,,,,,,,,,,,,,,,,,,,,,,,,,,,,,,,,,,,,,,,,,,,,,,,,,,,,,,,,,,,,,,,,,,,,,,,,,,,,,,,,,,,,,,,,,,,,,,,,,,,,,,,,,,,,,,,,,,,,,,,,,,,,,,,,,,,,,,,,,,,,,,,,,,,,,,,,,,,,,,,,,,,,,,,,,,,,
,,,,,,,,,,,DCB518ASTS06G-251,"DCB518ASTS06G Diablo 1/2""x18"" - Sanding Belt 6pc Item #251",,,,Freud Inc (2435),Freud Inc,DIABLO®,,DCB518ASTS06G-251,,unclassified / needs manual mapping,DIABLO® DCB518ASTS06G-251 Product,DIABLO DCB518ASTS06G-251 PRODUCT,DIABLO® DCB518ASTS06G-251 Product,DIABLO® DCB518ASTS06G-251 Product,,,,,,,,,,,,,,,,,,,,,,,,,,,,,,,,,,,,,,,,,,,,,,,,,,,,,,,,,,,,,,,,,,,,,,,,,,,,,,,,,,,,,,,,,,,,,,,,,,,,,,,,,,,,,,,,,,,,,,,,,,,,,,,,,,,,,,,,,,,,,,,,,,,,,,,,,,,,,,,,,,,,,,,,,,,,,,,,,,,,,,,,,,,,,,,,,,,,,,,,,,,,,,,,,,,,,,,,,,,,,,,,,
,,,,,,,,,,,6702-000-252,Moen 6702-000 Genta Single Handle Bathroom Sink Faucet Chrome 1.2 gpm 4in Item #252,,,,Moen Incorporated (MOEN),Moen Incorporated,MOEN®,,6702-000-252,,Plumbing>Faucets>Bathroom Sink Faucets,"MOEN® 6702-000-252 Bathroom Sink Faucets, 2, 1.2 gpm, Chrome",MOEN 6702-000-252 BATHROOM SINK FAUCETS,"MOEN® 6702-000-252 Bathroom Sink Faucets, 2, 1.2 gpm, Chrome","MOEN® 6702-000-252 Bathroom Sink Faucets, 2, 1.2 gpm, Chrome",,,,,,,,,,,,,,,,,,,,,,,,,,,,,Number of Faucet Handles,2,,Flow Rate,1.2,gpm,Finish/Color,Chrome,,,,,,,,,,,,,,,,,,,,,,,,,,,,,,,,,,,,,,,,,,,,,,,,,,,,,,,,,,,,,,,,,,,,,,,,,,,,,,,,,,,,,,,,,,,,,,,,,,,,,,,,,,,,,,,,,,,,,,,,,,,,,,,,,,,,,,,,,,,,,,,,,,30181702,,,,,,,,,,,,,,,,,,,,,,,,,,,,,,,,,,,,,,,,,,,
,,,,,,,,,,,559HA-DST-253,Delta 559HA-DST Trinsic Single Handle Bathroom Sink Faucet Matte Black 1.2 gpm Item #253,,,,Delta Faucet Company (DELTA),Delta Faucet Company,DELTA®,,559HA-DST-253,,Plumbing>Faucets>Bathroom Sink Faucets,"DELTA® 559HA-DST-253 Bathroom Sink Faucets, 2, 1.2 gpm, Matte Black",DELTA 559HA-DST-253 BATHROOM SINK FAUCET,"DELTA® 559HA-DST-253 Bathroom Sink Faucets, 2, 1.2 gpm, Matte Black","DELTA® 559HA-DST-253 Bathroom Sink Faucets, 2, 1.2 gpm, Matte Black",,,,,,,,,,,,,,,,,,,,,,,,,,,,,Number of Faucet Handles,2,,Flow Rate,1.2,gpm,Finish/Color,Matte Black,,,,,,,,,,,,,,,,,,,,,,,,,,,,,,,,,,,,,,,,,,,,,,,,,,,,,,,,,,,,,,,,,,,,,,,,,,,,,,,,,,,,,,,,,,,,,,,,,,,,,,,,,,,,,,,,,,,,,,,,,,,,,,,,,,,,,,,,,,,,,,,,,,30181702,,,,,,,,,,,,,,,,,,,,,,,,,,,,,,,,,,,,,,,,,,,
,,,,,,,,,,,K-596-VS-254,Kohler K-596-VS Simplice Pull-Down Kitchen Faucet Vibrant Stainless 1.5 gpm Item #254,,,,Kohler Co. (KOHLER),Kohler Co.,KOHLER®,,K-596-VS-254,,Plumbing>Faucets>Utility Faucets,KOHLER® K-596-VS-254 Utility Faucets,KOHLER K-596-VS-254 UTILITY FAUCETS,KOHLER® K-596-VS-254 Utility Faucets,KOHLER® K-596-VS-254 Utility Faucets,,,,,,,,,,,,,,,,,,,,,,,,,,,,,,,,,,,,,,,,,,,,,,,,,,,,,,,,,,,,,,,,,,,,,,,,,,,,,,,,,,,,,,,,,,,,,,,,,,,,,,,,,,,,,,,,,,,,,,,,,,,,,,,,,,,,,,,,,,,,,,,,,,,,,,,,,,,,,,,,,,,,,,,,,,,,,,,,,,,,,,30181706,,,,,,,,,,,,,,,,,,,,,,,,,,,,,,,,,,,,,,,,,,,
,,,,,,,,,,,607-1/2-255,Nibco 607 1/2 1/2 in Copper Wrot Pressure 90 Deg Elbow Item #255,,,,Nibco Inc (NIBCO),Nibco Inc,NIBCO®,,607-1/2-255,,"Plumbing>Pipe, Tube & Hose Fittings>Pipe Fittings","NIBCO® 607-1/2-255 Pipe Fittings, Elbow, 1/2 in, Press, Copper",NIBCO 607-1/2-255 PIPE FITTINGS,"NIBCO® 607-1/2-255 Pipe Fittings, Elbow, 1/2 in, Press, Copper","NIBCO® 607-1/2-255 Pipe Fittings, Elbow, 1/2 in, Press, Copper",,,,,,,,,,,,,,,,,,,,,,,,,,,,,Fitting Fitting/Connector Type,Elbow,,Pipe Size,1/2,in,Connection Type,Press,,Fitting Material,Copper,,,,,,,,,,,,,,,,,,,,,,,,,,,,,,,,,,,,,,,,,,,,,,,,,,,,,,,,,,,,,,,,,,,,,,,,,,,,,,,,,,,,,,,,,,,,,,,,,,,,,,,,,,,,,,,,,,,,,,,,,,,,,,,,,,,,,,,,,,,,,,,40172600,,,,,,,,,,,,,,,,,,,,,,,,,,,,,,,,,,,,,,,,,,,
,,,,,,,,,,,U008LF-256,SharkBite U008LF 1/2 in Push-to-Connect Brass Coupling Item #256,,,,SharkBite Plumbing Solutions (SHARK),SharkBite Plumbing Solutions,SHARKBITE®,,U008LF-256,,"Plumbing>Pipe, Tube & Hose Fittings>Pipe Fittings","SHARKBITE® U008LF-256 Pipe Fittings, Coupling, 1/2 in, Push-to-Connect, Brass",SHARKBITE U008LF-256 PIPE FITTINGS,"SHARKBITE® U008LF-256 Pipe Fittings, Coupling, 1/2 in, Push-to-Connect, Brass","SHARKBITE® U008LF-256 Pipe Fittings, Coupling, 1/2 in, Push-to-Connect, Brass",,,,,,,,,,,,,,,,,,,,,,,,,,,,,Fitting Fitting/Connector Type,Coupling,,Pipe Size,1/2,in,Connection Type,Push-to-Connect,,Fitting Material,Brass,,,,,,,,,,,,,,,,,,,,,,,,,,,,,,,,,,,,,,,,,,,,,,,,,,,,,,,,,,,,,,,,,,,,,,,,,,,,,,,,,,,,,,,,,,,,,,,,,,,,,,,,,,,,,,,,,,,,,,,,,,,,,,,,,,,,,,,,,,,,,,,40172600,,,,,,,,,,,,,,,,,,,,,,,,,,,,,,,,,,,,,,,,,,,
,,,,,,,,,,,NIP-050-CLOSE-257,Charlotte Pipe 1/2 in x Close Black Steel Nipple MNPT Item #257,,,,Charlotte Pipe and Foundry (CHARL),Charlotte Pipe and Foundry,CHARLOTTE PIPE®,,NIP-050-CLOSE-257,,"Plumbing>Pipe, Tube & Hose Fittings>Pipe Fittings","CHARLOTTE PIPE® NIP-050-CLOSE-257 Pipe Fittings, Tee, 1/2 in, MNPT",CHARLOTTE PIPE NIP-050-CLOSE-257 PIPE FI,"CHARLOTTE PIPE® NIP-050-CLOSE-257 Pipe Fittings, Tee, 1/2 in, MNPT","CHARLOTTE PIPE® NIP-050-CLOSE-257 Pipe Fittings, Tee, 1/2 in, MNPT",,,,,,,,,,,,,,,,,,,,,,,,,,,,,Fitting Fitting/Connector Type,Tee,,Pipe Size,1/2,in,Connection Type,MNPT,,,,,,,,,,,,,,,,,,,,,,,,,,,,,,,,,,,,,,,,,,,,,,,,,,,,,,,,,,,,,,,,,,,,,,,,,,,,,,,,,,,,,,,,,,,,,,,,,,,,,,,,,,,,,,,,,,,,,,,,,,,,,,,,,,,,,,,,,,,,,,,,,,40172600,,,,,,,,,,,,,,,,,,,,,,,,,,,,,,,,,,,,,,,,,,,
,,,,,,,,,,,PDSH4816AF-258,PDSH4816AF Dishwasher SS - Display Only Item #258,,,,Appliance Dealers Cooperative (APPDE),Appliance Dealers Cooperative,FRIGIDAIRE®,,PDSH4816AF-258,,unclassified / needs manual mapping,FRIGIDAIRE® PDSH4816AF-258 Product,FRIGIDAIRE PDSH4816AF-258 PRODUCT,FRIGIDAIRE® PDSH4816AF-258 Product,FRIGIDAIRE® PDSH4816AF-258 Product,,,,,,,,,,,,,,,,,,,,,,,,,,,,,,,,,,,,,,,,,,,,,,,,,,,,,,,,,,,,,,,,,,,,,,,,,,,,,,,,,,,,,,,,,,,,,,,,,,,,,,,,,,,,,,,,,,,,,,,,,,,,,,,,,,,,,,,,,,,,,,,,,,,,,,,,,,,,,,,,,,,,,,,,,,,,,,,,,,,,,,,,,,,,,,,,,,,,,,,,,,,,,,,,,,,,,,,,,,,,,,,,,
,,,,,,,,,,,WDTS7024RZ-259,WDTS7024RZ Dishwasher SS - Display Only Item #259,,,,Appliance Dealers Cooperative (APPDE),Appliance Dealers Cooperative,FRIGIDAIRE®,,WDTS7024RZ-259,,unclassified / needs manual mapping,FRIGIDAIRE® WDTS7024RZ-259 Product,FRIGIDAIRE WDTS7024RZ-259 PRODUCT,FRIGIDAIRE® WDTS7024RZ-259 Product,FRIGIDAIRE® WDTS7024RZ-259 Product,,,,,,,,,,,,,,,,,,,,,,,,,,,,,,,,,,,,,,,,,,,,,,,,,,,,,,,,,,,,,,,,,,,,,,,,,,,,,,,,,,,,,,,,,,,,,,,,,,,,,,,,,,,,,,,,,,,,,,,,,,,,,,,,,,,,,,,,,,,,,,,,,,,,,,,,,,,,,,,,,,,,,,,,,,,,,,,,,,,,,,,,,,,,,,,,,,,,,,,,,,,,,,,,,,,,,,,,,,,,,,,,,
,,,,,,,,,,,DCB205C-260,Dewalt 20V Max 5.0Ah Starter Kit Item #260,,,,Black & Decker (2585),Black & Decker,DEWALT®,,DCB205C-260,,unclassified / needs manual mapping,DEWALT® DCB205C-260 Product,DEWALT DCB205C-260 PRODUCT,DEWALT® DCB205C-260 Product,DEWALT® DCB205C-260 Product,,,,,,,,,,,,,,,,,,,,,,,,,,,,,,,,,,,,,,,,,,,,,,,,,,,,,,,,,,,,,,,,,,,,,,,,,,,,,,,,,,,,,,,,,,,,,,,,,,,,,,,,,,,,,,,,,,,,,,,,,,,,,,,,,,,,,,,,,,,,,,,,,,,,,,,,,,,,,,,,,,,,,,,,,,,,,,,,,,,,,,,,,,,,,,,,,,,,,,,,,,,,,,,,,,,,,,,,,,,,,,,,,
,,,,,,,,,,,DCB518ASTS06G-261,"DCB518ASTS06G Diablo 1/2""x18"" - Sanding Belt 6pc Item #261",,,,Freud Inc (2435),Freud Inc,DIABLO®,,DCB518ASTS06G-261,,unclassified / needs manual mapping,DIABLO® DCB518ASTS06G-261 Product,DIABLO DCB518ASTS06G-261 PRODUCT,DIABLO® DCB518ASTS06G-261 Product,DIABLO® DCB518ASTS06G-261 Product,,,,,,,,,,,,,,,,,,,,,,,,,,,,,,,,,,,,,,,,,,,,,,,,,,,,,,,,,,,,,,,,,,,,,,,,,,,,,,,,,,,,,,,,,,,,,,,,,,,,,,,,,,,,,,,,,,,,,,,,,,,,,,,,,,,,,,,,,,,,,,,,,,,,,,,,,,,,,,,,,,,,,,,,,,,,,,,,,,,,,,,,,,,,,,,,,,,,,,,,,,,,,,,,,,,,,,,,,,,,,,,,,
,,,,,,,,,,,6702-000-262,Moen 6702-000 Genta Single Handle Bathroom Sink Faucet Chrome 1.2 gpm 4in Item #262,,,,Moen Incorporated (MOEN),Moen Incorporated,MOEN®,,6702-000-262,,Plumbing>Faucets>Bathroom Sink Faucets,"MOEN® 6702-000-262 Bathroom Sink Faucets, 2, 1.2 gpm, Chrome",MOEN 6702-000-262 BATHROOM SINK FAUCETS,"MOEN® 6702-000-262 Bathroom Sink Faucets, 2, 1.2 gpm, Chrome","MOEN® 6702-000-262 Bathroom Sink Faucets, 2, 1.2 gpm, Chrome",,,,,,,,,,,,,,,,,,,,,,,,,,,,,Number of Faucet Handles,2,,Flow Rate,1.2,gpm,Finish/Color,Chrome,,,,,,,,,,,,,,,,,,,,,,,,,,,,,,,,,,,,,,,,,,,,,,,,,,,,,,,,,,,,,,,,,,,,,,,,,,,,,,,,,,,,,,,,,,,,,,,,,,,,,,,,,,,,,,,,,,,,,,,,,,,,,,,,,,,,,,,,,,,,,,,,,,30181702,,,,,,,,,,,,,,,,,,,,,,,,,,,,,,,,,,,,,,,,,,,
,,,,,,,,,,,559HA-DST-263,Delta 559HA-DST Trinsic Single Handle Bathroom Sink Faucet Matte Black 1.2 gpm Item #263,,,,Delta Faucet Company (DELTA),Delta Faucet Company,DELTA®,,559HA-DST-263,,Plumbing>Faucets>Bathroom Sink Faucets,"DELTA® 559HA-DST-263 Bathroom Sink Faucets, 2, 1.2 gpm, Matte Black",DELTA 559HA-DST-263 BATHROOM SINK FAUCET,"DELTA® 559HA-DST-263 Bathroom Sink Faucets, 2, 1.2 gpm, Matte Black","DELTA® 559HA-DST-263 Bathroom Sink Faucets, 2, 1.2 gpm, Matte Black",,,,,,,,,,,,,,,,,,,,,,,,,,,,,Number of Faucet Handles,2,,Flow Rate,1.2,gpm,Finish/Color,Matte Black,,,,,,,,,,,,,,,,,,,,,,,,,,,,,,,,,,,,,,,,,,,,,,,,,,,,,,,,,,,,,,,,,,,,,,,,,,,,,,,,,,,,,,,,,,,,,,,,,,,,,,,,,,,,,,,,,,,,,,,,,,,,,,,,,,,,,,,,,,,,,,,,,,30181702,,,,,,,,,,,,,,,,,,,,,,,,,,,,,,,,,,,,,,,,,,,
,,,,,,,,,,,K-596-VS-264,Kohler K-596-VS Simplice Pull-Down Kitchen Faucet Vibrant Stainless 1.5 gpm Item #264,,,,Kohler Co. (KOHLER),Kohler Co.,KOHLER®,,K-596-VS-264,,Plumbing>Faucets>Utility Faucets,KOHLER® K-596-VS-264 Utility Faucets,KOHLER K-596-VS-264 UTILITY FAUCETS,KOHLER® K-596-VS-264 Utility Faucets,KOHLER® K-596-VS-264 Utility Faucets,,,,,,,,,,,,,,,,,,,,,,,,,,,,,,,,,,,,,,,,,,,,,,,,,,,,,,,,,,,,,,,,,,,,,,,,,,,,,,,,,,,,,,,,,,,,,,,,,,,,,,,,,,,,,,,,,,,,,,,,,,,,,,,,,,,,,,,,,,,,,,,,,,,,,,,,,,,,,,,,,,,,,,,,,,,,,,,,,,,,,,30181706,,,,,,,,,,,,,,,,,,,,,,,,,,,,,,,,,,,,,,,,,,,
,,,,,,,,,,,607-1/2-265,Nibco 607 1/2 1/2 in Copper Wrot Pressure 90 Deg Elbow Item #265,,,,Nibco Inc (NIBCO),Nibco Inc,NIBCO®,,607-1/2-265,,"Plumbing>Pipe, Tube & Hose Fittings>Pipe Fittings","NIBCO® 607-1/2-265 Pipe Fittings, Elbow, 1/2 in, Press, Copper",NIBCO 607-1/2-265 PIPE FITTINGS,"NIBCO® 607-1/2-265 Pipe Fittings, Elbow, 1/2 in, Press, Copper","NIBCO® 607-1/2-265 Pipe Fittings, Elbow, 1/2 in, Press, Copper",,,,,,,,,,,,,,,,,,,,,,,,,,,,,Fitting Fitting/Connector Type,Elbow,,Pipe Size,1/2,in,Connection Type,Press,,Fitting Material,Copper,,,,,,,,,,,,,,,,,,,,,,,,,,,,,,,,,,,,,,,,,,,,,,,,,,,,,,,,,,,,,,,,,,,,,,,,,,,,,,,,,,,,,,,,,,,,,,,,,,,,,,,,,,,,,,,,,,,,,,,,,,,,,,,,,,,,,,,,,,,,,,,40172600,,,,,,,,,,,,,,,,,,,,,,,,,,,,,,,,,,,,,,,,,,,
,,,,,,,,,,,U008LF-266,SharkBite U008LF 1/2 in Push-to-Connect Brass Coupling Item #266,,,,SharkBite Plumbing Solutions (SHARK),SharkBite Plumbing Solutions,SHARKBITE®,,U008LF-266,,"Plumbing>Pipe, Tube & Hose Fittings>Pipe Fittings","SHARKBITE® U008LF-266 Pipe Fittings, Coupling, 1/2 in, Push-to-Connect, Brass",SHARKBITE U008LF-266 PIPE FITTINGS,"SHARKBITE® U008LF-266 Pipe Fittings, Coupling, 1/2 in, Push-to-Connect, Brass","SHARKBITE® U008LF-266 Pipe Fittings, Coupling, 1/2 in, Push-to-Connect, Brass",,,,,,,,,,,,,,,,,,,,,,,,,,,,,Fitting Fitting/Connector Type,Coupling,,Pipe Size,1/2,in,Connection Type,Push-to-Connect,,Fitting Material,Brass,,,,,,,,,,,,,,,,,,,,,,,,,,,,,,,,,,,,,,,,,,,,,,,,,,,,,,,,,,,,,,,,,,,,,,,,,,,,,,,,,,,,,,,,,,,,,,,,,,,,,,,,,,,,,,,,,,,,,,,,,,,,,,,,,,,,,,,,,,,,,,,40172600,,,,,,,,,,,,,,,,,,,,,,,,,,,,,,,,,,,,,,,,,,,
,,,,,,,,,,,NIP-050-CLOSE-267,Charlotte Pipe 1/2 in x Close Black Steel Nipple MNPT Item #267,,,,Charlotte Pipe and Foundry (CHARL),Charlotte Pipe and Foundry,CHARLOTTE PIPE®,,NIP-050-CLOSE-267,,"Plumbing>Pipe, Tube & Hose Fittings>Pipe Fittings","CHARLOTTE PIPE® NIP-050-CLOSE-267 Pipe Fittings, Tee, 1/2 in, MNPT",CHARLOTTE PIPE NIP-050-CLOSE-267 PIPE FI,"CHARLOTTE PIPE® NIP-050-CLOSE-267 Pipe Fittings, Tee, 1/2 in, MNPT","CHARLOTTE PIPE® NIP-050-CLOSE-267 Pipe Fittings, Tee, 1/2 in, MNPT",,,,,,,,,,,,,,,,,,,,,,,,,,,,,Fitting Fitting/Connector Type,Tee,,Pipe Size,1/2,in,Connection Type,MNPT,,,,,,,,,,,,,,,,,,,,,,,,,,,,,,,,,,,,,,,,,,,,,,,,,,,,,,,,,,,,,,,,,,,,,,,,,,,,,,,,,,,,,,,,,,,,,,,,,,,,,,,,,,,,,,,,,,,,,,,,,,,,,,,,,,,,,,,,,,,,,,,,,,40172600,,,,,,,,,,,,,,,,,,,,,,,,,,,,,,,,,,,,,,,,,,,
,,,,,,,,,,,PDSH4816AF-268,PDSH4816AF Dishwasher SS - Display Only Item #268,,,,Appliance Dealers Cooperative (APPDE),Appliance Dealers Cooperative,FRIGIDAIRE®,,PDSH4816AF-268,,unclassified / needs manual mapping,FRIGIDAIRE® PDSH4816AF-268 Product,FRIGIDAIRE PDSH4816AF-268 PRODUCT,FRIGIDAIRE® PDSH4816AF-268 Product,FRIGIDAIRE® PDSH4816AF-268 Product,,,,,,,,,,,,,,,,,,,,,,,,,,,,,,,,,,,,,,,,,,,,,,,,,,,,,,,,,,,,,,,,,,,,,,,,,,,,,,,,,,,,,,,,,,,,,,,,,,,,,,,,,,,,,,,,,,,,,,,,,,,,,,,,,,,,,,,,,,,,,,,,,,,,,,,,,,,,,,,,,,,,,,,,,,,,,,,,,,,,,,,,,,,,,,,,,,,,,,,,,,,,,,,,,,,,,,,,,,,,,,,,,
,,,,,,,,,,,WDTS7024RZ-269,WDTS7024RZ Dishwasher SS - Display Only Item #269,,,,Appliance Dealers Cooperative (APPDE),Appliance Dealers Cooperative,FRIGIDAIRE®,,WDTS7024RZ-269,,unclassified / needs manual mapping,FRIGIDAIRE® WDTS7024RZ-269 Product,FRIGIDAIRE WDTS7024RZ-269 PRODUCT,FRIGIDAIRE® WDTS7024RZ-269 Product,FRIGIDAIRE® WDTS7024RZ-269 Product,,,,,,,,,,,,,,,,,,,,,,,,,,,,,,,,,,,,,,,,,,,,,,,,,,,,,,,,,,,,,,,,,,,,,,,,,,,,,,,,,,,,,,,,,,,,,,,,,,,,,,,,,,,,,,,,,,,,,,,,,,,,,,,,,,,,,,,,,,,,,,,,,,,,,,,,,,,,,,,,,,,,,,,,,,,,,,,,,,,,,,,,,,,,,,,,,,,,,,,,,,,,,,,,,,,,,,,,,,,,,,,,,
,,,,,,,,,,,DCB205C-270,Dewalt 20V Max 5.0Ah Starter Kit Item #270,,,,Black & Decker (2585),Black & Decker,DEWALT®,,DCB205C-270,,unclassified / needs manual mapping,DEWALT® DCB205C-270 Product,DEWALT DCB205C-270 PRODUCT,DEWALT® DCB205C-270 Product,DEWALT® DCB205C-270 Product,,,,,,,,,,,,,,,,,,,,,,,,,,,,,,,,,,,,,,,,,,,,,,,,,,,,,,,,,,,,,,,,,,,,,,,,,,,,,,,,,,,,,,,,,,,,,,,,,,,,,,,,,,,,,,,,,,,,,,,,,,,,,,,,,,,,,,,,,,,,,,,,,,,,,,,,,,,,,,,,,,,,,,,,,,,,,,,,,,,,,,,,,,,,,,,,,,,,,,,,,,,,,,,,,,,,,,,,,,,,,,,,,
,,,,,,,,,,,DCB518ASTS06G-271,"DCB518ASTS06G Diablo 1/2""x18"" - Sanding Belt 6pc Item #271",,,,Freud Inc (2435),Freud Inc,DIABLO®,,DCB518ASTS06G-271,,unclassified / needs manual mapping,DIABLO® DCB518ASTS06G-271 Product,DIABLO DCB518ASTS06G-271 PRODUCT,DIABLO® DCB518ASTS06G-271 Product,DIABLO® DCB518ASTS06G-271 Product,,,,,,,,,,,,,,,,,,,,,,,,,,,,,,,,,,,,,,,,,,,,,,,,,,,,,,,,,,,,,,,,,,,,,,,,,,,,,,,,,,,,,,,,,,,,,,,,,,,,,,,,,,,,,,,,,,,,,,,,,,,,,,,,,,,,,,,,,,,,,,,,,,,,,,,,,,,,,,,,,,,,,,,,,,,,,,,,,,,,,,,,,,,,,,,,,,,,,,,,,,,,,,,,,,,,,,,,,,,,,,,,,
,,,,,,,,,,,6702-000-272,Moen 6702-000 Genta Single Handle Bathroom Sink Faucet Chrome 1.2 gpm 4in Item #272,,,,Moen Incorporated (MOEN),Moen Incorporated,MOEN®,,6702-000-272,,Plumbing>Faucets>Bathroom Sink Faucets,"MOEN® 6702-000-272 Bathroom Sink Faucets, 2, 1.2 gpm, Chrome",MOEN 6702-000-272 BATHROOM SINK FAUCETS,"MOEN® 6702-000-272 Bathroom Sink Faucets, 2, 1.2 gpm, Chrome","MOEN® 6702-000-272 Bathroom Sink Faucets, 2, 1.2 gpm, Chrome",,,,,,,,,,,,,,,,,,,,,,,,,,,,,Number of Faucet Handles,2,,Flow Rate,1.2,gpm,Finish/Color,Chrome,,,,,,,,,,,,,,,,,,,,,,,,,,,,,,,,,,,,,,,,,,,,,,,,,,,,,,,,,,,,,,,,,,,,,,,,,,,,,,,,,,,,,,,,,,,,,,,,,,,,,,,,,,,,,,,,,,,,,,,,,,,,,,,,,,,,,,,,,,,,,,,,,,30181702,,,,,,,,,,,,,,,,,,,,,,,,,,,,,,,,,,,,,,,,,,,
,,,,,,,,,,,559HA-DST-273,Delta 559HA-DST Trinsic Single Handle Bathroom Sink Faucet Matte Black 1.2 gpm Item #273,,,,Delta Faucet Company (DELTA),Delta Faucet Company,DELTA®,,559HA-DST-273,,Plumbing>Faucets>Bathroom Sink Faucets,"DELTA® 559HA-DST-273 Bathroom Sink Faucets, 2, 1.2 gpm, Matte Black",DELTA 559HA-DST-273 BATHROOM SINK FAUCET,"DELTA® 559HA-DST-273 Bathroom Sink Faucets, 2, 1.2 gpm, Matte Black","DELTA® 559HA-DST-273 Bathroom Sink Faucets, 2, 1.2 gpm, Matte Black",,,,,,,,,,,,,,,,,,,,,,,,,,,,,Number of Faucet Handles,2,,Flow Rate,1.2,gpm,Finish/Color,Matte Black,,,,,,,,,,,,,,,,,,,,,,,,,,,,,,,,,,,,,,,,,,,,,,,,,,,,,,,,,,,,,,,,,,,,,,,,,,,,,,,,,,,,,,,,,,,,,,,,,,,,,,,,,,,,,,,,,,,,,,,,,,,,,,,,,,,,,,,,,,,,,,,,,,30181702,,,,,,,,,,,,,,,,,,,,,,,,,,,,,,,,,,,,,,,,,,,
,,,,,,,,,,,K-596-VS-274,Kohler K-596-VS Simplice Pull-Down Kitchen Faucet Vibrant Stainless 1.5 gpm Item #274,,,,Kohler Co. (KOHLER),Kohler Co.,KOHLER®,,K-596-VS-274,,Plumbing>Faucets>Utility Faucets,KOHLER® K-596-VS-274 Utility Faucets,KOHLER K-596-VS-274 UTILITY FAUCETS,KOHLER® K-596-VS-274 Utility Faucets,KOHLER® K-596-VS-274 Utility Faucets,,,,,,,,,,,,,,,,,,,,,,,,,,,,,,,,,,,,,,,,,,,,,,,,,,,,,,,,,,,,,,,,,,,,,,,,,,,,,,,,,,,,,,,,,,,,,,,,,,,,,,,,,,,,,,,,,,,,,,,,,,,,,,,,,,,,,,,,,,,,,,,,,,,,,,,,,,,,,,,,,,,,,,,,,,,,,,,,,,,,,,30181706,,,,,,,,,,,,,,,,,,,,,,,,,,,,,,,,,,,,,,,,,,,
,,,,,,,,,,,607-1/2-275,Nibco 607 1/2 1/2 in Copper Wrot Pressure 90 Deg Elbow Item #275,,,,Nibco Inc (NIBCO),Nibco Inc,NIBCO®,,607-1/2-275,,"Plumbing>Pipe, Tube & Hose Fittings>Pipe Fittings","NIBCO® 607-1/2-275 Pipe Fittings, Elbow, 1/2 in, Press, Copper",NIBCO 607-1/2-275 PIPE FITTINGS,"NIBCO® 607-1/2-275 Pipe Fittings, Elbow, 1/2 in, Press, Copper","NIBCO® 607-1/2-275 Pipe Fittings, Elbow, 1/2 in, Press, Copper",,,,,,,,,,,,,,,,,,,,,,,,,,,,,Fitting Fitting/Connector Type,Elbow,,Pipe Size,1/2,in,Connection Type,Press,,Fitting Material,Copper,,,,,,,,,,,,,,,,,,,,,,,,,,,,,,,,,,,,,,,,,,,,,,,,,,,,,,,,,,,,,,,,,,,,,,,,,,,,,,,,,,,,,,,,,,,,,,,,,,,,,,,,,,,,,,,,,,,,,,,,,,,,,,,,,,,,,,,,,,,,,,,40172600,,,,,,,,,,,,,,,,,,,,,,,,,,,,,,,,,,,,,,,,,,,
,,,,,,,,,,,U008LF-276,SharkBite U008LF 1/2 in Push-to-Connect Brass Coupling Item #276,,,,SharkBite Plumbing Solutions (SHARK),SharkBite Plumbing Solutions,SHARKBITE®,,U008LF-276,,"Plumbing>Pipe, Tube & Hose Fittings>Pipe Fittings","SHARKBITE® U008LF-276 Pipe Fittings, Coupling, 1/2 in, Push-to-Connect, Brass",SHARKBITE U008LF-276 PIPE FITTINGS,"SHARKBITE® U008LF-276 Pipe Fittings, Coupling, 1/2 in, Push-to-Connect, Brass","SHARKBITE® U008LF-276 Pipe Fittings, Coupling, 1/2 in, Push-to-Connect, Brass",,,,,,,,,,,,,,,,,,,,,,,,,,,,,Fitting Fitting/Connector Type,Coupling,,Pipe Size,1/2,in,Connection Type,Push-to-Connect,,Fitting Material,Brass,,,,,,,,,,,,,,,,,,,,,,,,,,,,,,,,,,,,,,,,,,,,,,,,,,,,,,,,,,,,,,,,,,,,,,,,,,,,,,,,,,,,,,,,,,,,,,,,,,,,,,,,,,,,,,,,,,,,,,,,,,,,,,,,,,,,,,,,,,,,,,,40172600,,,,,,,,,,,,,,,,,,,,,,,,,,,,,,,,,,,,,,,,,,,
,,,,,,,,,,,NIP-050-CLOSE-277,Charlotte Pipe 1/2 in x Close Black Steel Nipple MNPT Item #277,,,,Charlotte Pipe and Foundry (CHARL),Charlotte Pipe and Foundry,CHARLOTTE PIPE®,,NIP-050-CLOSE-277,,"Plumbing>Pipe, Tube & Hose Fittings>Pipe Fittings","CHARLOTTE PIPE® NIP-050-CLOSE-277 Pipe Fittings, Tee, 1/2 in, MNPT",CHARLOTTE PIPE NIP-050-CLOSE-277 PIPE FI,"CHARLOTTE PIPE® NIP-050-CLOSE-277 Pipe Fittings, Tee, 1/2 in, MNPT","CHARLOTTE PIPE® NIP-050-CLOSE-277 Pipe Fittings, Tee, 1/2 in, MNPT",,,,,,,,,,,,,,,,,,,,,,,,,,,,,Fitting Fitting/Connector Type,Tee,,Pipe Size,1/2,in,Connection Type,MNPT,,,,,,,,,,,,,,,,,,,,,,,,,,,,,,,,,,,,,,,,,,,,,,,,,,,,,,,,,,,,,,,,,,,,,,,,,,,,,,,,,,,,,,,,,,,,,,,,,,,,,,,,,,,,,,,,,,,,,,,,,,,,,,,,,,,,,,,,,,,,,,,,,,40172600,,,,,,,,,,,,,,,,,,,,,,,,,,,,,,,,,,,,,,,,,,,
,,,,,,,,,,,PDSH4816AF-278,PDSH4816AF Dishwasher SS - Display Only Item #278,,,,Appliance Dealers Cooperative (APPDE),Appliance Dealers Cooperative,FRIGIDAIRE®,,PDSH4816AF-278,,unclassified / needs manual mapping,FRIGIDAIRE® PDSH4816AF-278 Product,FRIGIDAIRE PDSH4816AF-278 PRODUCT,FRIGIDAIRE® PDSH4816AF-278 Product,FRIGIDAIRE® PDSH4816AF-278 Product,,,,,,,,,,,,,,,,,,,,,,,,,,,,,,,,,,,,,,,,,,,,,,,,,,,,,,,,,,,,,,,,,,,,,,,,,,,,,,,,,,,,,,,,,,,,,,,,,,,,,,,,,,,,,,,,,,,,,,,,,,,,,,,,,,,,,,,,,,,,,,,,,,,,,,,,,,,,,,,,,,,,,,,,,,,,,,,,,,,,,,,,,,,,,,,,,,,,,,,,,,,,,,,,,,,,,,,,,,,,,,,,,
,,,,,,,,,,,WDTS7024RZ-279,WDTS7024RZ Dishwasher SS - Display Only Item #279,,,,Appliance Dealers Cooperative (APPDE),Appliance Dealers Cooperative,FRIGIDAIRE®,,WDTS7024RZ-279,,unclassified / needs manual mapping,FRIGIDAIRE® WDTS7024RZ-279 Product,FRIGIDAIRE WDTS7024RZ-279 PRODUCT,FRIGIDAIRE® WDTS7024RZ-279 Product,FRIGIDAIRE® WDTS7024RZ-279 Product,,,,,,,,,,,,,,,,,,,,,,,,,,,,,,,,,,,,,,,,,,,,,,,,,,,,,,,,,,,,,,,,,,,,,,,,,,,,,,,,,,,,,,,,,,,,,,,,,,,,,,,,,,,,,,,,,,,,,,,,,,,,,,,,,,,,,,,,,,,,,,,,,,,,,,,,,,,,,,,,,,,,,,,,,,,,,,,,,,,,,,,,,,,,,,,,,,,,,,,,,,,,,,,,,,,,,,,,,,,,,,,,,
,,,,,,,,,,,DCB205C-280,Dewalt 20V Max 5.0Ah Starter Kit Item #280,,,,Black & Decker (2585),Black & Decker,DEWALT®,,DCB205C-280,,unclassified / needs manual mapping,DEWALT® DCB205C-280 Product,DEWALT DCB205C-280 PRODUCT,DEWALT® DCB205C-280 Product,DEWALT® DCB205C-280 Product,,,,,,,,,,,,,,,,,,,,,,,,,,,,,,,,,,,,,,,,,,,,,,,,,,,,,,,,,,,,,,,,,,,,,,,,,,,,,,,,,,,,,,,,,,,,,,,,,,,,,,,,,,,,,,,,,,,,,,,,,,,,,,,,,,,,,,,,,,,,,,,,,,,,,,,,,,,,,,,,,,,,,,,,,,,,,,,,,,,,,,,,,,,,,,,,,,,,,,,,,,,,,,,,,,,,,,,,,,,,,,,,,
,,,,,,,,,,,DCB518ASTS06G-281,"DCB518ASTS06G Diablo 1/2""x18"" - Sanding Belt 6pc Item #281",,,,Freud Inc (2435),Freud Inc,DIABLO®,,DCB518ASTS06G-281,,unclassified / needs manual mapping,DIABLO® DCB518ASTS06G-281 Product,DIABLO DCB518ASTS06G-281 PRODUCT,DIABLO® DCB518ASTS06G-281 Product,DIABLO® DCB518ASTS06G-281 Product,,,,,,,,,,,,,,,,,,,,,,,,,,,,,,,,,,,,,,,,,,,,,,,,,,,,,,,,,,,,,,,,,,,,,,,,,,,,,,,,,,,,,,,,,,,,,,,,,,,,,,,,,,,,,,,,,,,,,,,,,,,,,,,,,,,,,,,,,,,,,,,,,,,,,,,,,,,,,,,,,,,,,,,,,,,,,,,,,,,,,,,,,,,,,,,,,,,,,,,,,,,,,,,,,,,,,,,,,,,,,,,,,
,,,,,,,,,,,6702-000-282,Moen 6702-000 Genta Single Handle Bathroom Sink Faucet Chrome 1.2 gpm 4in Item #282,,,,Moen Incorporated (MOEN),Moen Incorporated,MOEN®,,6702-000-282,,Plumbing>Faucets>Bathroom Sink Faucets,"MOEN® 6702-000-282 Bathroom Sink Faucets, 2, 1.2 gpm, Chrome",MOEN 6702-000-282 BATHROOM SINK FAUCETS,"MOEN® 6702-000-282 Bathroom Sink Faucets, 2, 1.2 gpm, Chrome","MOEN® 6702-000-282 Bathroom Sink Faucets, 2, 1.2 gpm, Chrome",,,,,,,,,,,,,,,,,,,,,,,,,,,,,Number of Faucet Handles,2,,Flow Rate,1.2,gpm,Finish/Color,Chrome,,,,,,,,,,,,,,,,,,,,,,,,,,,,,,,,,,,,,,,,,,,,,,,,,,,,,,,,,,,,,,,,,,,,,,,,,,,,,,,,,,,,,,,,,,,,,,,,,,,,,,,,,,,,,,,,,,,,,,,,,,,,,,,,,,,,,,,,,,,,,,,,,,30181702,,,,,,,,,,,,,,,,,,,,,,,,,,,,,,,,,,,,,,,,,,,
,,,,,,,,,,,559HA-DST-283,Delta 559HA-DST Trinsic Single Handle Bathroom Sink Faucet Matte Black 1.2 gpm Item #283,,,,Delta Faucet Company (DELTA),Delta Faucet Company,DELTA®,,559HA-DST-283,,Plumbing>Faucets>Bathroom Sink Faucets,"DELTA® 559HA-DST-283 Bathroom Sink Faucets, 2, 1.2 gpm, Matte Black",DELTA 559HA-DST-283 BATHROOM SINK FAUCET,"DELTA® 559HA-DST-283 Bathroom Sink Faucets, 2, 1.2 gpm, Matte Black","DELTA® 559HA-DST-283 Bathroom Sink Faucets, 2, 1.2 gpm, Matte Black",,,,,,,,,,,,,,,,,,,,,,,,,,,,,Number of Faucet Handles,2,,Flow Rate,1.2,gpm,Finish/Color,Matte Black,,,,,,,,,,,,,,,,,,,,,,,,,,,,,,,,,,,,,,,,,,,,,,,,,,,,,,,,,,,,,,,,,,,,,,,,,,,,,,,,,,,,,,,,,,,,,,,,,,,,,,,,,,,,,,,,,,,,,,,,,,,,,,,,,,,,,,,,,,,,,,,,,,30181702,,,,,,,,,,,,,,,,,,,,,,,,,,,,,,,,,,,,,,,,,,,
,,,,,,,,,,,K-596-VS-284,Kohler K-596-VS Simplice Pull-Down Kitchen Faucet Vibrant Stainless 1.5 gpm Item #284,,,,Kohler Co. (KOHLER),Kohler Co.,KOHLER®,,K-596-VS-284,,Plumbing>Faucets>Utility Faucets,KOHLER® K-596-VS-284 Utility Faucets,KOHLER K-596-VS-284 UTILITY FAUCETS,KOHLER® K-596-VS-284 Utility Faucets,KOHLER® K-596-VS-284 Utility Faucets,,,,,,,,,,,,,,,,,,,,,,,,,,,,,,,,,,,,,,,,,,,,,,,,,,,,,,,,,,,,,,,,,,,,,,,,,,,,,,,,,,,,,,,,,,,,,,,,,,,,,,,,,,,,,,,,,,,,,,,,,,,,,,,,,,,,,,,,,,,,,,,,,,,,,,,,,,,,,,,,,,,,,,,,,,,,,,,,,,,,,,30181706,,,,,,,,,,,,,,,,,,,,,,,,,,,,,,,,,,,,,,,,,,,
,,,,,,,,,,,607-1/2-285,Nibco 607 1/2 1/2 in Copper Wrot Pressure 90 Deg Elbow Item #285,,,,Nibco Inc (NIBCO),Nibco Inc,NIBCO®,,607-1/2-285,,"Plumbing>Pipe, Tube & Hose Fittings>Pipe Fittings","NIBCO® 607-1/2-285 Pipe Fittings, Elbow, 1/2 in, Press, Copper",NIBCO 607-1/2-285 PIPE FITTINGS,"NIBCO® 607-1/2-285 Pipe Fittings, Elbow, 1/2 in, Press, Copper","NIBCO® 607-1/2-285 Pipe Fittings, Elbow, 1/2 in, Press, Copper",,,,,,,,,,,,,,,,,,,,,,,,,,,,,Fitting Fitting/Connector Type,Elbow,,Pipe Size,1/2,in,Connection Type,Press,,Fitting Material,Copper,,,,,,,,,,,,,,,,,,,,,,,,,,,,,,,,,,,,,,,,,,,,,,,,,,,,,,,,,,,,,,,,,,,,,,,,,,,,,,,,,,,,,,,,,,,,,,,,,,,,,,,,,,,,,,,,,,,,,,,,,,,,,,,,,,,,,,,,,,,,,,,40172600,,,,,,,,,,,,,,,,,,,,,,,,,,,,,,,,,,,,,,,,,,,
,,,,,,,,,,,U008LF-286,SharkBite U008LF 1/2 in Push-to-Connect Brass Coupling Item #286,,,,SharkBite Plumbing Solutions (SHARK),SharkBite Plumbing Solutions,SHARKBITE®,,U008LF-286,,"Plumbing>Pipe, Tube & Hose Fittings>Pipe Fittings","SHARKBITE® U008LF-286 Pipe Fittings, Coupling, 1/2 in, Push-to-Connect, Brass",SHARKBITE U008LF-286 PIPE FITTINGS,"SHARKBITE® U008LF-286 Pipe Fittings, Coupling, 1/2 in, Push-to-Connect, Brass","SHARKBITE® U008LF-286 Pipe Fittings, Coupling, 1/2 in, Push-to-Connect, Brass",,,,,,,,,,,,,,,,,,,,,,,,,,,,,Fitting Fitting/Connector Type,Coupling,,Pipe Size,1/2,in,Connection Type,Push-to-Connect,,Fitting Material,Brass,,,,,,,,,,,,,,,,,,,,,,,,,,,,,,,,,,,,,,,,,,,,,,,,,,,,,,,,,,,,,,,,,,,,,,,,,,,,,,,,,,,,,,,,,,,,,,,,,,,,,,,,,,,,,,,,,,,,,,,,,,,,,,,,,,,,,,,,,,,,,,,40172600,,,,,,,,,,,,,,,,,,,,,,,,,,,,,,,,,,,,,,,,,,,
,,,,,,,,,,,NIP-050-CLOSE-287,Charlotte Pipe 1/2 in x Close Black Steel Nipple MNPT Item #287,,,,Charlotte Pipe and Foundry (CHARL),Charlotte Pipe and Foundry,CHARLOTTE PIPE®,,NIP-050-CLOSE-287,,"Plumbing>Pipe, Tube & Hose Fittings>Pipe Fittings","CHARLOTTE PIPE® NIP-050-CLOSE-287 Pipe Fittings, Tee, 1/2 in, MNPT",CHARLOTTE PIPE NIP-050-CLOSE-287 PIPE FI,"CHARLOTTE PIPE® NIP-050-CLOSE-287 Pipe Fittings, Tee, 1/2 in, MNPT","CHARLOTTE PIPE® NIP-050-CLOSE-287 Pipe Fittings, Tee, 1/2 in, MNPT",,,,,,,,,,,,,,,,,,,,,,,,,,,,,Fitting Fitting/Connector Type,Tee,,Pipe Size,1/2,in,Connection Type,MNPT,,,,,,,,,,,,,,,,,,,,,,,,,,,,,,,,,,,,,,,,,,,,,,,,,,,,,,,,,,,,,,,,,,,,,,,,,,,,,,,,,,,,,,,,,,,,,,,,,,,,,,,,,,,,,,,,,,,,,,,,,,,,,,,,,,,,,,,,,,,,,,,,,,40172600,,,,,,,,,,,,,,,,,,,,,,,,,,,,,,,,,,,,,,,,,,,
,,,,,,,,,,,PDSH4816AF-288,PDSH4816AF Dishwasher SS - Display Only Item #288,,,,Appliance Dealers Cooperative (APPDE),Appliance Dealers Cooperative,FRIGIDAIRE®,,PDSH4816AF-288,,unclassified / needs manual mapping,FRIGIDAIRE® PDSH4816AF-288 Product,FRIGIDAIRE PDSH4816AF-288 PRODUCT,FRIGIDAIRE® PDSH4816AF-288 Product,FRIGIDAIRE® PDSH4816AF-288 Product,,,,,,,,,,,,,,,,,,,,,,,,,,,,,,,,,,,,,,,,,,,,,,,,,,,,,,,,,,,,,,,,,,,,,,,,,,,,,,,,,,,,,,,,,,,,,,,,,,,,,,,,,,,,,,,,,,,,,,,,,,,,,,,,,,,,,,,,,,,,,,,,,,,,,,,,,,,,,,,,,,,,,,,,,,,,,,,,,,,,,,,,,,,,,,,,,,,,,,,,,,,,,,,,,,,,,,,,,,,,,,,,,
,,,,,,,,,,,WDTS7024RZ-289,WDTS7024RZ Dishwasher SS - Display Only Item #289,,,,Appliance Dealers Cooperative (APPDE),Appliance Dealers Cooperative,FRIGIDAIRE®,,WDTS7024RZ-289,,unclassified / needs manual mapping,FRIGIDAIRE® WDTS7024RZ-289 Product,FRIGIDAIRE WDTS7024RZ-289 PRODUCT,FRIGIDAIRE® WDTS7024RZ-289 Product,FRIGIDAIRE® WDTS7024RZ-289 Product,,,,,,,,,,,,,,,,,,,,,,,,,,,,,,,,,,,,,,,,,,,,,,,,,,,,,,,,,,,,,,,,,,,,,,,,,,,,,,,,,,,,,,,,,,,,,,,,,,,,,,,,,,,,,,,,,,,,,,,,,,,,,,,,,,,,,,,,,,,,,,,,,,,,,,,,,,,,,,,,,,,,,,,,,,,,,,,,,,,,,,,,,,,,,,,,,,,,,,,,,,,,,,,,,,,,,,,,,,,,,,,,,
,,,,,,,,,,,DCB205C-290,Dewalt 20V Max 5.0Ah Starter Kit Item #290,,,,Black & Decker (2585),Black & Decker,DEWALT®,,DCB205C-290,,unclassified / needs manual mapping,DEWALT® DCB205C-290 Product,DEWALT DCB205C-290 PRODUCT,DEWALT® DCB205C-290 Product,DEWALT® DCB205C-290 Product,,,,,,,,,,,,,,,,,,,,,,,,,,,,,,,,,,,,,,,,,,,,,,,,,,,,,,,,,,,,,,,,,,,,,,,,,,,,,,,,,,,,,,,,,,,,,,,,,,,,,,,,,,,,,,,,,,,,,,,,,,,,,,,,,,,,,,,,,,,,,,,,,,,,,,,,,,,,,,,,,,,,,,,,,,,,,,,,,,,,,,,,,,,,,,,,,,,,,,,,,,,,,,,,,,,,,,,,,,,,,,,,,
,,,,,,,,,,,DCB518ASTS06G-291,"DCB518ASTS06G Diablo 1/2""x18"" - Sanding Belt 6pc Item #291",,,,Freud Inc (2435),Freud Inc,DIABLO®,,DCB518ASTS06G-291,,unclassified / needs manual mapping,DIABLO® DCB518ASTS06G-291 Product,DIABLO DCB518ASTS06G-291 PRODUCT,DIABLO® DCB518ASTS06G-291 Product,DIABLO® DCB518ASTS06G-291 Product,,,,,,,,,,,,,,,,,,,,,,,,,,,,,,,,,,,,,,,,,,,,,,,,,,,,,,,,,,,,,,,,,,,,,,,,,,,,,,,,,,,,,,,,,,,,,,,,,,,,,,,,,,,,,,,,,,,,,,,,,,,,,,,,,,,,,,,,,,,,,,,,,,,,,,,,,,,,,,,,,,,,,,,,,,,,,,,,,,,,,,,,,,,,,,,,,,,,,,,,,,,,,,,,,,,,,,,,,,,,,,,,,
,,,,,,,,,,,6702-000-292,Moen 6702-000 Genta Single Handle Bathroom Sink Faucet Chrome 1.2 gpm 4in Item #292,,,,Moen Incorporated (MOEN),Moen Incorporated,MOEN®,,6702-000-292,,Plumbing>Faucets>Bathroom Sink Faucets,"MOEN® 6702-000-292 Bathroom Sink Faucets, 2, 1.2 gpm, Chrome",MOEN 6702-000-292 BATHROOM SINK FAUCETS,"MOEN® 6702-000-292 Bathroom Sink Faucets, 2, 1.2 gpm, Chrome","MOEN® 6702-000-292 Bathroom Sink Faucets, 2, 1.2 gpm, Chrome",,,,,,,,,,,,,,,,,,,,,,,,,,,,,Number of Faucet Handles,2,,Flow Rate,1.2,gpm,Finish/Color,Chrome,,,,,,,,,,,,,,,,,,,,,,,,,,,,,,,,,,,,,,,,,,,,,,,,,,,,,,,,,,,,,,,,,,,,,,,,,,,,,,,,,,,,,,,,,,,,,,,,,,,,,,,,,,,,,,,,,,,,,,,,,,,,,,,,,,,,,,,,,,,,,,,,,,30181702,,,,,,,,,,,,,,,,,,,,,,,,,,,,,,,,,,,,,,,,,,,
,,,,,,,,,,,559HA-DST-293,Delta 559HA-DST Trinsic Single Handle Bathroom Sink Faucet Matte Black 1.2 gpm Item #293,,,,Delta Faucet Company (DELTA),Delta Faucet Company,DELTA®,,559HA-DST-293,,Plumbing>Faucets>Bathroom Sink Faucets,"DELTA® 559HA-DST-293 Bathroom Sink Faucets, 2, 1.2 gpm, Matte Black",DELTA 559HA-DST-293 BATHROOM SINK FAUCET,"DELTA® 559HA-DST-293 Bathroom Sink Faucets, 2, 1.2 gpm, Matte Black","DELTA® 559HA-DST-293 Bathroom Sink Faucets, 2, 1.2 gpm, Matte Black",,,,,,,,,,,,,,,,,,,,,,,,,,,,,Number of Faucet Handles,2,,Flow Rate,1.2,gpm,Finish/Color,Matte Black,,,,,,,,,,,,,,,,,,,,,,,,,,,,,,,,,,,,,,,,,,,,,,,,,,,,,,,,,,,,,,,,,,,,,,,,,,,,,,,,,,,,,,,,,,,,,,,,,,,,,,,,,,,,,,,,,,,,,,,,,,,,,,,,,,,,,,,,,,,,,,,,,,30181702,,,,,,,,,,,,,,,,,,,,,,,,,,,,,,,,,,,,,,,,,,,
,,,,,,,,,,,K-596-VS-294,Kohler K-596-VS Simplice Pull-Down Kitchen Faucet Vibrant Stainless 1.5 gpm Item #294,,,,Kohler Co. (KOHLER),Kohler Co.,KOHLER®,,K-596-VS-294,,Plumbing>Faucets>Utility Faucets,KOHLER® K-596-VS-294 Utility Faucets,KOHLER K-596-VS-294 UTILITY FAUCETS,KOHLER® K-596-VS-294 Utility Faucets,KOHLER® K-596-VS-294 Utility Faucets,,,,,,,,,,,,,,,,,,,,,,,,,,,,,,,,,,,,,,,,,,,,,,,,,,,,,,,,,,,,,,,,,,,,,,,,,,,,,,,,,,,,,,,,,,,,,,,,,,,,,,,,,,,,,,,,,,,,,,,,,,,,,,,,,,,,,,,,,,,,,,,,,,,,,,,,,,,,,,,,,,,,,,,,,,,,,,,,,,,,,,30181706,,,,,,,,,,,,,,,,,,,,,,,,,,,,,,,,,,,,,,,,,,,
,,,,,,,,,,,607-1/2-295,Nibco 607 1/2 1/2 in Copper Wrot Pressure 90 Deg Elbow Item #295,,,,Nibco Inc (NIBCO),Nibco Inc,NIBCO®,,607-1/2-295,,"Plumbing>Pipe, Tube & Hose Fittings>Pipe Fittings","NIBCO® 607-1/2-295 Pipe Fittings, Elbow, 1/2 in, Press, Copper",NIBCO 607-1/2-295 PIPE FITTINGS,"NIBCO® 607-1/2-295 Pipe Fittings, Elbow, 1/2 in, Press, Copper","NIBCO® 607-1/2-295 Pipe Fittings, Elbow, 1/2 in, Press, Copper",,,,,,,,,,,,,,,,,,,,,,,,,,,,,Fitting Fitting/Connector Type,Elbow,,Pipe Size,1/2,in,Connection Type,Press,,Fitting Material,Copper,,,,,,,,,,,,,,,,,,,,,,,,,,,,,,,,,,,,,,,,,,,,,,,,,,,,,,,,,,,,,,,,,,,,,,,,,,,,,,,,,,,,,,,,,,,,,,,,,,,,,,,,,,,,,,,,,,,,,,,,,,,,,,,,,,,,,,,,,,,,,,,40172600,,,,,,,,,,,,,,,,,,,,,,,,,,,,,,,,,,,,,,,,,,,
,,,,,,,,,,,U008LF-296,SharkBite U008LF 1/2 in Push-to-Connect Brass Coupling Item #296,,,,SharkBite Plumbing Solutions (SHARK),SharkBite Plumbing Solutions,SHARKBITE®,,U008LF-296,,"Plumbing>Pipe, Tube & Hose Fittings>Pipe Fittings","SHARKBITE® U008LF-296 Pipe Fittings, Coupling, 1/2 in, Push-to-Connect, Brass",SHARKBITE U008LF-296 PIPE FITTINGS,"SHARKBITE® U008LF-296 Pipe Fittings, Coupling, 1/2 in, Push-to-Connect, Brass","SHARKBITE® U008LF-296 Pipe Fittings, Coupling, 1/2 in, Push-to-Connect, Brass",,,,,,,,,,,,,,,,,,,,,,,,,,,,,Fitting Fitting/Connector Type,Coupling,,Pipe Size,1/2,in,Connection Type,Push-to-Connect,,Fitting Material,Brass,,,,,,,,,,,,,,,,,,,,,,,,,,,,,,,,,,,,,,,,,,,,,,,,,,,,,,,,,,,,,,,,,,,,,,,,,,,,,,,,,,,,,,,,,,,,,,,,,,,,,,,,,,,,,,,,,,,,,,,,,,,,,,,,,,,,,,,,,,,,,,,40172600,,,,,,,,,,,,,,,,,,,,,,,,,,,,,,,,,,,,,,,,,,,
,,,,,,,,,,,NIP-050-CLOSE-297,Charlotte Pipe 1/2 in x Close Black Steel Nipple MNPT Item #297,,,,Charlotte Pipe and Foundry (CHARL),Charlotte Pipe and Foundry,CHARLOTTE PIPE®,,NIP-050-CLOSE-297,,"Plumbing>Pipe, Tube & Hose Fittings>Pipe Fittings","CHARLOTTE PIPE® NIP-050-CLOSE-297 Pipe Fittings, Tee, 1/2 in, MNPT",CHARLOTTE PIPE NIP-050-CLOSE-297 PIPE FI,"CHARLOTTE PIPE® NIP-050-CLOSE-297 Pipe Fittings, Tee, 1/2 in, MNPT","CHARLOTTE PIPE® NIP-050-CLOSE-297 Pipe Fittings, Tee, 1/2 in, MNPT",,,,,,,,,,,,,,,,,,,,,,,,,,,,,Fitting Fitting/Connector Type,Tee,,Pipe Size,1/2,in,Connection Type,MNPT,,,,,,,,,,,,,,,,,,,,,,,,,,,,,,,,,,,,,,,,,,,,,,,,,,,,,,,,,,,,,,,,,,,,,,,,,,,,,,,,,,,,,,,,,,,,,,,,,,,,,,,,,,,,,,,,,,,,,,,,,,,,,,,,,,,,,,,,,,,,,,,,,,40172600,,,,,,,,,,,,,,,,,,,,,,,,,,,,,,,,,,,,,,,,,,,
,,,,,,,,,,,PDSH4816AF-298,PDSH4816AF Dishwasher SS - Display Only Item #298,,,,Appliance Dealers Cooperative (APPDE),Appliance Dealers Cooperative,FRIGIDAIRE®,,PDSH4816AF-298,,unclassified / needs manual mapping,FRIGIDAIRE® PDSH4816AF-298 Product,FRIGIDAIRE PDSH4816AF-298 PRODUCT,FRIGIDAIRE® PDSH4816AF-298 Product,FRIGIDAIRE® PDSH4816AF-298 Product,,,,,,,,,,,,,,,,,,,,,,,,,,,,,,,,,,,,,,,,,,,,,,,,,,,,,,,,,,,,,,,,,,,,,,,,,,,,,,,,,,,,,,,,,,,,,,,,,,,,,,,,,,,,,,,,,,,,,,,,,,,,,,,,,,,,,,,,,,,,,,,,,,,,,,,,,,,,,,,,,,,,,,,,,,,,,,,,,,,,,,,,,,,,,,,,,,,,,,,,,,,,,,,,,,,,,,,,,,,,,,,,,
,,,,,,,,,,,WDTS7024RZ-299,WDTS7024RZ Dishwasher SS - Display Only Item #299,,,,Appliance Dealers Cooperative (APPDE),Appliance Dealers Cooperative,FRIGIDAIRE®,,WDTS7024RZ-299,,unclassified / needs manual mapping,FRIGIDAIRE® WDTS7024RZ-299 Product,FRIGIDAIRE WDTS7024RZ-299 PRODUCT,FRIGIDAIRE® WDTS7024RZ-299 Product,FRIGIDAIRE® WDTS7024RZ-299 Product,,,,,,,,,,,,,,,,,,,,,,,,,,,,,,,,,,,,,,,,,,,,,,,,,,,,,,,,,,,,,,,,,,,,,,,,,,,,,,,,,,,,,,,,,,,,,,,,,,,,,,,,,,,,,,,,,,,,,,,,,,,,,,,,,,,,,,,,,,,,,,,,,,,,,,,,,,,,,,,,,,,,,,,,,,,,,,,,,,,,,,,,,,,,,,,,,,,,,,,,,,,,,,,,,,,,,,,,,,,,,,,,,
,,,,,,,,,,,DCB205C-300,Dewalt 20V Max 5.0Ah Starter Kit Item #300,,,,Black & Decker (2585),Black & Decker,DEWALT®,,DCB205C-300,,unclassified / needs manual mapping,DEWALT® DCB205C-300 Product,DEWALT DCB205C-300 PRODUCT,DEWALT® DCB205C-300 Product,DEWALT® DCB205C-300 Product,,,,,,,,,,,,,,,,,,,,,,,,,,,,,,,,,,,,,,,,,,,,,,,,,,,,,,,,,,,,,,,,,,,,,,,,,,,,,,,,,,,,,,,,,,,,,,,,,,,,,,,,,,,,,,,,,,,,,,,,,,,,,,,,,,,,,,,,,,,,,,,,,,,,,,,,,,,,,,,,,,,,,,,,,,,,,,,,,,,,,,,,,,,,,,,,,,,,,,,,,,,,,,,,,,,,,,,,,,,,,,,,,
,,,,,,,,,,,DCB518ASTS06G-301,"DCB518ASTS06G Diablo 1/2""x18"" - Sanding Belt 6pc Item #301",,,,Freud Inc (2435),Freud Inc,DIABLO®,,DCB518ASTS06G-301,,unclassified / needs manual mapping,DIABLO® DCB518ASTS06G-301 Product,DIABLO DCB518ASTS06G-301 PRODUCT,DIABLO® DCB518ASTS06G-301 Product,DIABLO® DCB518ASTS06G-301 Product,,,,,,,,,,,,,,,,,,,,,,,,,,,,,,,,,,,,,,,,,,,,,,,,,,,,,,,,,,,,,,,,,,,,,,,,,,,,,,,,,,,,,,,,,,,,,,,,,,,,,,,,,,,,,,,,,,,,,,,,,,,,,,,,,,,,,,,,,,,,,,,,,,,,,,,,,,,,,,,,,,,,,,,,,,,,,,,,,,,,,,,,,,,,,,,,,,,,,,,,,,,,,,,,,,,,,,,,,,,,,,,,,
,,,,,,,,,,,6702-000-302,Moen 6702-000 Genta Single Handle Bathroom Sink Faucet Chrome 1.2 gpm 4in Item #302,,,,Moen Incorporated (MOEN),Moen Incorporated,MOEN®,,6702-000-302,,Plumbing>Faucets>Bathroom Sink Faucets,"MOEN® 6702-000-302 Bathroom Sink Faucets, 2, 1.2 gpm, Chrome",MOEN 6702-000-302 BATHROOM SINK FAUCETS,"MOEN® 6702-000-302 Bathroom Sink Faucets, 2, 1.2 gpm, Chrome","MOEN® 6702-000-302 Bathroom Sink Faucets, 2, 1.2 gpm, Chrome",,,,,,,,,,,,,,,,,,,,,,,,,,,,,Number of Faucet Handles,2,,Flow Rate,1.2,gpm,Finish/Color,Chrome,,,,,,,,,,,,,,,,,,,,,,,,,,,,,,,,,,,,,,,,,,,,,,,,,,,,,,,,,,,,,,,,,,,,,,,,,,,,,,,,,,,,,,,,,,,,,,,,,,,,,,,,,,,,,,,,,,,,,,,,,,,,,,,,,,,,,,,,,,,,,,,,,,30181702,,,,,,,,,,,,,,,,,,,,,,,,,,,,,,,,,,,,,,,,,,,
,,,,,,,,,,,559HA-DST-303,Delta 559HA-DST Trinsic Single Handle Bathroom Sink Faucet Matte Black 1.2 gpm Item #303,,,,Delta Faucet Company (DELTA),Delta Faucet Company,DELTA®,,559HA-DST-303,,Plumbing>Faucets>Bathroom Sink Faucets,"DELTA® 559HA-DST-303 Bathroom Sink Faucets, 2, 1.2 gpm, Matte Black",DELTA 559HA-DST-303 BATHROOM SINK FAUCET,"DELTA® 559HA-DST-303 Bathroom Sink Faucets, 2, 1.2 gpm, Matte Black","DELTA® 559HA-DST-303 Bathroom Sink Faucets, 2, 1.2 gpm, Matte Black",,,,,,,,,,,,,,,,,,,,,,,,,,,,,Number of Faucet Handles,2,,Flow Rate,1.2,gpm,Finish/Color,Matte Black,,,,,,,,,,,,,,,,,,,,,,,,,,,,,,,,,,,,,,,,,,,,,,,,,,,,,,,,,,,,,,,,,,,,,,,,,,,,,,,,,,,,,,,,,,,,,,,,,,,,,,,,,,,,,,,,,,,,,,,,,,,,,,,,,,,,,,,,,,,,,,,,,,30181702,,,,,,,,,,,,,,,,,,,,,,,,,,,,,,,,,,,,,,,,,,,
,,,,,,,,,,,K-596-VS-304,Kohler K-596-VS Simplice Pull-Down Kitchen Faucet Vibrant Stainless 1.5 gpm Item #304,,,,Kohler Co. (KOHLER),Kohler Co.,KOHLER®,,K-596-VS-304,,Plumbing>Faucets>Utility Faucets,KOHLER® K-596-VS-304 Utility Faucets,KOHLER K-596-VS-304 UTILITY FAUCETS,KOHLER® K-596-VS-304 Utility Faucets,KOHLER® K-596-VS-304 Utility Faucets,,,,,,,,,,,,,,,,,,,,,,,,,,,,,,,,,,,,,,,,,,,,,,,,,,,,,,,,,,,,,,,,,,,,,,,,,,,,,,,,,,,,,,,,,,,,,,,,,,,,,,,,,,,,,,,,,,,,,,,,,,,,,,,,,,,,,,,,,,,,,,,,,,,,,,,,,,,,,,,,,,,,,,,,,,,,,,,,,,,,,,30181706,,,,,,,,,,,,,,,,,,,,,,,,,,,,,,,,,,,,,,,,,,,
,,,,,,,,,,,607-1/2-305,Nibco 607 1/2 1/2 in Copper Wrot Pressure 90 Deg Elbow Item #305,,,,Nibco Inc (NIBCO),Nibco Inc,NIBCO®,,607-1/2-305,,"Plumbing>Pipe, Tube & Hose Fittings>Pipe Fittings","NIBCO® 607-1/2-305 Pipe Fittings, Elbow, 1/2 in, Press, Copper",NIBCO 607-1/2-305 PIPE FITTINGS,"NIBCO® 607-1/2-305 Pipe Fittings, Elbow, 1/2 in, Press, Copper","NIBCO® 607-1/2-305 Pipe Fittings, Elbow, 1/2 in, Press, Copper",,,,,,,,,,,,,,,,,,,,,,,,,,,,,Fitting Fitting/Connector Type,Elbow,,Pipe Size,1/2,in,Connection Type,Press,,Fitting Material,Copper,,,,,,,,,,,,,,,,,,,,,,,,,,,,,,,,,,,,,,,,,,,,,,,,,,,,,,,,,,,,,,,,,,,,,,,,,,,,,,,,,,,,,,,,,,,,,,,,,,,,,,,,,,,,,,,,,,,,,,,,,,,,,,,,,,,,,,,,,,,,,,,40172600,,,,,,,,,,,,,,,,,,,,,,,,,,,,,,,,,,,,,,,,,,,
,,,,,,,,,,,U008LF-306,SharkBite U008LF 1/2 in Push-to-Connect Brass Coupling Item #306,,,,SharkBite Plumbing Solutions (SHARK),SharkBite Plumbing Solutions,SHARKBITE®,,U008LF-306,,"Plumbing>Pipe, Tube & Hose Fittings>Pipe Fittings","SHARKBITE® U008LF-306 Pipe Fittings, Coupling, 1/2 in, Push-to-Connect, Brass",SHARKBITE U008LF-306 PIPE FITTINGS,"SHARKBITE® U008LF-306 Pipe Fittings, Coupling, 1/2 in, Push-to-Connect, Brass","SHARKBITE® U008LF-306 Pipe Fittings, Coupling, 1/2 in, Push-to-Connect, Brass",,,,,,,,,,,,,,,,,,,,,,,,,,,,,Fitting Fitting/Connector Type,Coupling,,Pipe Size,1/2,in,Connection Type,Push-to-Connect,,Fitting Material,Brass,,,,,,,,,,,,,,,,,,,,,,,,,,,,,,,,,,,,,,,,,,,,,,,,,,,,,,,,,,,,,,,,,,,,,,,,,,,,,,,,,,,,,,,,,,,,,,,,,,,,,,,,,,,,,,,,,,,,,,,,,,,,,,,,,,,,,,,,,,,,,,,40172600,,,,,,,,,,,,,,,,,,,,,,,,,,,,,,,,,,,,,,,,,,,
,,,,,,,,,,,NIP-050-CLOSE-307,Charlotte Pipe 1/2 in x Close Black Steel Nipple MNPT Item #307,,,,Charlotte Pipe and Foundry (CHARL),Charlotte Pipe and Foundry,CHARLOTTE PIPE®,,NIP-050-CLOSE-307,,"Plumbing>Pipe, Tube & Hose Fittings>Pipe Fittings","CHARLOTTE PIPE® NIP-050-CLOSE-307 Pipe Fittings, Tee, 1/2 in, MNPT",CHARLOTTE PIPE NIP-050-CLOSE-307 PIPE FI,"CHARLOTTE PIPE® NIP-050-CLOSE-307 Pipe Fittings, Tee, 1/2 in, MNPT","CHARLOTTE PIPE® NIP-050-CLOSE-307 Pipe Fittings, Tee, 1/2 in, MNPT",,,,,,,,,,,,,,,,,,,,,,,,,,,,,Fitting Fitting/Connector Type,Tee,,Pipe Size,1/2,in,Connection Type,MNPT,,,,,,,,,,,,,,,,,,,,,,,,,,,,,,,,,,,,,,,,,,,,,,,,,,,,,,,,,,,,,,,,,,,,,,,,,,,,,,,,,,,,,,,,,,,,,,,,,,,,,,,,,,,,,,,,,,,,,,,,,,,,,,,,,,,,,,,,,,,,,,,,,,40172600,,,,,,,,,,,,,,,,,,,,,,,,,,,,,,,,,,,,,,,,,,,
,,,,,,,,,,,PDSH4816AF-308,PDSH4816AF Dishwasher SS - Display Only Item #308,,,,Appliance Dealers Cooperative (APPDE),Appliance Dealers Cooperative,FRIGIDAIRE®,,PDSH4816AF-308,,unclassified / needs manual mapping,FRIGIDAIRE® PDSH4816AF-308 Product,FRIGIDAIRE PDSH4816AF-308 PRODUCT,FRIGIDAIRE® PDSH4816AF-308 Product,FRIGIDAIRE® PDSH4816AF-308 Product,,,,,,,,,,,,,,,,,,,,,,,,,,,,,,,,,,,,,,,,,,,,,,,,,,,,,,,,,,,,,,,,,,,,,,,,,,,,,,,,,,,,,,,,,,,,,,,,,,,,,,,,,,,,,,,,,,,,,,,,,,,,,,,,,,,,,,,,,,,,,,,,,,,,,,,,,,,,,,,,,,,,,,,,,,,,,,,,,,,,,,,,,,,,,,,,,,,,,,,,,,,,,,,,,,,,,,,,,,,,,,,,,
,,,,,,,,,,,WDTS7024RZ-309,WDTS7024RZ Dishwasher SS - Display Only Item #309,,,,Appliance Dealers Cooperative (APPDE),Appliance Dealers Cooperative,FRIGIDAIRE®,,WDTS7024RZ-309,,unclassified / needs manual mapping,FRIGIDAIRE® WDTS7024RZ-309 Product,FRIGIDAIRE WDTS7024RZ-309 PRODUCT,FRIGIDAIRE® WDTS7024RZ-309 Product,FRIGIDAIRE® WDTS7024RZ-309 Product,,,,,,,,,,,,,,,,,,,,,,,,,,,,,,,,,,,,,,,,,,,,,,,,,,,,,,,,,,,,,,,,,,,,,,,,,,,,,,,,,,,,,,,,,,,,,,,,,,,,,,,,,,,,,,,,,,,,,,,,,,,,,,,,,,,,,,,,,,,,,,,,,,,,,,,,,,,,,,,,,,,,,,,,,,,,,,,,,,,,,,,,,,,,,,,,,,,,,,,,,,,,,,,,,,,,,,,,,,,,,,,,,
,,,,,,,,,,,DCB205C-310,Dewalt 20V Max 5.0Ah Starter Kit Item #310,,,,Black & Decker (2585),Black & Decker,DEWALT®,,DCB205C-310,,unclassified / needs manual mapping,DEWALT® DCB205C-310 Product,DEWALT DCB205C-310 PRODUCT,DEWALT® DCB205C-310 Product,DEWALT® DCB205C-310 Product,,,,,,,,,,,,,,,,,,,,,,,,,,,,,,,,,,,,,,,,,,,,,,,,,,,,,,,,,,,,,,,,,,,,,,,,,,,,,,,,,,,,,,,,,,,,,,,,,,,,,,,,,,,,,,,,,,,,,,,,,,,,,,,,,,,,,,,,,,,,,,,,,,,,,,,,,,,,,,,,,,,,,,,,,,,,,,,,,,,,,,,,,,,,,,,,,,,,,,,,,,,,,,,,,,,,,,,,,,,,,,,,,
,,,,,,,,,,,DCB518ASTS06G-311,"DCB518ASTS06G Diablo 1/2""x18"" - Sanding Belt 6pc Item #311",,,,Freud Inc (2435),Freud Inc,DIABLO®,,DCB518ASTS06G-311,,unclassified / needs manual mapping,DIABLO® DCB518ASTS06G-311 Product,DIABLO DCB518ASTS06G-311 PRODUCT,DIABLO® DCB518ASTS06G-311 Product,DIABLO® DCB518ASTS06G-311 Product,,,,,,,,,,,,,,,,,,,,,,,,,,,,,,,,,,,,,,,,,,,,,,,,,,,,,,,,,,,,,,,,,,,,,,,,,,,,,,,,,,,,,,,,,,,,,,,,,,,,,,,,,,,,,,,,,,,,,,,,,,,,,,,,,,,,,,,,,,,,,,,,,,,,,,,,,,,,,,,,,,,,,,,,,,,,,,,,,,,,,,,,,,,,,,,,,,,,,,,,,,,,,,,,,,,,,,,,,,,,,,,,,
,,,,,,,,,,,6702-000-312,Moen 6702-000 Genta Single Handle Bathroom Sink Faucet Chrome 1.2 gpm 4in Item #312,,,,Moen Incorporated (MOEN),Moen Incorporated,MOEN®,,6702-000-312,,Plumbing>Faucets>Bathroom Sink Faucets,"MOEN® 6702-000-312 Bathroom Sink Faucets, 2, 1.2 gpm, Chrome",MOEN 6702-000-312 BATHROOM SINK FAUCETS,"MOEN® 6702-000-312 Bathroom Sink Faucets, 2, 1.2 gpm, Chrome","MOEN® 6702-000-312 Bathroom Sink Faucets, 2, 1.2 gpm, Chrome",,,,,,,,,,,,,,,,,,,,,,,,,,,,,Number of Faucet Handles,2,,Flow Rate,1.2,gpm,Finish/Color,Chrome,,,,,,,,,,,,,,,,,,,,,,,,,,,,,,,,,,,,,,,,,,,,,,,,,,,,,,,,,,,,,,,,,,,,,,,,,,,,,,,,,,,,,,,,,,,,,,,,,,,,,,,,,,,,,,,,,,,,,,,,,,,,,,,,,,,,,,,,,,,,,,,,,,30181702,,,,,,,,,,,,,,,,,,,,,,,,,,,,,,,,,,,,,,,,,,,
,,,,,,,,,,,559HA-DST-313,Delta 559HA-DST Trinsic Single Handle Bathroom Sink Faucet Matte Black 1.2 gpm Item #313,,,,Delta Faucet Company (DELTA),Delta Faucet Company,DELTA®,,559HA-DST-313,,Plumbing>Faucets>Bathroom Sink Faucets,"DELTA® 559HA-DST-313 Bathroom Sink Faucets, 2, 1.2 gpm, Matte Black",DELTA 559HA-DST-313 BATHROOM SINK FAUCET,"DELTA® 559HA-DST-313 Bathroom Sink Faucets, 2, 1.2 gpm, Matte Black","DELTA® 559HA-DST-313 Bathroom Sink Faucets, 2, 1.2 gpm, Matte Black",,,,,,,,,,,,,,,,,,,,,,,,,,,,,Number of Faucet Handles,2,,Flow Rate,1.2,gpm,Finish/Color,Matte Black,,,,,,,,,,,,,,,,,,,,,,,,,,,,,,,,,,,,,,,,,,,,,,,,,,,,,,,,,,,,,,,,,,,,,,,,,,,,,,,,,,,,,,,,,,,,,,,,,,,,,,,,,,,,,,,,,,,,,,,,,,,,,,,,,,,,,,,,,,,,,,,,,,30181702,,,,,,,,,,,,,,,,,,,,,,,,,,,,,,,,,,,,,,,,,,,
,,,,,,,,,,,K-596-VS-314,Kohler K-596-VS Simplice Pull-Down Kitchen Faucet Vibrant Stainless 1.5 gpm Item #314,,,,Kohler Co. (KOHLER),Kohler Co.,KOHLER®,,K-596-VS-314,,Plumbing>Faucets>Utility Faucets,KOHLER® K-596-VS-314 Utility Faucets,KOHLER K-596-VS-314 UTILITY FAUCETS,KOHLER® K-596-VS-314 Utility Faucets,KOHLER® K-596-VS-314 Utility Faucets,,,,,,,,,,,,,,,,,,,,,,,,,,,,,,,,,,,,,,,,,,,,,,,,,,,,,,,,,,,,,,,,,,,,,,,,,,,,,,,,,,,,,,,,,,,,,,,,,,,,,,,,,,,,,,,,,,,,,,,,,,,,,,,,,,,,,,,,,,,,,,,,,,,,,,,,,,,,,,,,,,,,,,,,,,,,,,,,,,,,,,30181706,,,,,,,,,,,,,,,,,,,,,,,,,,,,,,,,,,,,,,,,,,,
,,,,,,,,,,,607-1/2-315,Nibco 607 1/2 1/2 in Copper Wrot Pressure 90 Deg Elbow Item #315,,,,Nibco Inc (NIBCO),Nibco Inc,NIBCO®,,607-1/2-315,,"Plumbing>Pipe, Tube & Hose Fittings>Pipe Fittings","NIBCO® 607-1/2-315 Pipe Fittings, Elbow, 1/2 in, Press, Copper",NIBCO 607-1/2-315 PIPE FITTINGS,"NIBCO® 607-1/2-315 Pipe Fittings, Elbow, 1/2 in, Press, Copper","NIBCO® 607-1/2-315 Pipe Fittings, Elbow, 1/2 in, Press, Copper",,,,,,,,,,,,,,,,,,,,,,,,,,,,,Fitting Fitting/Connector Type,Elbow,,Pipe Size,1/2,in,Connection Type,Press,,Fitting Material,Copper,,,,,,,,,,,,,,,,,,,,,,,,,,,,,,,,,,,,,,,,,,,,,,,,,,,,,,,,,,,,,,,,,,,,,,,,,,,,,,,,,,,,,,,,,,,,,,,,,,,,,,,,,,,,,,,,,,,,,,,,,,,,,,,,,,,,,,,,,,,,,,,40172600,,,,,,,,,,,,,,,,,,,,,,,,,,,,,,,,,,,,,,,,,,,
,,,,,,,,,,,U008LF-316,SharkBite U008LF 1/2 in Push-to-Connect Brass Coupling Item #316,,,,SharkBite Plumbing Solutions (SHARK),SharkBite Plumbing Solutions,SHARKBITE®,,U008LF-316,,"Plumbing>Pipe, Tube & Hose Fittings>Pipe Fittings","SHARKBITE® U008LF-316 Pipe Fittings, Coupling, 1/2 in, Push-to-Connect, Brass",SHARKBITE U008LF-316 PIPE FITTINGS,"SHARKBITE® U008LF-316 Pipe Fittings, Coupling, 1/2 in, Push-to-Connect, Brass","SHARKBITE® U008LF-316 Pipe Fittings, Coupling, 1/2 in, Push-to-Connect, Brass",,,,,,,,,,,,,,,,,,,,,,,,,,,,,Fitting Fitting/Connector Type,Coupling,,Pipe Size,1/2,in,Connection Type,Push-to-Connect,,Fitting Material,Brass,,,,,,,,,,,,,,,,,,,,,,,,,,,,,,,,,,,,,,,,,,,,,,,,,,,,,,,,,,,,,,,,,,,,,,,,,,,,,,,,,,,,,,,,,,,,,,,,,,,,,,,,,,,,,,,,,,,,,,,,,,,,,,,,,,,,,,,,,,,,,,,40172600,,,,,,,,,,,,,,,,,,,,,,,,,,,,,,,,,,,,,,,,,,,
,,,,,,,,,,,NIP-050-CLOSE-317,Charlotte Pipe 1/2 in x Close Black Steel Nipple MNPT Item #317,,,,Charlotte Pipe and Foundry (CHARL),Charlotte Pipe and Foundry,CHARLOTTE PIPE®,,NIP-050-CLOSE-317,,"Plumbing>Pipe, Tube & Hose Fittings>Pipe Fittings","CHARLOTTE PIPE® NIP-050-CLOSE-317 Pipe Fittings, Tee, 1/2 in, MNPT",CHARLOTTE PIPE NIP-050-CLOSE-317 PIPE FI,"CHARLOTTE PIPE® NIP-050-CLOSE-317 Pipe Fittings, Tee, 1/2 in, MNPT","CHARLOTTE PIPE® NIP-050-CLOSE-317 Pipe Fittings, Tee, 1/2 in, MNPT",,,,,,,,,,,,,,,,,,,,,,,,,,,,,Fitting Fitting/Connector Type,Tee,,Pipe Size,1/2,in,Connection Type,MNPT,,,,,,,,,,,,,,,,,,,,,,,,,,,,,,,,,,,,,,,,,,,,,,,,,,,,,,,,,,,,,,,,,,,,,,,,,,,,,,,,,,,,,,,,,,,,,,,,,,,,,,,,,,,,,,,,,,,,,,,,,,,,,,,,,,,,,,,,,,,,,,,,,,40172600,,,,,,,,,,,,,,,,,,,,,,,,,,,,,,,,,,,,,,,,,,,
,,,,,,,,,,,PDSH4816AF-318,PDSH4816AF Dishwasher SS - Display Only Item #318,,,,Appliance Dealers Cooperative (APPDE),Appliance Dealers Cooperative,FRIGIDAIRE®,,PDSH4816AF-318,,unclassified / needs manual mapping,FRIGIDAIRE® PDSH4816AF-318 Product,FRIGIDAIRE PDSH4816AF-318 PRODUCT,FRIGIDAIRE® PDSH4816AF-318 Product,FRIGIDAIRE® PDSH4816AF-318 Product,,,,,,,,,,,,,,,,,,,,,,,,,,,,,,,,,,,,,,,,,,,,,,,,,,,,,,,,,,,,,,,,,,,,,,,,,,,,,,,,,,,,,,,,,,,,,,,,,,,,,,,,,,,,,,,,,,,,,,,,,,,,,,,,,,,,,,,,,,,,,,,,,,,,,,,,,,,,,,,,,,,,,,,,,,,,,,,,,,,,,,,,,,,,,,,,,,,,,,,,,,,,,,,,,,,,,,,,,,,,,,,,,
,,,,,,,,,,,WDTS7024RZ-319,WDTS7024RZ Dishwasher SS - Display Only Item #319,,,,Appliance Dealers Cooperative (APPDE),Appliance Dealers Cooperative,FRIGIDAIRE®,,WDTS7024RZ-319,,unclassified / needs manual mapping,FRIGIDAIRE® WDTS7024RZ-319 Product,FRIGIDAIRE WDTS7024RZ-319 PRODUCT,FRIGIDAIRE® WDTS7024RZ-319 Product,FRIGIDAIRE® WDTS7024RZ-319 Product,,,,,,,,,,,,,,,,,,,,,,,,,,,,,,,,,,,,,,,,,,,,,,,,,,,,,,,,,,,,,,,,,,,,,,,,,,,,,,,,,,,,,,,,,,,,,,,,,,,,,,,,,,,,,,,,,,,,,,,,,,,,,,,,,,,,,,,,,,,,,,,,,,,,,,,,,,,,,,,,,,,,,,,,,,,,,,,,,,,,,,,,,,,,,,,,,,,,,,,,,,,,,,,,,,,,,,,,,,,,,,,,,
,,,,,,,,,,,DCB205C-320,Dewalt 20V Max 5.0Ah Starter Kit Item #320,,,,Black & Decker (2585),Black & Decker,DEWALT®,,DCB205C-320,,unclassified / needs manual mapping,DEWALT® DCB205C-320 Product,DEWALT DCB205C-320 PRODUCT,DEWALT® DCB205C-320 Product,DEWALT® DCB205C-320 Product,,,,,,,,,,,,,,,,,,,,,,,,,,,,,,,,,,,,,,,,,,,,,,,,,,,,,,,,,,,,,,,,,,,,,,,,,,,,,,,,,,,,,,,,,,,,,,,,,,,,,,,,,,,,,,,,,,,,,,,,,,,,,,,,,,,,,,,,,,,,,,,,,,,,,,,,,,,,,,,,,,,,,,,,,,,,,,,,,,,,,,,,,,,,,,,,,,,,,,,,,,,,,,,,,,,,,,,,,,,,,,,,,
,,,,,,,,,,,DCB518ASTS06G-321,"DCB518ASTS06G Diablo 1/2""x18"" - Sanding Belt 6pc Item #321",,,,Freud Inc (2435),Freud Inc,DIABLO®,,DCB518ASTS06G-321,,unclassified / needs manual mapping,DIABLO® DCB518ASTS06G-321 Product,DIABLO DCB518ASTS06G-321 PRODUCT,DIABLO® DCB518ASTS06G-321 Product,DIABLO® DCB518ASTS06G-321 Product,,,,,,,,,,,,,,,,,,,,,,,,,,,,,,,,,,,,,,,,,,,,,,,,,,,,,,,,,,,,,,,,,,,,,,,,,,,,,,,,,,,,,,,,,,,,,,,,,,,,,,,,,,,,,,,,,,,,,,,,,,,,,,,,,,,,,,,,,,,,,,,,,,,,,,,,,,,,,,,,,,,,,,,,,,,,,,,,,,,,,,,,,,,,,,,,,,,,,,,,,,,,,,,,,,,,,,,,,,,,,,,,,
,,,,,,,,,,,6702-000-322,Moen 6702-000 Genta Single Handle Bathroom Sink Faucet Chrome 1.2 gpm 4in Item #322,,,,Moen Incorporated (MOEN),Moen Incorporated,MOEN®,,6702-000-322,,Plumbing>Faucets>Bathroom Sink Faucets,"MOEN® 6702-000-322 Bathroom Sink Faucets, 2, 1.2 gpm, Chrome",MOEN 6702-000-322 BATHROOM SINK FAUCETS,"MOEN® 6702-000-322 Bathroom Sink Faucets, 2, 1.2 gpm, Chrome","MOEN® 6702-000-322 Bathroom Sink Faucets, 2, 1.2 gpm, Chrome",,,,,,,,,,,,,,,,,,,,,,,,,,,,,Number of Faucet Handles,2,,Flow Rate,1.2,gpm,Finish/Color,Chrome,,,,,,,,,,,,,,,,,,,,,,,,,,,,,,,,,,,,,,,,,,,,,,,,,,,,,,,,,,,,,,,,,,,,,,,,,,,,,,,,,,,,,,,,,,,,,,,,,,,,,,,,,,,,,,,,,,,,,,,,,,,,,,,,,,,,,,,,,,,,,,,,,,30181702,,,,,,,,,,,,,,,,,,,,,,,,,,,,,,,,,,,,,,,,,,,
,,,,,,,,,,,559HA-DST-323,Delta 559HA-DST Trinsic Single Handle Bathroom Sink Faucet Matte Black 1.2 gpm Item #323,,,,Delta Faucet Company (DELTA),Delta Faucet Company,DELTA®,,559HA-DST-323,,Plumbing>Faucets>Bathroom Sink Faucets,"DELTA® 559HA-DST-323 Bathroom Sink Faucets, 2, 1.2 gpm, Matte Black",DELTA 559HA-DST-323 BATHROOM SINK FAUCET,"DELTA® 559HA-DST-323 Bathroom Sink Faucets, 2, 1.2 gpm, Matte Black","DELTA® 559HA-DST-323 Bathroom Sink Faucets, 2, 1.2 gpm, Matte Black",,,,,,,,,,,,,,,,,,,,,,,,,,,,,Number of Faucet Handles,2,,Flow Rate,1.2,gpm,Finish/Color,Matte Black,,,,,,,,,,,,,,,,,,,,,,,,,,,,,,,,,,,,,,,,,,,,,,,,,,,,,,,,,,,,,,,,,,,,,,,,,,,,,,,,,,,,,,,,,,,,,,,,,,,,,,,,,,,,,,,,,,,,,,,,,,,,,,,,,,,,,,,,,,,,,,,,,,30181702,,,,,,,,,,,,,,,,,,,,,,,,,,,,,,,,,,,,,,,,,,,
,,,,,,,,,,,K-596-VS-324,Kohler K-596-VS Simplice Pull-Down Kitchen Faucet Vibrant Stainless 1.5 gpm Item #324,,,,Kohler Co. (KOHLER),Kohler Co.,KOHLER®,,K-596-VS-324,,Plumbing>Faucets>Utility Faucets,KOHLER® K-596-VS-324 Utility Faucets,KOHLER K-596-VS-324 UTILITY FAUCETS,KOHLER® K-596-VS-324 Utility Faucets,KOHLER® K-596-VS-324 Utility Faucets,,,,,,,,,,,,,,,,,,,,,,,,,,,,,,,,,,,,,,,,,,,,,,,,,,,,,,,,,,,,,,,,,,,,,,,,,,,,,,,,,,,,,,,,,,,,,,,,,,,,,,,,,,,,,,,,,,,,,,,,,,,,,,,,,,,,,,,,,,,,,,,,,,,,,,,,,,,,,,,,,,,,,,,,,,,,,,,,,,,,,,30181706,,,,,,,,,,,,,,,,,,,,,,,,,,,,,,,,,,,,,,,,,,,
,,,,,,,,,,,607-1/2-325,Nibco 607 1/2 1/2 in Copper Wrot Pressure 90 Deg Elbow Item #325,,,,Nibco Inc (NIBCO),Nibco Inc,NIBCO®,,607-1/2-325,,"Plumbing>Pipe, Tube & Hose Fittings>Pipe Fittings","NIBCO® 607-1/2-325 Pipe Fittings, Elbow, 1/2 in, Press, Copper",NIBCO 607-1/2-325 PIPE FITTINGS,"NIBCO® 607-1/2-325 Pipe Fittings, Elbow, 1/2 in, Press, Copper","NIBCO® 607-1/2-325 Pipe Fittings, Elbow, 1/2 in, Press, Copper",,,,,,,,,,,,,,,,,,,,,,,,,,,,,Fitting Fitting/Connector Type,Elbow,,Pipe Size,1/2,in,Connection Type,Press,,Fitting Material,Copper,,,,,,,,,,,,,,,,,,,,,,,,,,,,,,,,,,,,,,,,,,,,,,,,,,,,,,,,,,,,,,,,,,,,,,,,,,,,,,,,,,,,,,,,,,,,,,,,,,,,,,,,,,,,,,,,,,,,,,,,,,,,,,,,,,,,,,,,,,,,,,,40172600,,,,,,,,,,,,,,,,,,,,,,,,,,,,,,,,,,,,,,,,,,,
,,,,,,,,,,,U008LF-326,SharkBite U008LF 1/2 in Push-to-Connect Brass Coupling Item #326,,,,SharkBite Plumbing Solutions (SHARK),SharkBite Plumbing Solutions,SHARKBITE®,,U008LF-326,,"Plumbing>Pipe, Tube & Hose Fittings>Pipe Fittings","SHARKBITE® U008LF-326 Pipe Fittings, Coupling, 1/2 in, Push-to-Connect, Brass",SHARKBITE U008LF-326 PIPE FITTINGS,"SHARKBITE® U008LF-326 Pipe Fittings, Coupling, 1/2 in, Push-to-Connect, Brass","SHARKBITE® U008LF-326 Pipe Fittings, Coupling, 1/2 in, Push-to-Connect, Brass",,,,,,,,,,,,,,,,,,,,,,,,,,,,,Fitting Fitting/Connector Type,Coupling,,Pipe Size,1/2,in,Connection Type,Push-to-Connect,,Fitting Material,Brass,,,,,,,,,,,,,,,,,,,,,,,,,,,,,,,,,,,,,,,,,,,,,,,,,,,,,,,,,,,,,,,,,,,,,,,,,,,,,,,,,,,,,,,,,,,,,,,,,,,,,,,,,,,,,,,,,,,,,,,,,,,,,,,,,,,,,,,,,,,,,,,40172600,,,,,,,,,,,,,,,,,,,,,,,,,,,,,,,,,,,,,,,,,,,
,,,,,,,,,,,NIP-050-CLOSE-327,Charlotte Pipe 1/2 in x Close Black Steel Nipple MNPT Item #327,,,,Charlotte Pipe and Foundry (CHARL),Charlotte Pipe and Foundry,CHARLOTTE PIPE®,,NIP-050-CLOSE-327,,"Plumbing>Pipe, Tube & Hose Fittings>Pipe Fittings","CHARLOTTE PIPE® NIP-050-CLOSE-327 Pipe Fittings, Tee, 1/2 in, MNPT",CHARLOTTE PIPE NIP-050-CLOSE-327 PIPE FI,"CHARLOTTE PIPE® NIP-050-CLOSE-327 Pipe Fittings, Tee, 1/2 in, MNPT","CHARLOTTE PIPE® NIP-050-CLOSE-327 Pipe Fittings, Tee, 1/2 in, MNPT",,,,,,,,,,,,,,,,,,,,,,,,,,,,,Fitting Fitting/Connector Type,Tee,,Pipe Size,1/2,in,Connection Type,MNPT,,,,,,,,,,,,,,,,,,,,,,,,,,,,,,,,,,,,,,,,,,,,,,,,,,,,,,,,,,,,,,,,,,,,,,,,,,,,,,,,,,,,,,,,,,,,,,,,,,,,,,,,,,,,,,,,,,,,,,,,,,,,,,,,,,,,,,,,,,,,,,,,,,40172600,,,,,,,,,,,,,,,,,,,,,,,,,,,,,,,,,,,,,,,,,,,
,,,,,,,,,,,PDSH4816AF-328,PDSH4816AF Dishwasher SS - Display Only Item #328,,,,Appliance Dealers Cooperative (APPDE),Appliance Dealers Cooperative,FRIGIDAIRE®,,PDSH4816AF-328,,unclassified / needs manual mapping,FRIGIDAIRE® PDSH4816AF-328 Product,FRIGIDAIRE PDSH4816AF-328 PRODUCT,FRIGIDAIRE® PDSH4816AF-328 Product,FRIGIDAIRE® PDSH4816AF-328 Product,,,,,,,,,,,,,,,,,,,,,,,,,,,,,,,,,,,,,,,,,,,,,,,,,,,,,,,,,,,,,,,,,,,,,,,,,,,,,,,,,,,,,,,,,,,,,,,,,,,,,,,,,,,,,,,,,,,,,,,,,,,,,,,,,,,,,,,,,,,,,,,,,,,,,,,,,,,,,,,,,,,,,,,,,,,,,,,,,,,,,,,,,,,,,,,,,,,,,,,,,,,,,,,,,,,,,,,,,,,,,,,,,
,,,,,,,,,,,WDTS7024RZ-329,WDTS7024RZ Dishwasher SS - Display Only Item #329,,,,Appliance Dealers Cooperative (APPDE),Appliance Dealers Cooperative,FRIGIDAIRE®,,WDTS7024RZ-329,,unclassified / needs manual mapping,FRIGIDAIRE® WDTS7024RZ-329 Product,FRIGIDAIRE WDTS7024RZ-329 PRODUCT,FRIGIDAIRE® WDTS7024RZ-329 Product,FRIGIDAIRE® WDTS7024RZ-329 Product,,,,,,,,,,,,,,,,,,,,,,,,,,,,,,,,,,,,,,,,,,,,,,,,,,,,,,,,,,,,,,,,,,,,,,,,,,,,,,,,,,,,,,,,,,,,,,,,,,,,,,,,,,,,,,,,,,,,,,,,,,,,,,,,,,,,,,,,,,,,,,,,,,,,,,,,,,,,,,,,,,,,,,,,,,,,,,,,,,,,,,,,,,,,,,,,,,,,,,,,,,,,,,,,,,,,,,,,,,,,,,,,,
,,,,,,,,,,,DCB205C-330,Dewalt 20V Max 5.0Ah Starter Kit Item #330,,,,Black & Decker (2585),Black & Decker,DEWALT®,,DCB205C-330,,unclassified / needs manual mapping,DEWALT® DCB205C-330 Product,DEWALT DCB205C-330 PRODUCT,DEWALT® DCB205C-330 Product,DEWALT® DCB205C-330 Product,,,,,,,,,,,,,,,,,,,,,,,,,,,,,,,,,,,,,,,,,,,,,,,,,,,,,,,,,,,,,,,,,,,,,,,,,,,,,,,,,,,,,,,,,,,,,,,,,,,,,,,,,,,,,,,,,,,,,,,,,,,,,,,,,,,,,,,,,,,,,,,,,,,,,,,,,,,,,,,,,,,,,,,,,,,,,,,,,,,,,,,,,,,,,,,,,,,,,,,,,,,,,,,,,,,,,,,,,,,,,,,,,
,,,,,,,,,,,DCB518ASTS06G-331,"DCB518ASTS06G Diablo 1/2""x18"" - Sanding Belt 6pc Item #331",,,,Freud Inc (2435),Freud Inc,DIABLO®,,DCB518ASTS06G-331,,unclassified / needs manual mapping,DIABLO® DCB518ASTS06G-331 Product,DIABLO DCB518ASTS06G-331 PRODUCT,DIABLO® DCB518ASTS06G-331 Product,DIABLO® DCB518ASTS06G-331 Product,,,,,,,,,,,,,,,,,,,,,,,,,,,,,,,,,,,,,,,,,,,,,,,,,,,,,,,,,,,,,,,,,,,,,,,,,,,,,,,,,,,,,,,,,,,,,,,,,,,,,,,,,,,,,,,,,,,,,,,,,,,,,,,,,,,,,,,,,,,,,,,,,,,,,,,,,,,,,,,,,,,,,,,,,,,,,,,,,,,,,,,,,,,,,,,,,,,,,,,,,,,,,,,,,,,,,,,,,,,,,,,,,
,,,,,,,,,,,6702-000-332,Moen 6702-000 Genta Single Handle Bathroom Sink Faucet Chrome 1.2 gpm 4in Item #332,,,,Moen Incorporated (MOEN),Moen Incorporated,MOEN®,,6702-000-332,,Plumbing>Faucets>Bathroom Sink Faucets,"MOEN® 6702-000-332 Bathroom Sink Faucets, 2, 1.2 gpm, Chrome",MOEN 6702-000-332 BATHROOM SINK FAUCETS,"MOEN® 6702-000-332 Bathroom Sink Faucets, 2, 1.2 gpm, Chrome","MOEN® 6702-000-332 Bathroom Sink Faucets, 2, 1.2 gpm, Chrome",,,,,,,,,,,,,,,,,,,,,,,,,,,,,Number of Faucet Handles,2,,Flow Rate,1.2,gpm,Finish/Color,Chrome,,,,,,,,,,,,,,,,,,,,,,,,,,,,,,,,,,,,,,,,,,,,,,,,,,,,,,,,,,,,,,,,,,,,,,,,,,,,,,,,,,,,,,,,,,,,,,,,,,,,,,,,,,,,,,,,,,,,,,,,,,,,,,,,,,,,,,,,,,,,,,,,,,30181702,,,,,,,,,,,,,,,,,,,,,,,,,,,,,,,,,,,,,,,,,,,
,,,,,,,,,,,559HA-DST-333,Delta 559HA-DST Trinsic Single Handle Bathroom Sink Faucet Matte Black 1.2 gpm Item #333,,,,Delta Faucet Company (DELTA),Delta Faucet Company,DELTA®,,559HA-DST-333,,Plumbing>Faucets>Bathroom Sink Faucets,"DELTA® 559HA-DST-333 Bathroom Sink Faucets, 2, 1.2 gpm, Matte Black",DELTA 559HA-DST-333 BATHROOM SINK FAUCET,"DELTA® 559HA-DST-333 Bathroom Sink Faucets, 2, 1.2 gpm, Matte Black","DELTA® 559HA-DST-333 Bathroom Sink Faucets, 2, 1.2 gpm, Matte Black",,,,,,,,,,,,,,,,,,,,,,,,,,,,,Number of Faucet Handles,2,,Flow Rate,1.2,gpm,Finish/Color,Matte Black,,,,,,,,,,,,,,,,,,,,,,,,,,,,,,,,,,,,,,,,,,,,,,,,,,,,,,,,,,,,,,,,,,,,,,,,,,,,,,,,,,,,,,,,,,,,,,,,,,,,,,,,,,,,,,,,,,,,,,,,,,,,,,,,,,,,,,,,,,,,,,,,,,30181702,,,,,,,,,,,,,,,,,,,,,,,,,,,,,,,,,,,,,,,,,,,
,,,,,,,,,,,K-596-VS-334,Kohler K-596-VS Simplice Pull-Down Kitchen Faucet Vibrant Stainless 1.5 gpm Item #334,,,,Kohler Co. (KOHLER),Kohler Co.,KOHLER®,,K-596-VS-334,,Plumbing>Faucets>Utility Faucets,KOHLER® K-596-VS-334 Utility Faucets,KOHLER K-596-VS-334 UTILITY FAUCETS,KOHLER® K-596-VS-334 Utility Faucets,KOHLER® K-596-VS-334 Utility Faucets,,,,,,,,,,,,,,,,,,,,,,,,,,,,,,,,,,,,,,,,,,,,,,,,,,,,,,,,,,,,,,,,,,,,,,,,,,,,,,,,,,,,,,,,,,,,,,,,,,,,,,,,,,,,,,,,,,,,,,,,,,,,,,,,,,,,,,,,,,,,,,,,,,,,,,,,,,,,,,,,,,,,,,,,,,,,,,,,,,,,,,30181706,,,,,,,,,,,,,,,,,,,,,,,,,,,,,,,,,,,,,,,,,,,
,,,,,,,,,,,607-1/2-335,Nibco 607 1/2 1/2 in Copper Wrot Pressure 90 Deg Elbow Item #335,,,,Nibco Inc (NIBCO),Nibco Inc,NIBCO®,,607-1/2-335,,"Plumbing>Pipe, Tube & Hose Fittings>Pipe Fittings","NIBCO® 607-1/2-335 Pipe Fittings, Elbow, 1/2 in, Press, Copper",NIBCO 607-1/2-335 PIPE FITTINGS,"NIBCO® 607-1/2-335 Pipe Fittings, Elbow, 1/2 in, Press, Copper","NIBCO® 607-1/2-335 Pipe Fittings, Elbow, 1/2 in, Press, Copper",,,,,,,,,,,,,,,,,,,,,,,,,,,,,Fitting Fitting/Connector Type,Elbow,,Pipe Size,1/2,in,Connection Type,Press,,Fitting Material,Copper,,,,,,,,,,,,,,,,,,,,,,,,,,,,,,,,,,,,,,,,,,,,,,,,,,,,,,,,,,,,,,,,,,,,,,,,,,,,,,,,,,,,,,,,,,,,,,,,,,,,,,,,,,,,,,,,,,,,,,,,,,,,,,,,,,,,,,,,,,,,,,,40172600,,,,,,,,,,,,,,,,,,,,,,,,,,,,,,,,,,,,,,,,,,,
,,,,,,,,,,,U008LF-336,SharkBite U008LF 1/2 in Push-to-Connect Brass Coupling Item #336,,,,SharkBite Plumbing Solutions (SHARK),SharkBite Plumbing Solutions,SHARKBITE®,,U008LF-336,,"Plumbing>Pipe, Tube & Hose Fittings>Pipe Fittings","SHARKBITE® U008LF-336 Pipe Fittings, Coupling, 1/2 in, Push-to-Connect, Brass",SHARKBITE U008LF-336 PIPE FITTINGS,"SHARKBITE® U008LF-336 Pipe Fittings, Coupling, 1/2 in, Push-to-Connect, Brass","SHARKBITE® U008LF-336 Pipe Fittings, Coupling, 1/2 in, Push-to-Connect, Brass",,,,,,,,,,,,,,,,,,,,,,,,,,,,,Fitting Fitting/Connector Type,Coupling,,Pipe Size,1/2,in,Connection Type,Push-to-Connect,,Fitting Material,Brass,,,,,,,,,,,,,,,,,,,,,,,,,,,,,,,,,,,,,,,,,,,,,,,,,,,,,,,,,,,,,,,,,,,,,,,,,,,,,,,,,,,,,,,,,,,,,,,,,,,,,,,,,,,,,,,,,,,,,,,,,,,,,,,,,,,,,,,,,,,,,,,40172600,,,,,,,,,,,,,,,,,,,,,,,,,,,,,,,,,,,,,,,,,,,
,,,,,,,,,,,NIP-050-CLOSE-337,Charlotte Pipe 1/2 in x Close Black Steel Nipple MNPT Item #337,,,,Charlotte Pipe and Foundry (CHARL),Charlotte Pipe and Foundry,CHARLOTTE PIPE®,,NIP-050-CLOSE-337,,"Plumbing>Pipe, Tube & Hose Fittings>Pipe Fittings","CHARLOTTE PIPE® NIP-050-CLOSE-337 Pipe Fittings, Tee, 1/2 in, MNPT",CHARLOTTE PIPE NIP-050-CLOSE-337 PIPE FI,"CHARLOTTE PIPE® NIP-050-CLOSE-337 Pipe Fittings, Tee, 1/2 in, MNPT","CHARLOTTE PIPE® NIP-050-CLOSE-337 Pipe Fittings, Tee, 1/2 in, MNPT",,,,,,,,,,,,,,,,,,,,,,,,,,,,,Fitting Fitting/Connector Type,Tee,,Pipe Size,1/2,in,Connection Type,MNPT,,,,,,,,,,,,,,,,,,,,,,,,,,,,,,,,,,,,,,,,,,,,,,,,,,,,,,,,,,,,,,,,,,,,,,,,,,,,,,,,,,,,,,,,,,,,,,,,,,,,,,,,,,,,,,,,,,,,,,,,,,,,,,,,,,,,,,,,,,,,,,,,,,40172600,,,,,,,,,,,,,,,,,,,,,,,,,,,,,,,,,,,,,,,,,,,
,,,,,,,,,,,PDSH4816AF-338,PDSH4816AF Dishwasher SS - Display Only Item #338,,,,Appliance Dealers Cooperative (APPDE),Appliance Dealers Cooperative,FRIGIDAIRE®,,PDSH4816AF-338,,unclassified / needs manual mapping,FRIGIDAIRE® PDSH4816AF-338 Product,FRIGIDAIRE PDSH4816AF-338 PRODUCT,FRIGIDAIRE® PDSH4816AF-338 Product,FRIGIDAIRE® PDSH4816AF-338 Product,,,,,,,,,,,,,,,,,,,,,,,,,,,,,,,,,,,,,,,,,,,,,,,,,,,,,,,,,,,,,,,,,,,,,,,,,,,,,,,,,,,,,,,,,,,,,,,,,,,,,,,,,,,,,,,,,,,,,,,,,,,,,,,,,,,,,,,,,,,,,,,,,,,,,,,,,,,,,,,,,,,,,,,,,,,,,,,,,,,,,,,,,,,,,,,,,,,,,,,,,,,,,,,,,,,,,,,,,,,,,,,,,
,,,,,,,,,,,WDTS7024RZ-339,WDTS7024RZ Dishwasher SS - Display Only Item #339,,,,Appliance Dealers Cooperative (APPDE),Appliance Dealers Cooperative,FRIGIDAIRE®,,WDTS7024RZ-339,,unclassified / needs manual mapping,FRIGIDAIRE® WDTS7024RZ-339 Product,FRIGIDAIRE WDTS7024RZ-339 PRODUCT,FRIGIDAIRE® WDTS7024RZ-339 Product,FRIGIDAIRE® WDTS7024RZ-339 Product,,,,,,,,,,,,,,,,,,,,,,,,,,,,,,,,,,,,,,,,,,,,,,,,,,,,,,,,,,,,,,,,,,,,,,,,,,,,,,,,,,,,,,,,,,,,,,,,,,,,,,,,,,,,,,,,,,,,,,,,,,,,,,,,,,,,,,,,,,,,,,,,,,,,,,,,,,,,,,,,,,,,,,,,,,,,,,,,,,,,,,,,,,,,,,,,,,,,,,,,,,,,,,,,,,,,,,,,,,,,,,,,,
,,,,,,,,,,,DCB205C-340,Dewalt 20V Max 5.0Ah Starter Kit Item #340,,,,Black & Decker (2585),Black & Decker,DEWALT®,,DCB205C-340,,unclassified / needs manual mapping,DEWALT® DCB205C-340 Product,DEWALT DCB205C-340 PRODUCT,DEWALT® DCB205C-340 Product,DEWALT® DCB205C-340 Product,,,,,,,,,,,,,,,,,,,,,,,,,,,,,,,,,,,,,,,,,,,,,,,,,,,,,,,,,,,,,,,,,,,,,,,,,,,,,,,,,,,,,,,,,,,,,,,,,,,,,,,,,,,,,,,,,,,,,,,,,,,,,,,,,,,,,,,,,,,,,,,,,,,,,,,,,,,,,,,,,,,,,,,,,,,,,,,,,,,,,,,,,,,,,,,,,,,,,,,,,,,,,,,,,,,,,,,,,,,,,,,,,
,,,,,,,,,,,DCB518ASTS06G-341,"DCB518ASTS06G Diablo 1/2""x18"" - Sanding Belt 6pc Item #341",,,,Freud Inc (2435),Freud Inc,DIABLO®,,DCB518ASTS06G-341,,unclassified / needs manual mapping,DIABLO® DCB518ASTS06G-341 Product,DIABLO DCB518ASTS06G-341 PRODUCT,DIABLO® DCB518ASTS06G-341 Product,DIABLO® DCB518ASTS06G-341 Product,,,,,,,,,,,,,,,,,,,,,,,,,,,,,,,,,,,,,,,,,,,,,,,,,,,,,,,,,,,,,,,,,,,,,,,,,,,,,,,,,,,,,,,,,,,,,,,,,,,,,,,,,,,,,,,,,,,,,,,,,,,,,,,,,,,,,,,,,,,,,,,,,,,,,,,,,,,,,,,,,,,,,,,,,,,,,,,,,,,,,,,,,,,,,,,,,,,,,,,,,,,,,,,,,,,,,,,,,,,,,,,,,
,,,,,,,,,,,6702-000-342,Moen 6702-000 Genta Single Handle Bathroom Sink Faucet Chrome 1.2 gpm 4in Item #342,,,,Moen Incorporated (MOEN),Moen Incorporated,MOEN®,,6702-000-342,,Plumbing>Faucets>Bathroom Sink Faucets,"MOEN® 6702-000-342 Bathroom Sink Faucets, 2, 1.2 gpm, Chrome",MOEN 6702-000-342 BATHROOM SINK FAUCETS,"MOEN® 6702-000-342 Bathroom Sink Faucets, 2, 1.2 gpm, Chrome","MOEN® 6702-000-342 Bathroom Sink Faucets, 2, 1.2 gpm, Chrome",,,,,,,,,,,,,,,,,,,,,,,,,,,,,Number of Faucet Handles,2,,Flow Rate,1.2,gpm,Finish/Color,Chrome,,,,,,,,,,,,,,,,,,,,,,,,,,,,,,,,,,,,,,,,,,,,,,,,,,,,,,,,,,,,,,,,,,,,,,,,,,,,,,,,,,,,,,,,,,,,,,,,,,,,,,,,,,,,,,,,,,,,,,,,,,,,,,,,,,,,,,,,,,,,,,,,,,30181702,,,,,,,,,,,,,,,,,,,,,,,,,,,,,,,,,,,,,,,,,,,
,,,,,,,,,,,559HA-DST-343,Delta 559HA-DST Trinsic Single Handle Bathroom Sink Faucet Matte Black 1.2 gpm Item #343,,,,Delta Faucet Company (DELTA),Delta Faucet Company,DELTA®,,559HA-DST-343,,Plumbing>Faucets>Bathroom Sink Faucets,"DELTA® 559HA-DST-343 Bathroom Sink Faucets, 2, 1.2 gpm, Matte Black",DELTA 559HA-DST-343 BATHROOM SINK FAUCET,"DELTA® 559HA-DST-343 Bathroom Sink Faucets, 2, 1.2 gpm, Matte Black","DELTA® 559HA-DST-343 Bathroom Sink Faucets, 2, 1.2 gpm, Matte Black",,,,,,,,,,,,,,,,,,,,,,,,,,,,,Number of Faucet Handles,2,,Flow Rate,1.2,gpm,Finish/Color,Matte Black,,,,,,,,,,,,,,,,,,,,,,,,,,,,,,,,,,,,,,,,,,,,,,,,,,,,,,,,,,,,,,,,,,,,,,,,,,,,,,,,,,,,,,,,,,,,,,,,,,,,,,,,,,,,,,,,,,,,,,,,,,,,,,,,,,,,,,,,,,,,,,,,,,30181702,,,,,,,,,,,,,,,,,,,,,,,,,,,,,,,,,,,,,,,,,,,
,,,,,,,,,,,K-596-VS-344,Kohler K-596-VS Simplice Pull-Down Kitchen Faucet Vibrant Stainless 1.5 gpm Item #344,,,,Kohler Co. (KOHLER),Kohler Co.,KOHLER®,,K-596-VS-344,,Plumbing>Faucets>Utility Faucets,KOHLER® K-596-VS-344 Utility Faucets,KOHLER K-596-VS-344 UTILITY FAUCETS,KOHLER® K-596-VS-344 Utility Faucets,KOHLER® K-596-VS-344 Utility Faucets,,,,,,,,,,,,,,,,,,,,,,,,,,,,,,,,,,,,,,,,,,,,,,,,,,,,,,,,,,,,,,,,,,,,,,,,,,,,,,,,,,,,,,,,,,,,,,,,,,,,,,,,,,,,,,,,,,,,,,,,,,,,,,,,,,,,,,,,,,,,,,,,,,,,,,,,,,,,,,,,,,,,,,,,,,,,,,,,,,,,,,30181706,,,,,,,,,,,,,,,,,,,,,,,,,,,,,,,,,,,,,,,,,,,
,,,,,,,,,,,607-1/2-345,Nibco 607 1/2 1/2 in Copper Wrot Pressure 90 Deg Elbow Item #345,,,,Nibco Inc (NIBCO),Nibco Inc,NIBCO®,,607-1/2-345,,"Plumbing>Pipe, Tube & Hose Fittings>Pipe Fittings","NIBCO® 607-1/2-345 Pipe Fittings, Elbow, 1/2 in, Press, Copper",NIBCO 607-1/2-345 PIPE FITTINGS,"NIBCO® 607-1/2-345 Pipe Fittings, Elbow, 1/2 in, Press, Copper","NIBCO® 607-1/2-345 Pipe Fittings, Elbow, 1/2 in, Press, Copper",,,,,,,,,,,,,,,,,,,,,,,,,,,,,Fitting Fitting/Connector Type,Elbow,,Pipe Size,1/2,in,Connection Type,Press,,Fitting Material,Copper,,,,,,,,,,,,,,,,,,,,,,,,,,,,,,,,,,,,,,,,,,,,,,,,,,,,,,,,,,,,,,,,,,,,,,,,,,,,,,,,,,,,,,,,,,,,,,,,,,,,,,,,,,,,,,,,,,,,,,,,,,,,,,,,,,,,,,,,,,,,,,,40172600,,,,,,,,,,,,,,,,,,,,,,,,,,,,,,,,,,,,,,,,,,,
,,,,,,,,,,,U008LF-346,SharkBite U008LF 1/2 in Push-to-Connect Brass Coupling Item #346,,,,SharkBite Plumbing Solutions (SHARK),SharkBite Plumbing Solutions,SHARKBITE®,,U008LF-346,,"Plumbing>Pipe, Tube & Hose Fittings>Pipe Fittings","SHARKBITE® U008LF-346 Pipe Fittings, Coupling, 1/2 in, Push-to-Connect, Brass",SHARKBITE U008LF-346 PIPE FITTINGS,"SHARKBITE® U008LF-346 Pipe Fittings, Coupling, 1/2 in, Push-to-Connect, Brass","SHARKBITE® U008LF-346 Pipe Fittings, Coupling, 1/2 in, Push-to-Connect, Brass",,,,,,,,,,,,,,,,,,,,,,,,,,,,,Fitting Fitting/Connector Type,Coupling,,Pipe Size,1/2,in,Connection Type,Push-to-Connect,,Fitting Material,Brass,,,,,,,,,,,,,,,,,,,,,,,,,,,,,,,,,,,,,,,,,,,,,,,,,,,,,,,,,,,,,,,,,,,,,,,,,,,,,,,,,,,,,,,,,,,,,,,,,,,,,,,,,,,,,,,,,,,,,,,,,,,,,,,,,,,,,,,,,,,,,,,40172600,,,,,,,,,,,,,,,,,,,,,,,,,,,,,,,,,,,,,,,,,,,
,,,,,,,,,,,NIP-050-CLOSE-347,Charlotte Pipe 1/2 in x Close Black Steel Nipple MNPT Item #347,,,,Charlotte Pipe and Foundry (CHARL),Charlotte Pipe and Foundry,CHARLOTTE PIPE®,,NIP-050-CLOSE-347,,"Plumbing>Pipe, Tube & Hose Fittings>Pipe Fittings","CHARLOTTE PIPE® NIP-050-CLOSE-347 Pipe Fittings, Tee, 1/2 in, MNPT",CHARLOTTE PIPE NIP-050-CLOSE-347 PIPE FI,"CHARLOTTE PIPE® NIP-050-CLOSE-347 Pipe Fittings, Tee, 1/2 in, MNPT","CHARLOTTE PIPE® NIP-050-CLOSE-347 Pipe Fittings, Tee, 1/2 in, MNPT",,,,,,,,,,,,,,,,,,,,,,,,,,,,,Fitting Fitting/Connector Type,Tee,,Pipe Size,1/2,in,Connection Type,MNPT,,,,,,,,,,,,,,,,,,,,,,,,,,,,,,,,,,,,,,,,,,,,,,,,,,,,,,,,,,,,,,,,,,,,,,,,,,,,,,,,,,,,,,,,,,,,,,,,,,,,,,,,,,,,,,,,,,,,,,,,,,,,,,,,,,,,,,,,,,,,,,,,,,40172600,,,,,,,,,,,,,,,,,,,,,,,,,,,,,,,,,,,,,,,,,,,
,,,,,,,,,,,PDSH4816AF-348,PDSH4816AF Dishwasher SS - Display Only Item #348,,,,Appliance Dealers Cooperative (APPDE),Appliance Dealers Cooperative,FRIGIDAIRE®,,PDSH4816AF-348,,unclassified / needs manual mapping,FRIGIDAIRE® PDSH4816AF-348 Product,FRIGIDAIRE PDSH4816AF-348 PRODUCT,FRIGIDAIRE® PDSH4816AF-348 Product,FRIGIDAIRE® PDSH4816AF-348 Product,,,,,,,,,,,,,,,,,,,,,,,,,,,,,,,,,,,,,,,,,,,,,,,,,,,,,,,,,,,,,,,,,,,,,,,,,,,,,,,,,,,,,,,,,,,,,,,,,,,,,,,,,,,,,,,,,,,,,,,,,,,,,,,,,,,,,,,,,,,,,,,,,,,,,,,,,,,,,,,,,,,,,,,,,,,,,,,,,,,,,,,,,,,,,,,,,,,,,,,,,,,,,,,,,,,,,,,,,,,,,,,,,
,,,,,,,,,,,WDTS7024RZ-349,WDTS7024RZ Dishwasher SS - Display Only Item #349,,,,Appliance Dealers Cooperative (APPDE),Appliance Dealers Cooperative,FRIGIDAIRE®,,WDTS7024RZ-349,,unclassified / needs manual mapping,FRIGIDAIRE® WDTS7024RZ-349 Product,FRIGIDAIRE WDTS7024RZ-349 PRODUCT,FRIGIDAIRE® WDTS7024RZ-349 Product,FRIGIDAIRE® WDTS7024RZ-349 Product,,,,,,,,,,,,,,,,,,,,,,,,,,,,,,,,,,,,,,,,,,,,,,,,,,,,,,,,,,,,,,,,,,,,,,,,,,,,,,,,,,,,,,,,,,,,,,,,,,,,,,,,,,,,,,,,,,,,,,,,,,,,,,,,,,,,,,,,,,,,,,,,,,,,,,,,,,,,,,,,,,,,,,,,,,,,,,,,,,,,,,,,,,,,,,,,,,,,,,,,,,,,,,,,,,,,,,,,,,,,,,,,,
,,,,,,,,,,,DCB205C-350,Dewalt 20V Max 5.0Ah Starter Kit Item #350,,,,Black & Decker (2585),Black & Decker,DEWALT®,,DCB205C-350,,unclassified / needs manual mapping,DEWALT® DCB205C-350 Product,DEWALT DCB205C-350 PRODUCT,DEWALT® DCB205C-350 Product,DEWALT® DCB205C-350 Product,,,,,,,,,,,,,,,,,,,,,,,,,,,,,,,,,,,,,,,,,,,,,,,,,,,,,,,,,,,,,,,,,,,,,,,,,,,,,,,,,,,,,,,,,,,,,,,,,,,,,,,,,,,,,,,,,,,,,,,,,,,,,,,,,,,,,,,,,,,,,,,,,,,,,,,,,,,,,,,,,,,,,,,,,,,,,,,,,,,,,,,,,,,,,,,,,,,,,,,,,,,,,,,,,,,,,,,,,,,,,,,,,
,,,,,,,,,,,DCB518ASTS06G-351,"DCB518ASTS06G Diablo 1/2""x18"" - Sanding Belt 6pc Item #351",,,,Freud Inc (2435),Freud Inc,DIABLO®,,DCB518ASTS06G-351,,unclassified / needs manual mapping,DIABLO® DCB518ASTS06G-351 Product,DIABLO DCB518ASTS06G-351 PRODUCT,DIABLO® DCB518ASTS06G-351 Product,DIABLO® DCB518ASTS06G-351 Product,,,,,,,,,,,,,,,,,,,,,,,,,,,,,,,,,,,,,,,,,,,,,,,,,,,,,,,,,,,,,,,,,,,,,,,,,,,,,,,,,,,,,,,,,,,,,,,,,,,,,,,,,,,,,,,,,,,,,,,,,,,,,,,,,,,,,,,,,,,,,,,,,,,,,,,,,,,,,,,,,,,,,,,,,,,,,,,,,,,,,,,,,,,,,,,,,,,,,,,,,,,,,,,,,,,,,,,,,,,,,,,,,
,,,,,,,,,,,6702-000-352,Moen 6702-000 Genta Single Handle Bathroom Sink Faucet Chrome 1.2 gpm 4in Item #352,,,,Moen Incorporated (MOEN),Moen Incorporated,MOEN®,,6702-000-352,,Plumbing>Faucets>Bathroom Sink Faucets,"MOEN® 6702-000-352 Bathroom Sink Faucets, 2, 1.2 gpm, Chrome",MOEN 6702-000-352 BATHROOM SINK FAUCETS,"MOEN® 6702-000-352 Bathroom Sink Faucets, 2, 1.2 gpm, Chrome","MOEN® 6702-000-352 Bathroom Sink Faucets, 2, 1.2 gpm, Chrome",,,,,,,,,,,,,,,,,,,,,,,,,,,,,Number of Faucet Handles,2,,Flow Rate,1.2,gpm,Finish/Color,Chrome,,,,,,,,,,,,,,,,,,,,,,,,,,,,,,,,,,,,,,,,,,,,,,,,,,,,,,,,,,,,,,,,,,,,,,,,,,,,,,,,,,,,,,,,,,,,,,,,,,,,,,,,,,,,,,,,,,,,,,,,,,,,,,,,,,,,,,,,,,,,,,,,,,30181702,,,,,,,,,,,,,,,,,,,,,,,,,,,,,,,,,,,,,,,,,,,
,,,,,,,,,,,559HA-DST-353,Delta 559HA-DST Trinsic Single Handle Bathroom Sink Faucet Matte Black 1.2 gpm Item #353,,,,Delta Faucet Company (DELTA),Delta Faucet Company,DELTA®,,559HA-DST-353,,Plumbing>Faucets>Bathroom Sink Faucets,"DELTA® 559HA-DST-353 Bathroom Sink Faucets, 2, 1.2 gpm, Matte Black",DELTA 559HA-DST-353 BATHROOM SINK FAUCET,"DELTA® 559HA-DST-353 Bathroom Sink Faucets, 2, 1.2 gpm, Matte Black","DELTA® 559HA-DST-353 Bathroom Sink Faucets, 2, 1.2 gpm, Matte Black",,,,,,,,,,,,,,,,,,,,,,,,,,,,,Number of Faucet Handles,2,,Flow Rate,1.2,gpm,Finish/Color,Matte Black,,,,,,,,,,,,,,,,,,,,,,,,,,,,,,,,,,,,,,,,,,,,,,,,,,,,,,,,,,,,,,,,,,,,,,,,,,,,,,,,,,,,,,,,,,,,,,,,,,,,,,,,,,,,,,,,,,,,,,,,,,,,,,,,,,,,,,,,,,,,,,,,,,30181702,,,,,,,,,,,,,,,,,,,,,,,,,,,,,,,,,,,,,,,,,,,
,,,,,,,,,,,K-596-VS-354,Kohler K-596-VS Simplice Pull-Down Kitchen Faucet Vibrant Stainless 1.5 gpm Item #354,,,,Kohler Co. (KOHLER),Kohler Co.,KOHLER®,,K-596-VS-354,,Plumbing>Faucets>Utility Faucets,KOHLER® K-596-VS-354 Utility Faucets,KOHLER K-596-VS-354 UTILITY FAUCETS,KOHLER® K-596-VS-354 Utility Faucets,KOHLER® K-596-VS-354 Utility Faucets,,,,,,,,,,,,,,,,,,,,,,,,,,,,,,,,,,,,,,,,,,,,,,,,,,,,,,,,,,,,,,,,,,,,,,,,,,,,,,,,,,,,,,,,,,,,,,,,,,,,,,,,,,,,,,,,,,,,,,,,,,,,,,,,,,,,,,,,,,,,,,,,,,,,,,,,,,,,,,,,,,,,,,,,,,,,,,,,,,,,,,30181706,,,,,,,,,,,,,,,,,,,,,,,,,,,,,,,,,,,,,,,,,,,
,,,,,,,,,,,607-1/2-355,Nibco 607 1/2 1/2 in Copper Wrot Pressure 90 Deg Elbow Item #355,,,,Nibco Inc (NIBCO),Nibco Inc,NIBCO®,,607-1/2-355,,"Plumbing>Pipe, Tube & Hose Fittings>Pipe Fittings","NIBCO® 607-1/2-355 Pipe Fittings, Elbow, 1/2 in, Press, Copper",NIBCO 607-1/2-355 PIPE FITTINGS,"NIBCO® 607-1/2-355 Pipe Fittings, Elbow, 1/2 in, Press, Copper","NIBCO® 607-1/2-355 Pipe Fittings, Elbow, 1/2 in, Press, Copper",,,,,,,,,,,,,,,,,,,,,,,,,,,,,Fitting Fitting/Connector Type,Elbow,,Pipe Size,1/2,in,Connection Type,Press,,Fitting Material,Copper,,,,,,,,,,,,,,,,,,,,,,,,,,,,,,,,,,,,,,,,,,,,,,,,,,,,,,,,,,,,,,,,,,,,,,,,,,,,,,,,,,,,,,,,,,,,,,,,,,,,,,,,,,,,,,,,,,,,,,,,,,,,,,,,,,,,,,,,,,,,,,,40172600,,,,,,,,,,,,,,,,,,,,,,,,,,,,,,,,,,,,,,,,,,,
,,,,,,,,,,,U008LF-356,SharkBite U008LF 1/2 in Push-to-Connect Brass Coupling Item #356,,,,SharkBite Plumbing Solutions (SHARK),SharkBite Plumbing Solutions,SHARKBITE®,,U008LF-356,,"Plumbing>Pipe, Tube & Hose Fittings>Pipe Fittings","SHARKBITE® U008LF-356 Pipe Fittings, Coupling, 1/2 in, Push-to-Connect, Brass",SHARKBITE U008LF-356 PIPE FITTINGS,"SHARKBITE® U008LF-356 Pipe Fittings, Coupling, 1/2 in, Push-to-Connect, Brass","SHARKBITE® U008LF-356 Pipe Fittings, Coupling, 1/2 in, Push-to-Connect, Brass",,,,,,,,,,,,,,,,,,,,,,,,,,,,,Fitting Fitting/Connector Type,Coupling,,Pipe Size,1/2,in,Connection Type,Push-to-Connect,,Fitting Material,Brass,,,,,,,,,,,,,,,,,,,,,,,,,,,,,,,,,,,,,,,,,,,,,,,,,,,,,,,,,,,,,,,,,,,,,,,,,,,,,,,,,,,,,,,,,,,,,,,,,,,,,,,,,,,,,,,,,,,,,,,,,,,,,,,,,,,,,,,,,,,,,,,40172600,,,,,,,,,,,,,,,,,,,,,,,,,,,,,,,,,,,,,,,,,,,
,,,,,,,,,,,NIP-050-CLOSE-357,Charlotte Pipe 1/2 in x Close Black Steel Nipple MNPT Item #357,,,,Charlotte Pipe and Foundry (CHARL),Charlotte Pipe and Foundry,CHARLOTTE PIPE®,,NIP-050-CLOSE-357,,"Plumbing>Pipe, Tube & Hose Fittings>Pipe Fittings","CHARLOTTE PIPE® NIP-050-CLOSE-357 Pipe Fittings, Tee, 1/2 in, MNPT",CHARLOTTE PIPE NIP-050-CLOSE-357 PIPE FI,"CHARLOTTE PIPE® NIP-050-CLOSE-357 Pipe Fittings, Tee, 1/2 in, MNPT","CHARLOTTE PIPE® NIP-050-CLOSE-357 Pipe Fittings, Tee, 1/2 in, MNPT",,,,,,,,,,,,,,,,,,,,,,,,,,,,,Fitting Fitting/Connector Type,Tee,,Pipe Size,1/2,in,Connection Type,MNPT,,,,,,,,,,,,,,,,,,,,,,,,,,,,,,,,,,,,,,,,,,,,,,,,,,,,,,,,,,,,,,,,,,,,,,,,,,,,,,,,,,,,,,,,,,,,,,,,,,,,,,,,,,,,,,,,,,,,,,,,,,,,,,,,,,,,,,,,,,,,,,,,,,40172600,,,,,,,,,,,,,,,,,,,,,,,,,,,,,,,,,,,,,,,,,,,
,,,,,,,,,,,PDSH4816AF-358,PDSH4816AF Dishwasher SS - Display Only Item #358,,,,Appliance Dealers Cooperative (APPDE),Appliance Dealers Cooperative,FRIGIDAIRE®,,PDSH4816AF-358,,unclassified / needs manual mapping,FRIGIDAIRE® PDSH4816AF-358 Product,FRIGIDAIRE PDSH4816AF-358 PRODUCT,FRIGIDAIRE® PDSH4816AF-358 Product,FRIGIDAIRE® PDSH4816AF-358 Product,,,,,,,,,,,,,,,,,,,,,,,,,,,,,,,,,,,,,,,,,,,,,,,,,,,,,,,,,,,,,,,,,,,,,,,,,,,,,,,,,,,,,,,,,,,,,,,,,,,,,,,,,,,,,,,,,,,,,,,,,,,,,,,,,,,,,,,,,,,,,,,,,,,,,,,,,,,,,,,,,,,,,,,,,,,,,,,,,,,,,,,,,,,,,,,,,,,,,,,,,,,,,,,,,,,,,,,,,,,,,,,,,
,,,,,,,,,,,WDTS7024RZ-359,WDTS7024RZ Dishwasher SS - Display Only Item #359,,,,Appliance Dealers Cooperative (APPDE),Appliance Dealers Cooperative,FRIGIDAIRE®,,WDTS7024RZ-359,,unclassified / needs manual mapping,FRIGIDAIRE® WDTS7024RZ-359 Product,FRIGIDAIRE WDTS7024RZ-359 PRODUCT,FRIGIDAIRE® WDTS7024RZ-359 Product,FRIGIDAIRE® WDTS7024RZ-359 Product,,,,,,,,,,,,,,,,,,,,,,,,,,,,,,,,,,,,,,,,,,,,,,,,,,,,,,,,,,,,,,,,,,,,,,,,,,,,,,,,,,,,,,,,,,,,,,,,,,,,,,,,,,,,,,,,,,,,,,,,,,,,,,,,,,,,,,,,,,,,,,,,,,,,,,,,,,,,,,,,,,,,,,,,,,,,,,,,,,,,,,,,,,,,,,,,,,,,,,,,,,,,,,,,,,,,,,,,,,,,,,,,,
,,,,,,,,,,,DCB205C-360,Dewalt 20V Max 5.0Ah Starter Kit Item #360,,,,Black & Decker (2585),Black & Decker,DEWALT®,,DCB205C-360,,unclassified / needs manual mapping,DEWALT® DCB205C-360 Product,DEWALT DCB205C-360 PRODUCT,DEWALT® DCB205C-360 Product,DEWALT® DCB205C-360 Product,,,,,,,,,,,,,,,,,,,,,,,,,,,,,,,,,,,,,,,,,,,,,,,,,,,,,,,,,,,,,,,,,,,,,,,,,,,,,,,,,,,,,,,,,,,,,,,,,,,,,,,,,,,,,,,,,,,,,,,,,,,,,,,,,,,,,,,,,,,,,,,,,,,,,,,,,,,,,,,,,,,,,,,,,,,,,,,,,,,,,,,,,,,,,,,,,,,,,,,,,,,,,,,,,,,,,,,,,,,,,,,,,
,,,,,,,,,,,DCB518ASTS06G-361,"DCB518ASTS06G Diablo 1/2""x18"" - Sanding Belt 6pc Item #361",,,,Freud Inc (2435),Freud Inc,DIABLO®,,DCB518ASTS06G-361,,unclassified / needs manual mapping,DIABLO® DCB518ASTS06G-361 Product,DIABLO DCB518ASTS06G-361 PRODUCT,DIABLO® DCB518ASTS06G-361 Product,DIABLO® DCB518ASTS06G-361 Product,,,,,,,,,,,,,,,,,,,,,,,,,,,,,,,,,,,,,,,,,,,,,,,,,,,,,,,,,,,,,,,,,,,,,,,,,,,,,,,,,,,,,,,,,,,,,,,,,,,,,,,,,,,,,,,,,,,,,,,,,,,,,,,,,,,,,,,,,,,,,,,,,,,,,,,,,,,,,,,,,,,,,,,,,,,,,,,,,,,,,,,,,,,,,,,,,,,,,,,,,,,,,,,,,,,,,,,,,,,,,,,,,
,,,,,,,,,,,6702-000-362,Moen 6702-000 Genta Single Handle Bathroom Sink Faucet Chrome 1.2 gpm 4in Item #362,,,,Moen Incorporated (MOEN),Moen Incorporated,MOEN®,,6702-000-362,,Plumbing>Faucets>Bathroom Sink Faucets,"MOEN® 6702-000-362 Bathroom Sink Faucets, 2, 1.2 gpm, Chrome",MOEN 6702-000-362 BATHROOM SINK FAUCETS,"MOEN® 6702-000-362 Bathroom Sink Faucets, 2, 1.2 gpm, Chrome","MOEN® 6702-000-362 Bathroom Sink Faucets, 2, 1.2 gpm, Chrome",,,,,,,,,,,,,,,,,,,,,,,,,,,,,Number of Faucet Handles,2,,Flow Rate,1.2,gpm,Finish/Color,Chrome,,,,,,,,,,,,,,,,,,,,,,,,,,,,,,,,,,,,,,,,,,,,,,,,,,,,,,,,,,,,,,,,,,,,,,,,,,,,,,,,,,,,,,,,,,,,,,,,,,,,,,,,,,,,,,,,,,,,,,,,,,,,,,,,,,,,,,,,,,,,,,,,,,30181702,,,,,,,,,,,,,,,,,,,,,,,,,,,,,,,,,,,,,,,,,,,
,,,,,,,,,,,559HA-DST-363,Delta 559HA-DST Trinsic Single Handle Bathroom Sink Faucet Matte Black 1.2 gpm Item #363,,,,Delta Faucet Company (DELTA),Delta Faucet Company,DELTA®,,559HA-DST-363,,Plumbing>Faucets>Bathroom Sink Faucets,"DELTA® 559HA-DST-363 Bathroom Sink Faucets, 2, 1.2 gpm, Matte Black",DELTA 559HA-DST-363 BATHROOM SINK FAUCET,"DELTA® 559HA-DST-363 Bathroom Sink Faucets, 2, 1.2 gpm, Matte Black","DELTA® 559HA-DST-363 Bathroom Sink Faucets, 2, 1.2 gpm, Matte Black",,,,,,,,,,,,,,,,,,,,,,,,,,,,,Number of Faucet Handles,2,,Flow Rate,1.2,gpm,Finish/Color,Matte Black,,,,,,,,,,,,,,,,,,,,,,,,,,,,,,,,,,,,,,,,,,,,,,,,,,,,,,,,,,,,,,,,,,,,,,,,,,,,,,,,,,,,,,,,,,,,,,,,,,,,,,,,,,,,,,,,,,,,,,,,,,,,,,,,,,,,,,,,,,,,,,,,,,30181702,,,,,,,,,,,,,,,,,,,,,,,,,,,,,,,,,,,,,,,,,,,
,,,,,,,,,,,K-596-VS-364,Kohler K-596-VS Simplice Pull-Down Kitchen Faucet Vibrant Stainless 1.5 gpm Item #364,,,,Kohler Co. (KOHLER),Kohler Co.,KOHLER®,,K-596-VS-364,,Plumbing>Faucets>Utility Faucets,KOHLER® K-596-VS-364 Utility Faucets,KOHLER K-596-VS-364 UTILITY FAUCETS,KOHLER® K-596-VS-364 Utility Faucets,KOHLER® K-596-VS-364 Utility Faucets,,,,,,,,,,,,,,,,,,,,,,,,,,,,,,,,,,,,,,,,,,,,,,,,,,,,,,,,,,,,,,,,,,,,,,,,,,,,,,,,,,,,,,,,,,,,,,,,,,,,,,,,,,,,,,,,,,,,,,,,,,,,,,,,,,,,,,,,,,,,,,,,,,,,,,,,,,,,,,,,,,,,,,,,,,,,,,,,,,,,,,30181706,,,,,,,,,,,,,,,,,,,,,,,,,,,,,,,,,,,,,,,,,,,
,,,,,,,,,,,607-1/2-365,Nibco 607 1/2 1/2 in Copper Wrot Pressure 90 Deg Elbow Item #365,,,,Nibco Inc (NIBCO),Nibco Inc,NIBCO®,,607-1/2-365,,"Plumbing>Pipe, Tube & Hose Fittings>Pipe Fittings","NIBCO® 607-1/2-365 Pipe Fittings, Elbow, 1/2 in, Press, Copper",NIBCO 607-1/2-365 PIPE FITTINGS,"NIBCO® 607-1/2-365 Pipe Fittings, Elbow, 1/2 in, Press, Copper","NIBCO® 607-1/2-365 Pipe Fittings, Elbow, 1/2 in, Press, Copper",,,,,,,,,,,,,,,,,,,,,,,,,,,,,Fitting Fitting/Connector Type,Elbow,,Pipe Size,1/2,in,Connection Type,Press,,Fitting Material,Copper,,,,,,,,,,,,,,,,,,,,,,,,,,,,,,,,,,,,,,,,,,,,,,,,,,,,,,,,,,,,,,,,,,,,,,,,,,,,,,,,,,,,,,,,,,,,,,,,,,,,,,,,,,,,,,,,,,,,,,,,,,,,,,,,,,,,,,,,,,,,,,,40172600,,,,,,,,,,,,,,,,,,,,,,,,,,,,,,,,,,,,,,,,,,,
,,,,,,,,,,,U008LF-366,SharkBite U008LF 1/2 in Push-to-Connect Brass Coupling Item #366,,,,SharkBite Plumbing Solutions (SHARK),SharkBite Plumbing Solutions,SHARKBITE®,,U008LF-366,,"Plumbing>Pipe, Tube & Hose Fittings>Pipe Fittings","SHARKBITE® U008LF-366 Pipe Fittings, Coupling, 1/2 in, Push-to-Connect, Brass",SHARKBITE U008LF-366 PIPE FITTINGS,"SHARKBITE® U008LF-366 Pipe Fittings, Coupling, 1/2 in, Push-to-Connect, Brass","SHARKBITE® U008LF-366 Pipe Fittings, Coupling, 1/2 in, Push-to-Connect, Brass",,,,,,,,,,,,,,,,,,,,,,,,,,,,,Fitting Fitting/Connector Type,Coupling,,Pipe Size,1/2,in,Connection Type,Push-to-Connect,,Fitting Material,Brass,,,,,,,,,,,,,,,,,,,,,,,,,,,,,,,,,,,,,,,,,,,,,,,,,,,,,,,,,,,,,,,,,,,,,,,,,,,,,,,,,,,,,,,,,,,,,,,,,,,,,,,,,,,,,,,,,,,,,,,,,,,,,,,,,,,,,,,,,,,,,,,40172600,,,,,,,,,,,,,,,,,,,,,,,,,,,,,,,,,,,,,,,,,,,
,,,,,,,,,,,NIP-050-CLOSE-367,Charlotte Pipe 1/2 in x Close Black Steel Nipple MNPT Item #367,,,,Charlotte Pipe and Foundry (CHARL),Charlotte Pipe and Foundry,CHARLOTTE PIPE®,,NIP-050-CLOSE-367,,"Plumbing>Pipe, Tube & Hose Fittings>Pipe Fittings","CHARLOTTE PIPE® NIP-050-CLOSE-367 Pipe Fittings, Tee, 1/2 in, MNPT",CHARLOTTE PIPE NIP-050-CLOSE-367 PIPE FI,"CHARLOTTE PIPE® NIP-050-CLOSE-367 Pipe Fittings, Tee, 1/2 in, MNPT","CHARLOTTE PIPE® NIP-050-CLOSE-367 Pipe Fittings, Tee, 1/2 in, MNPT",,,,,,,,,,,,,,,,,,,,,,,,,,,,,Fitting Fitting/Connector Type,Tee,,Pipe Size,1/2,in,Connection Type,MNPT,,,,,,,,,,,,,,,,,,,,,,,,,,,,,,,,,,,,,,,,,,,,,,,,,,,,,,,,,,,,,,,,,,,,,,,,,,,,,,,,,,,,,,,,,,,,,,,,,,,,,,,,,,,,,,,,,,,,,,,,,,,,,,,,,,,,,,,,,,,,,,,,,,40172600,,,,,,,,,,,,,,,,,,,,,,,,,,,,,,,,,,,,,,,,,,,
,,,,,,,,,,,PDSH4816AF-368,PDSH4816AF Dishwasher SS - Display Only Item #368,,,,Appliance Dealers Cooperative (APPDE),Appliance Dealers Cooperative,FRIGIDAIRE®,,PDSH4816AF-368,,unclassified / needs manual mapping,FRIGIDAIRE® PDSH4816AF-368 Product,FRIGIDAIRE PDSH4816AF-368 PRODUCT,FRIGIDAIRE® PDSH4816AF-368 Product,FRIGIDAIRE® PDSH4816AF-368 Product,,,,,,,,,,,,,,,,,,,,,,,,,,,,,,,,,,,,,,,,,,,,,,,,,,,,,,,,,,,,,,,,,,,,,,,,,,,,,,,,,,,,,,,,,,,,,,,,,,,,,,,,,,,,,,,,,,,,,,,,,,,,,,,,,,,,,,,,,,,,,,,,,,,,,,,,,,,,,,,,,,,,,,,,,,,,,,,,,,,,,,,,,,,,,,,,,,,,,,,,,,,,,,,,,,,,,,,,,,,,,,,,,
,,,,,,,,,,,WDTS7024RZ-369,WDTS7024RZ Dishwasher SS - Display Only Item #369,,,,Appliance Dealers Cooperative (APPDE),Appliance Dealers Cooperative,FRIGIDAIRE®,,WDTS7024RZ-369,,unclassified / needs manual mapping,FRIGIDAIRE® WDTS7024RZ-369 Product,FRIGIDAIRE WDTS7024RZ-369 PRODUCT,FRIGIDAIRE® WDTS7024RZ-369 Product,FRIGIDAIRE® WDTS7024RZ-369 Product,,,,,,,,,,,,,,,,,,,,,,,,,,,,,,,,,,,,,,,,,,,,,,,,,,,,,,,,,,,,,,,,,,,,,,,,,,,,,,,,,,,,,,,,,,,,,,,,,,,,,,,,,,,,,,,,,,,,,,,,,,,,,,,,,,,,,,,,,,,,,,,,,,,,,,,,,,,,,,,,,,,,,,,,,,,,,,,,,,,,,,,,,,,,,,,,,,,,,,,,,,,,,,,,,,,,,,,,,,,,,,,,,
,,,,,,,,,,,DCB205C-370,Dewalt 20V Max 5.0Ah Starter Kit Item #370,,,,Black & Decker (2585),Black & Decker,DEWALT®,,DCB205C-370,,unclassified / needs manual mapping,DEWALT® DCB205C-370 Product,DEWALT DCB205C-370 PRODUCT,DEWALT® DCB205C-370 Product,DEWALT® DCB205C-370 Product,,,,,,,,,,,,,,,,,,,,,,,,,,,,,,,,,,,,,,,,,,,,,,,,,,,,,,,,,,,,,,,,,,,,,,,,,,,,,,,,,,,,,,,,,,,,,,,,,,,,,,,,,,,,,,,,,,,,,,,,,,,,,,,,,,,,,,,,,,,,,,,,,,,,,,,,,,,,,,,,,,,,,,,,,,,,,,,,,,,,,,,,,,,,,,,,,,,,,,,,,,,,,,,,,,,,,,,,,,,,,,,,,
,,,,,,,,,,,DCB518ASTS06G-371,"DCB518ASTS06G Diablo 1/2""x18"" - Sanding Belt 6pc Item #371",,,,Freud Inc (2435),Freud Inc,DIABLO®,,DCB518ASTS06G-371,,unclassified / needs manual mapping,DIABLO® DCB518ASTS06G-371 Product,DIABLO DCB518ASTS06G-371 PRODUCT,DIABLO® DCB518ASTS06G-371 Product,DIABLO® DCB518ASTS06G-371 Product,,,,,,,,,,,,,,,,,,,,,,,,,,,,,,,,,,,,,,,,,,,,,,,,,,,,,,,,,,,,,,,,,,,,,,,,,,,,,,,,,,,,,,,,,,,,,,,,,,,,,,,,,,,,,,,,,,,,,,,,,,,,,,,,,,,,,,,,,,,,,,,,,,,,,,,,,,,,,,,,,,,,,,,,,,,,,,,,,,,,,,,,,,,,,,,,,,,,,,,,,,,,,,,,,,,,,,,,,,,,,,,,,
,,,,,,,,,,,6702-000-372,Moen 6702-000 Genta Single Handle Bathroom Sink Faucet Chrome 1.2 gpm 4in Item #372,,,,Moen Incorporated (MOEN),Moen Incorporated,MOEN®,,6702-000-372,,Plumbing>Faucets>Bathroom Sink Faucets,"MOEN® 6702-000-372 Bathroom Sink Faucets, 2, 1.2 gpm, Chrome",MOEN 6702-000-372 BATHROOM SINK FAUCETS,"MOEN® 6702-000-372 Bathroom Sink Faucets, 2, 1.2 gpm, Chrome","MOEN® 6702-000-372 Bathroom Sink Faucets, 2, 1.2 gpm, Chrome",,,,,,,,,,,,,,,,,,,,,,,,,,,,,Number of Faucet Handles,2,,Flow Rate,1.2,gpm,Finish/Color,Chrome,,,,,,,,,,,,,,,,,,,,,,,,,,,,,,,,,,,,,,,,,,,,,,,,,,,,,,,,,,,,,,,,,,,,,,,,,,,,,,,,,,,,,,,,,,,,,,,,,,,,,,,,,,,,,,,,,,,,,,,,,,,,,,,,,,,,,,,,,,,,,,,,,,30181702,,,,,,,,,,,,,,,,,,,,,,,,,,,,,,,,,,,,,,,,,,,
,,,,,,,,,,,559HA-DST-373,Delta 559HA-DST Trinsic Single Handle Bathroom Sink Faucet Matte Black 1.2 gpm Item #373,,,,Delta Faucet Company (DELTA),Delta Faucet Company,DELTA®,,559HA-DST-373,,Plumbing>Faucets>Bathroom Sink Faucets,"DELTA® 559HA-DST-373 Bathroom Sink Faucets, 2, 1.2 gpm, Matte Black",DELTA 559HA-DST-373 BATHROOM SINK FAUCET,"DELTA® 559HA-DST-373 Bathroom Sink Faucets, 2, 1.2 gpm, Matte Black","DELTA® 559HA-DST-373 Bathroom Sink Faucets, 2, 1.2 gpm, Matte Black",,,,,,,,,,,,,,,,,,,,,,,,,,,,,Number of Faucet Handles,2,,Flow Rate,1.2,gpm,Finish/Color,Matte Black,,,,,,,,,,,,,,,,,,,,,,,,,,,,,,,,,,,,,,,,,,,,,,,,,,,,,,,,,,,,,,,,,,,,,,,,,,,,,,,,,,,,,,,,,,,,,,,,,,,,,,,,,,,,,,,,,,,,,,,,,,,,,,,,,,,,,,,,,,,,,,,,,,30181702,,,,,,,,,,,,,,,,,,,,,,,,,,,,,,,,,,,,,,,,,,,
,,,,,,,,,,,K-596-VS-374,Kohler K-596-VS Simplice Pull-Down Kitchen Faucet Vibrant Stainless 1.5 gpm Item #374,,,,Kohler Co. (KOHLER),Kohler Co.,KOHLER®,,K-596-VS-374,,Plumbing>Faucets>Utility Faucets,KOHLER® K-596-VS-374 Utility Faucets,KOHLER K-596-VS-374 UTILITY FAUCETS,KOHLER® K-596-VS-374 Utility Faucets,KOHLER® K-596-VS-374 Utility Faucets,,,,,,,,,,,,,,,,,,,,,,,,,,,,,,,,,,,,,,,,,,,,,,,,,,,,,,,,,,,,,,,,,,,,,,,,,,,,,,,,,,,,,,,,,,,,,,,,,,,,,,,,,,,,,,,,,,,,,,,,,,,,,,,,,,,,,,,,,,,,,,,,,,,,,,,,,,,,,,,,,,,,,,,,,,,,,,,,,,,,,,30181706,,,,,,,,,,,,,,,,,,,,,,,,,,,,,,,,,,,,,,,,,,,
,,,,,,,,,,,607-1/2-375,Nibco 607 1/2 1/2 in Copper Wrot Pressure 90 Deg Elbow Item #375,,,,Nibco Inc (NIBCO),Nibco Inc,NIBCO®,,607-1/2-375,,"Plumbing>Pipe, Tube & Hose Fittings>Pipe Fittings","NIBCO® 607-1/2-375 Pipe Fittings, Elbow, 1/2 in, Press, Copper",NIBCO 607-1/2-375 PIPE FITTINGS,"NIBCO® 607-1/2-375 Pipe Fittings, Elbow, 1/2 in, Press, Copper","NIBCO® 607-1/2-375 Pipe Fittings, Elbow, 1/2 in, Press, Copper",,,,,,,,,,,,,,,,,,,,,,,,,,,,,Fitting Fitting/Connector Type,Elbow,,Pipe Size,1/2,in,Connection Type,Press,,Fitting Material,Copper,,,,,,,,,,,,,,,,,,,,,,,,,,,,,,,,,,,,,,,,,,,,,,,,,,,,,,,,,,,,,,,,,,,,,,,,,,,,,,,,,,,,,,,,,,,,,,,,,,,,,,,,,,,,,,,,,,,,,,,,,,,,,,,,,,,,,,,,,,,,,,,40172600,,,,,,,,,,,,,,,,,,,,,,,,,,,,,,,,,,,,,,,,,,,
,,,,,,,,,,,U008LF-376,SharkBite U008LF 1/2 in Push-to-Connect Brass Coupling Item #376,,,,SharkBite Plumbing Solutions (SHARK),SharkBite Plumbing Solutions,SHARKBITE®,,U008LF-376,,"Plumbing>Pipe, Tube & Hose Fittings>Pipe Fittings","SHARKBITE® U008LF-376 Pipe Fittings, Coupling, 1/2 in, Push-to-Connect, Brass",SHARKBITE U008LF-376 PIPE FITTINGS,"SHARKBITE® U008LF-376 Pipe Fittings, Coupling, 1/2 in, Push-to-Connect, Brass","SHARKBITE® U008LF-376 Pipe Fittings, Coupling, 1/2 in, Push-to-Connect, Brass",,,,,,,,,,,,,,,,,,,,,,,,,,,,,Fitting Fitting/Connector Type,Coupling,,Pipe Size,1/2,in,Connection Type,Push-to-Connect,,Fitting Material,Brass,,,,,,,,,,,,,,,,,,,,,,,,,,,,,,,,,,,,,,,,,,,,,,,,,,,,,,,,,,,,,,,,,,,,,,,,,,,,,,,,,,,,,,,,,,,,,,,,,,,,,,,,,,,,,,,,,,,,,,,,,,,,,,,,,,,,,,,,,,,,,,,40172600,,,,,,,,,,,,,,,,,,,,,,,,,,,,,,,,,,,,,,,,,,,
,,,,,,,,,,,NIP-050-CLOSE-377,Charlotte Pipe 1/2 in x Close Black Steel Nipple MNPT Item #377,,,,Charlotte Pipe and Foundry (CHARL),Charlotte Pipe and Foundry,CHARLOTTE PIPE®,,NIP-050-CLOSE-377,,"Plumbing>Pipe, Tube & Hose Fittings>Pipe Fittings","CHARLOTTE PIPE® NIP-050-CLOSE-377 Pipe Fittings, Tee, 1/2 in, MNPT",CHARLOTTE PIPE NIP-050-CLOSE-377 PIPE FI,"CHARLOTTE PIPE® NIP-050-CLOSE-377 Pipe Fittings, Tee, 1/2 in, MNPT","CHARLOTTE PIPE® NIP-050-CLOSE-377 Pipe Fittings, Tee, 1/2 in, MNPT",,,,,,,,,,,,,,,,,,,,,,,,,,,,,Fitting Fitting/Connector Type,Tee,,Pipe Size,1/2,in,Connection Type,MNPT,,,,,,,,,,,,,,,,,,,,,,,,,,,,,,,,,,,,,,,,,,,,,,,,,,,,,,,,,,,,,,,,,,,,,,,,,,,,,,,,,,,,,,,,,,,,,,,,,,,,,,,,,,,,,,,,,,,,,,,,,,,,,,,,,,,,,,,,,,,,,,,,,,40172600,,,,,,,,,,,,,,,,,,,,,,,,,,,,,,,,,,,,,,,,,,,
,,,,,,,,,,,PDSH4816AF-378,PDSH4816AF Dishwasher SS - Display Only Item #378,,,,Appliance Dealers Cooperative (APPDE),Appliance Dealers Cooperative,FRIGIDAIRE®,,PDSH4816AF-378,,unclassified / needs manual mapping,FRIGIDAIRE® PDSH4816AF-378 Product,FRIGIDAIRE PDSH4816AF-378 PRODUCT,FRIGIDAIRE® PDSH4816AF-378 Product,FRIGIDAIRE® PDSH4816AF-378 Product,,,,,,,,,,,,,,,,,,,,,,,,,,,,,,,,,,,,,,,,,,,,,,,,,,,,,,,,,,,,,,,,,,,,,,,,,,,,,,,,,,,,,,,,,,,,,,,,,,,,,,,,,,,,,,,,,,,,,,,,,,,,,,,,,,,,,,,,,,,,,,,,,,,,,,,,,,,,,,,,,,,,,,,,,,,,,,,,,,,,,,,,,,,,,,,,,,,,,,,,,,,,,,,,,,,,,,,,,,,,,,,,,
,,,,,,,,,,,WDTS7024RZ-379,WDTS7024RZ Dishwasher SS - Display Only Item #379,,,,Appliance Dealers Cooperative (APPDE),Appliance Dealers Cooperative,FRIGIDAIRE®,,WDTS7024RZ-379,,unclassified / needs manual mapping,FRIGIDAIRE® WDTS7024RZ-379 Product,FRIGIDAIRE WDTS7024RZ-379 PRODUCT,FRIGIDAIRE® WDTS7024RZ-379 Product,FRIGIDAIRE® WDTS7024RZ-379 Product,,,,,,,,,,,,,,,,,,,,,,,,,,,,,,,,,,,,,,,,,,,,,,,,,,,,,,,,,,,,,,,,,,,,,,,,,,,,,,,,,,,,,,,,,,,,,,,,,,,,,,,,,,,,,,,,,,,,,,,,,,,,,,,,,,,,,,,,,,,,,,,,,,,,,,,,,,,,,,,,,,,,,,,,,,,,,,,,,,,,,,,,,,,,,,,,,,,,,,,,,,,,,,,,,,,,,,,,,,,,,,,,,
,,,,,,,,,,,DCB205C-380,Dewalt 20V Max 5.0Ah Starter Kit Item #380,,,,Black & Decker (2585),Black & Decker,DEWALT®,,DCB205C-380,,unclassified / needs manual mapping,DEWALT® DCB205C-380 Product,DEWALT DCB205C-380 PRODUCT,DEWALT® DCB205C-380 Product,DEWALT® DCB205C-380 Product,,,,,,,,,,,,,,,,,,,,,,,,,,,,,,,,,,,,,,,,,,,,,,,,,,,,,,,,,,,,,,,,,,,,,,,,,,,,,,,,,,,,,,,,,,,,,,,,,,,,,,,,,,,,,,,,,,,,,,,,,,,,,,,,,,,,,,,,,,,,,,,,,,,,,,,,,,,,,,,,,,,,,,,,,,,,,,,,,,,,,,,,,,,,,,,,,,,,,,,,,,,,,,,,,,,,,,,,,,,,,,,,,
,,,,,,,,,,,DCB518ASTS06G-381,"DCB518ASTS06G Diablo 1/2""x18"" - Sanding Belt 6pc Item #381",,,,Freud Inc (2435),Freud Inc,DIABLO®,,DCB518ASTS06G-381,,unclassified / needs manual mapping,DIABLO® DCB518ASTS06G-381 Product,DIABLO DCB518ASTS06G-381 PRODUCT,DIABLO® DCB518ASTS06G-381 Product,DIABLO® DCB518ASTS06G-381 Product,,,,,,,,,,,,,,,,,,,,,,,,,,,,,,,,,,,,,,,,,,,,,,,,,,,,,,,,,,,,,,,,,,,,,,,,,,,,,,,,,,,,,,,,,,,,,,,,,,,,,,,,,,,,,,,,,,,,,,,,,,,,,,,,,,,,,,,,,,,,,,,,,,,,,,,,,,,,,,,,,,,,,,,,,,,,,,,,,,,,,,,,,,,,,,,,,,,,,,,,,,,,,,,,,,,,,,,,,,,,,,,,,
,,,,,,,,,,,6702-000-382,Moen 6702-000 Genta Single Handle Bathroom Sink Faucet Chrome 1.2 gpm 4in Item #382,,,,Moen Incorporated (MOEN),Moen Incorporated,MOEN®,,6702-000-382,,Plumbing>Faucets>Bathroom Sink Faucets,"MOEN® 6702-000-382 Bathroom Sink Faucets, 2, 1.2 gpm, Chrome",MOEN 6702-000-382 BATHROOM SINK FAUCETS,"MOEN® 6702-000-382 Bathroom Sink Faucets, 2, 1.2 gpm, Chrome","MOEN® 6702-000-382 Bathroom Sink Faucets, 2, 1.2 gpm, Chrome",,,,,,,,,,,,,,,,,,,,,,,,,,,,,Number of Faucet Handles,2,,Flow Rate,1.2,gpm,Finish/Color,Chrome,,,,,,,,,,,,,,,,,,,,,,,,,,,,,,,,,,,,,,,,,,,,,,,,,,,,,,,,,,,,,,,,,,,,,,,,,,,,,,,,,,,,,,,,,,,,,,,,,,,,,,,,,,,,,,,,,,,,,,,,,,,,,,,,,,,,,,,,,,,,,,,,,,30181702,,,,,,,,,,,,,,,,,,,,,,,,,,,,,,,,,,,,,,,,,,,
,,,,,,,,,,,559HA-DST-383,Delta 559HA-DST Trinsic Single Handle Bathroom Sink Faucet Matte Black 1.2 gpm Item #383,,,,Delta Faucet Company (DELTA),Delta Faucet Company,DELTA®,,559HA-DST-383,,Plumbing>Faucets>Bathroom Sink Faucets,"DELTA® 559HA-DST-383 Bathroom Sink Faucets, 2, 1.2 gpm, Matte Black",DELTA 559HA-DST-383 BATHROOM SINK FAUCET,"DELTA® 559HA-DST-383 Bathroom Sink Faucets, 2, 1.2 gpm, Matte Black","DELTA® 559HA-DST-383 Bathroom Sink Faucets, 2, 1.2 gpm, Matte Black",,,,,,,,,,,,,,,,,,,,,,,,,,,,,Number of Faucet Handles,2,,Flow Rate,1.2,gpm,Finish/Color,Matte Black,,,,,,,,,,,,,,,,,,,,,,,,,,,,,,,,,,,,,,,,,,,,,,,,,,,,,,,,,,,,,,,,,,,,,,,,,,,,,,,,,,,,,,,,,,,,,,,,,,,,,,,,,,,,,,,,,,,,,,,,,,,,,,,,,,,,,,,,,,,,,,,,,,30181702,,,,,,,,,,,,,,,,,,,,,,,,,,,,,,,,,,,,,,,,,,,
,,,,,,,,,,,K-596-VS-384,Kohler K-596-VS Simplice Pull-Down Kitchen Faucet Vibrant Stainless 1.5 gpm Item #384,,,,Kohler Co. (KOHLER),Kohler Co.,KOHLER®,,K-596-VS-384,,Plumbing>Faucets>Utility Faucets,KOHLER® K-596-VS-384 Utility Faucets,KOHLER K-596-VS-384 UTILITY FAUCETS,KOHLER® K-596-VS-384 Utility Faucets,KOHLER® K-596-VS-384 Utility Faucets,,,,,,,,,,,,,,,,,,,,,,,,,,,,,,,,,,,,,,,,,,,,,,,,,,,,,,,,,,,,,,,,,,,,,,,,,,,,,,,,,,,,,,,,,,,,,,,,,,,,,,,,,,,,,,,,,,,,,,,,,,,,,,,,,,,,,,,,,,,,,,,,,,,,,,,,,,,,,,,,,,,,,,,,,,,,,,,,,,,,,,30181706,,,,,,,,,,,,,,,,,,,,,,,,,,,,,,,,,,,,,,,,,,,
,,,,,,,,,,,607-1/2-385,Nibco 607 1/2 1/2 in Copper Wrot Pressure 90 Deg Elbow Item #385,,,,Nibco Inc (NIBCO),Nibco Inc,NIBCO®,,607-1/2-385,,"Plumbing>Pipe, Tube & Hose Fittings>Pipe Fittings","NIBCO® 607-1/2-385 Pipe Fittings, Elbow, 1/2 in, Press, Copper",NIBCO 607-1/2-385 PIPE FITTINGS,"NIBCO® 607-1/2-385 Pipe Fittings, Elbow, 1/2 in, Press, Copper","NIBCO® 607-1/2-385 Pipe Fittings, Elbow, 1/2 in, Press, Copper",,,,,,,,,,,,,,,,,,,,,,,,,,,,,Fitting Fitting/Connector Type,Elbow,,Pipe Size,1/2,in,Connection Type,Press,,Fitting Material,Copper,,,,,,,,,,,,,,,,,,,,,,,,,,,,,,,,,,,,,,,,,,,,,,,,,,,,,,,,,,,,,,,,,,,,,,,,,,,,,,,,,,,,,,,,,,,,,,,,,,,,,,,,,,,,,,,,,,,,,,,,,,,,,,,,,,,,,,,,,,,,,,,40172600,,,,,,,,,,,,,,,,,,,,,,,,,,,,,,,,,,,,,,,,,,,
,,,,,,,,,,,U008LF-386,SharkBite U008LF 1/2 in Push-to-Connect Brass Coupling Item #386,,,,SharkBite Plumbing Solutions (SHARK),SharkBite Plumbing Solutions,SHARKBITE®,,U008LF-386,,"Plumbing>Pipe, Tube & Hose Fittings>Pipe Fittings","SHARKBITE® U008LF-386 Pipe Fittings, Coupling, 1/2 in, Push-to-Connect, Brass",SHARKBITE U008LF-386 PIPE FITTINGS,"SHARKBITE® U008LF-386 Pipe Fittings, Coupling, 1/2 in, Push-to-Connect, Brass","SHARKBITE® U008LF-386 Pipe Fittings, Coupling, 1/2 in, Push-to-Connect, Brass",,,,,,,,,,,,,,,,,,,,,,,,,,,,,Fitting Fitting/Connector Type,Coupling,,Pipe Size,1/2,in,Connection Type,Push-to-Connect,,Fitting Material,Brass,,,,,,,,,,,,,,,,,,,,,,,,,,,,,,,,,,,,,,,,,,,,,,,,,,,,,,,,,,,,,,,,,,,,,,,,,,,,,,,,,,,,,,,,,,,,,,,,,,,,,,,,,,,,,,,,,,,,,,,,,,,,,,,,,,,,,,,,,,,,,,,40172600,,,,,,,,,,,,,,,,,,,,,,,,,,,,,,,,,,,,,,,,,,,
,,,,,,,,,,,NIP-050-CLOSE-387,Charlotte Pipe 1/2 in x Close Black Steel Nipple MNPT Item #387,,,,Charlotte Pipe and Foundry (CHARL),Charlotte Pipe and Foundry,CHARLOTTE PIPE®,,NIP-050-CLOSE-387,,"Plumbing>Pipe, Tube & Hose Fittings>Pipe Fittings","CHARLOTTE PIPE® NIP-050-CLOSE-387 Pipe Fittings, Tee, 1/2 in, MNPT",CHARLOTTE PIPE NIP-050-CLOSE-387 PIPE FI,"CHARLOTTE PIPE® NIP-050-CLOSE-387 Pipe Fittings, Tee, 1/2 in, MNPT","CHARLOTTE PIPE® NIP-050-CLOSE-387 Pipe Fittings, Tee, 1/2 in, MNPT",,,,,,,,,,,,,,,,,,,,,,,,,,,,,Fitting Fitting/Connector Type,Tee,,Pipe Size,1/2,in,Connection Type,MNPT,,,,,,,,,,,,,,,,,,,,,,,,,,,,,,,,,,,,,,,,,,,,,,,,,,,,,,,,,,,,,,,,,,,,,,,,,,,,,,,,,,,,,,,,,,,,,,,,,,,,,,,,,,,,,,,,,,,,,,,,,,,,,,,,,,,,,,,,,,,,,,,,,,40172600,,,,,,,,,,,,,,,,,,,,,,,,,,,,,,,,,,,,,,,,,,,
,,,,,,,,,,,PDSH4816AF-388,PDSH4816AF Dishwasher SS - Display Only Item #388,,,,Appliance Dealers Cooperative (APPDE),Appliance Dealers Cooperative,FRIGIDAIRE®,,PDSH4816AF-388,,unclassified / needs manual mapping,FRIGIDAIRE® PDSH4816AF-388 Product,FRIGIDAIRE PDSH4816AF-388 PRODUCT,FRIGIDAIRE® PDSH4816AF-388 Product,FRIGIDAIRE® PDSH4816AF-388 Product,,,,,,,,,,,,,,,,,,,,,,,,,,,,,,,,,,,,,,,,,,,,,,,,,,,,,,,,,,,,,,,,,,,,,,,,,,,,,,,,,,,,,,,,,,,,,,,,,,,,,,,,,,,,,,,,,,,,,,,,,,,,,,,,,,,,,,,,,,,,,,,,,,,,,,,,,,,,,,,,,,,,,,,,,,,,,,,,,,,,,,,,,,,,,,,,,,,,,,,,,,,,,,,,,,,,,,,,,,,,,,,,,
,,,,,,,,,,,WDTS7024RZ-389,WDTS7024RZ Dishwasher SS - Display Only Item #389,,,,Appliance Dealers Cooperative (APPDE),Appliance Dealers Cooperative,FRIGIDAIRE®,,WDTS7024RZ-389,,unclassified / needs manual mapping,FRIGIDAIRE® WDTS7024RZ-389 Product,FRIGIDAIRE WDTS7024RZ-389 PRODUCT,FRIGIDAIRE® WDTS7024RZ-389 Product,FRIGIDAIRE® WDTS7024RZ-389 Product,,,,,,,,,,,,,,,,,,,,,,,,,,,,,,,,,,,,,,,,,,,,,,,,,,,,,,,,,,,,,,,,,,,,,,,,,,,,,,,,,,,,,,,,,,,,,,,,,,,,,,,,,,,,,,,,,,,,,,,,,,,,,,,,,,,,,,,,,,,,,,,,,,,,,,,,,,,,,,,,,,,,,,,,,,,,,,,,,,,,,,,,,,,,,,,,,,,,,,,,,,,,,,,,,,,,,,,,,,,,,,,,,
,,,,,,,,,,,DCB205C-390,Dewalt 20V Max 5.0Ah Starter Kit Item #390,,,,Black & Decker (2585),Black & Decker,DEWALT®,,DCB205C-390,,unclassified / needs manual mapping,DEWALT® DCB205C-390 Product,DEWALT DCB205C-390 PRODUCT,DEWALT® DCB205C-390 Product,DEWALT® DCB205C-390 Product,,,,,,,,,,,,,,,,,,,,,,,,,,,,,,,,,,,,,,,,,,,,,,,,,,,,,,,,,,,,,,,,,,,,,,,,,,,,,,,,,,,,,,,,,,,,,,,,,,,,,,,,,,,,,,,,,,,,,,,,,,,,,,,,,,,,,,,,,,,,,,,,,,,,,,,,,,,,,,,,,,,,,,,,,,,,,,,,,,,,,,,,,,,,,,,,,,,,,,,,,,,,,,,,,,,,,,,,,,,,,,,,,
,,,,,,,,,,,DCB518ASTS06G-391,"DCB518ASTS06G Diablo 1/2""x18"" - Sanding Belt 6pc Item #391",,,,Freud Inc (2435),Freud Inc,DIABLO®,,DCB518ASTS06G-391,,unclassified / needs manual mapping,DIABLO® DCB518ASTS06G-391 Product,DIABLO DCB518ASTS06G-391 PRODUCT,DIABLO® DCB518ASTS06G-391 Product,DIABLO® DCB518ASTS06G-391 Product,,,,,,,,,,,,,,,,,,,,,,,,,,,,,,,,,,,,,,,,,,,,,,,,,,,,,,,,,,,,,,,,,,,,,,,,,,,,,,,,,,,,,,,,,,,,,,,,,,,,,,,,,,,,,,,,,,,,,,,,,,,,,,,,,,,,,,,,,,,,,,,,,,,,,,,,,,,,,,,,,,,,,,,,,,,,,,,,,,,,,,,,,,,,,,,,,,,,,,,,,,,,,,,,,,,,,,,,,,,,,,,,,
,,,,,,,,,,,6702-000-392,Moen 6702-000 Genta Single Handle Bathroom Sink Faucet Chrome 1.2 gpm 4in Item #392,,,,Moen Incorporated (MOEN),Moen Incorporated,MOEN®,,6702-000-392,,Plumbing>Faucets>Bathroom Sink Faucets,"MOEN® 6702-000-392 Bathroom Sink Faucets, 2, 1.2 gpm, Chrome",MOEN 6702-000-392 BATHROOM SINK FAUCETS,"MOEN® 6702-000-392 Bathroom Sink Faucets, 2, 1.2 gpm, Chrome","MOEN® 6702-000-392 Bathroom Sink Faucets, 2, 1.2 gpm, Chrome",,,,,,,,,,,,,,,,,,,,,,,,,,,,,Number of Faucet Handles,2,,Flow Rate,1.2,gpm,Finish/Color,Chrome,,,,,,,,,,,,,,,,,,,,,,,,,,,,,,,,,,,,,,,,,,,,,,,,,,,,,,,,,,,,,,,,,,,,,,,,,,,,,,,,,,,,,,,,,,,,,,,,,,,,,,,,,,,,,,,,,,,,,,,,,,,,,,,,,,,,,,,,,,,,,,,,,,30181702,,,,,,,,,,,,,,,,,,,,,,,,,,,,,,,,,,,,,,,,,,,
,,,,,,,,,,,559HA-DST-393,Delta 559HA-DST Trinsic Single Handle Bathroom Sink Faucet Matte Black 1.2 gpm Item #393,,,,Delta Faucet Company (DELTA),Delta Faucet Company,DELTA®,,559HA-DST-393,,Plumbing>Faucets>Bathroom Sink Faucets,"DELTA® 559HA-DST-393 Bathroom Sink Faucets, 2, 1.2 gpm, Matte Black",DELTA 559HA-DST-393 BATHROOM SINK FAUCET,"DELTA® 559HA-DST-393 Bathroom Sink Faucets, 2, 1.2 gpm, Matte Black","DELTA® 559HA-DST-393 Bathroom Sink Faucets, 2, 1.2 gpm, Matte Black",,,,,,,,,,,,,,,,,,,,,,,,,,,,,Number of Faucet Handles,2,,Flow Rate,1.2,gpm,Finish/Color,Matte Black,,,,,,,,,,,,,,,,,,,,,,,,,,,,,,,,,,,,,,,,,,,,,,,,,,,,,,,,,,,,,,,,,,,,,,,,,,,,,,,,,,,,,,,,,,,,,,,,,,,,,,,,,,,,,,,,,,,,,,,,,,,,,,,,,,,,,,,,,,,,,,,,,,30181702,,,,,,,,,,,,,,,,,,,,,,,,,,,,,,,,,,,,,,,,,,,
,,,,,,,,,,,K-596-VS-394,Kohler K-596-VS Simplice Pull-Down Kitchen Faucet Vibrant Stainless 1.5 gpm Item #394,,,,Kohler Co. (KOHLER),Kohler Co.,KOHLER®,,K-596-VS-394,,Plumbing>Faucets>Utility Faucets,KOHLER® K-596-VS-394 Utility Faucets,KOHLER K-596-VS-394 UTILITY FAUCETS,KOHLER® K-596-VS-394 Utility Faucets,KOHLER® K-596-VS-394 Utility Faucets,,,,,,,,,,,,,,,,,,,,,,,,,,,,,,,,,,,,,,,,,,,,,,,,,,,,,,,,,,,,,,,,,,,,,,,,,,,,,,,,,,,,,,,,,,,,,,,,,,,,,,,,,,,,,,,,,,,,,,,,,,,,,,,,,,,,,,,,,,,,,,,,,,,,,,,,,,,,,,,,,,,,,,,,,,,,,,,,,,,,,,30181706,,,,,,,,,,,,,,,,,,,,,,,,,,,,,,,,,,,,,,,,,,,
,,,,,,,,,,,607-1/2-395,Nibco 607 1/2 1/2 in Copper Wrot Pressure 90 Deg Elbow Item #395,,,,Nibco Inc (NIBCO),Nibco Inc,NIBCO®,,607-1/2-395,,"Plumbing>Pipe, Tube & Hose Fittings>Pipe Fittings","NIBCO® 607-1/2-395 Pipe Fittings, Elbow, 1/2 in, Press, Copper",NIBCO 607-1/2-395 PIPE FITTINGS,"NIBCO® 607-1/2-395 Pipe Fittings, Elbow, 1/2 in, Press, Copper","NIBCO® 607-1/2-395 Pipe Fittings, Elbow, 1/2 in, Press, Copper",,,,,,,,,,,,,,,,,,,,,,,,,,,,,Fitting Fitting/Connector Type,Elbow,,Pipe Size,1/2,in,Connection Type,Press,,Fitting Material,Copper,,,,,,,,,,,,,,,,,,,,,,,,,,,,,,,,,,,,,,,,,,,,,,,,,,,,,,,,,,,,,,,,,,,,,,,,,,,,,,,,,,,,,,,,,,,,,,,,,,,,,,,,,,,,,,,,,,,,,,,,,,,,,,,,,,,,,,,,,,,,,,,40172600,,,,,,,,,,,,,,,,,,,,,,,,,,,,,,,,,,,,,,,,,,,
,,,,,,,,,,,U008LF-396,SharkBite U008LF 1/2 in Push-to-Connect Brass Coupling Item #396,,,,SharkBite Plumbing Solutions (SHARK),SharkBite Plumbing Solutions,SHARKBITE®,,U008LF-396,,"Plumbing>Pipe, Tube & Hose Fittings>Pipe Fittings","SHARKBITE® U008LF-396 Pipe Fittings, Coupling, 1/2 in, Push-to-Connect, Brass",SHARKBITE U008LF-396 PIPE FITTINGS,"SHARKBITE® U008LF-396 Pipe Fittings, Coupling, 1/2 in, Push-to-Connect, Brass","SHARKBITE® U008LF-396 Pipe Fittings, Coupling, 1/2 in, Push-to-Connect, Brass",,,,,,,,,,,,,,,,,,,,,,,,,,,,,Fitting Fitting/Connector Type,Coupling,,Pipe Size,1/2,in,Connection Type,Push-to-Connect,,Fitting Material,Brass,,,,,,,,,,,,,,,,,,,,,,,,,,,,,,,,,,,,,,,,,,,,,,,,,,,,,,,,,,,,,,,,,,,,,,,,,,,,,,,,,,,,,,,,,,,,,,,,,,,,,,,,,,,,,,,,,,,,,,,,,,,,,,,,,,,,,,,,,,,,,,,40172600,,,,,,,,,,,,,,,,,,,,,,,,,,,,,,,,,,,,,,,,,,,
,,,,,,,,,,,NIP-050-CLOSE-397,Charlotte Pipe 1/2 in x Close Black Steel Nipple MNPT Item #397,,,,Charlotte Pipe and Foundry (CHARL),Charlotte Pipe and Foundry,CHARLOTTE PIPE®,,NIP-050-CLOSE-397,,"Plumbing>Pipe, Tube & Hose Fittings>Pipe Fittings","CHARLOTTE PIPE® NIP-050-CLOSE-397 Pipe Fittings, Tee, 1/2 in, MNPT",CHARLOTTE PIPE NIP-050-CLOSE-397 PIPE FI,"CHARLOTTE PIPE® NIP-050-CLOSE-397 Pipe Fittings, Tee, 1/2 in, MNPT","CHARLOTTE PIPE® NIP-050-CLOSE-397 Pipe Fittings, Tee, 1/2 in, MNPT",,,,,,,,,,,,,,,,,,,,,,,,,,,,,Fitting Fitting/Connector Type,Tee,,Pipe Size,1/2,in,Connection Type,MNPT,,,,,,,,,,,,,,,,,,,,,,,,,,,,,,,,,,,,,,,,,,,,,,,,,,,,,,,,,,,,,,,,,,,,,,,,,,,,,,,,,,,,,,,,,,,,,,,,,,,,,,,,,,,,,,,,,,,,,,,,,,,,,,,,,,,,,,,,,,,,,,,,,,40172600,,,,,,,,,,,,,,,,,,,,,,,,,,,,,,,,,,,,,,,,,,,
,,,,,,,,,,,PDSH4816AF-398,PDSH4816AF Dishwasher SS - Display Only Item #398,,,,Appliance Dealers Cooperative (APPDE),Appliance Dealers Cooperative,FRIGIDAIRE®,,PDSH4816AF-398,,unclassified / needs manual mapping,FRIGIDAIRE® PDSH4816AF-398 Product,FRIGIDAIRE PDSH4816AF-398 PRODUCT,FRIGIDAIRE® PDSH4816AF-398 Product,FRIGIDAIRE® PDSH4816AF-398 Product,,,,,,,,,,,,,,,,,,,,,,,,,,,,,,,,,,,,,,,,,,,,,,,,,,,,,,,,,,,,,,,,,,,,,,,,,,,,,,,,,,,,,,,,,,,,,,,,,,,,,,,,,,,,,,,,,,,,,,,,,,,,,,,,,,,,,,,,,,,,,,,,,,,,,,,,,,,,,,,,,,,,,,,,,,,,,,,,,,,,,,,,,,,,,,,,,,,,,,,,,,,,,,,,,,,,,,,,,,,,,,,,,
,,,,,,,,,,,WDTS7024RZ-399,WDTS7024RZ Dishwasher SS - Display Only Item #399,,,,Appliance Dealers Cooperative (APPDE),Appliance Dealers Cooperative,FRIGIDAIRE®,,WDTS7024RZ-399,,unclassified / needs manual mapping,FRIGIDAIRE® WDTS7024RZ-399 Product,FRIGIDAIRE WDTS7024RZ-399 PRODUCT,FRIGIDAIRE® WDTS7024RZ-399 Product,FRIGIDAIRE® WDTS7024RZ-399 Product,,,,,,,,,,,,,,,,,,,,,,,,,,,,,,,,,,,,,,,,,,,,,,,,,,,,,,,,,,,,,,,,,,,,,,,,,,,,,,,,,,,,,,,,,,,,,,,,,,,,,,,,,,,,,,,,,,,,,,,,,,,,,,,,,,,,,,,,,,,,,,,,,,,,,,,,,,,,,,,,,,,,,,,,,,,,,,,,,,,,,,,,,,,,,,,,,,,,,,,,,,,,,,,,,,,,,,,,,,,,,,,,,
,,,,,,,,,,,DCB205C-400,Dewalt 20V Max 5.0Ah Starter Kit Item #400,,,,Black & Decker (2585),Black & Decker,DEWALT®,,DCB205C-400,,unclassified / needs manual mapping,DEWALT® DCB205C-400 Product,DEWALT DCB205C-400 PRODUCT,DEWALT® DCB205C-400 Product,DEWALT® DCB205C-400 Product,,,,,,,,,,,,,,,,,,,,,,,,,,,,,,,,,,,,,,,,,,,,,,,,,,,,,,,,,,,,,,,,,,,,,,,,,,,,,,,,,,,,,,,,,,,,,,,,,,,,,,,,,,,,,,,,,,,,,,,,,,,,,,,,,,,,,,,,,,,,,,,,,,,,,,,,,,,,,,,,,,,,,,,,,,,,,,,,,,,,,,,,,,,,,,,,,,,,,,,,,,,,,,,,,,,,,,,,,,,,,,,,,
,,,,,,,,,,,DCB518ASTS06G-401,"DCB518ASTS06G Diablo 1/2""x18"" - Sanding Belt 6pc Item #401",,,,Freud Inc (2435),Freud Inc,DIABLO®,,DCB518ASTS06G-401,,unclassified / needs manual mapping,DIABLO® DCB518ASTS06G-401 Product,DIABLO DCB518ASTS06G-401 PRODUCT,DIABLO® DCB518ASTS06G-401 Product,DIABLO® DCB518ASTS06G-401 Product,,,,,,,,,,,,,,,,,,,,,,,,,,,,,,,,,,,,,,,,,,,,,,,,,,,,,,,,,,,,,,,,,,,,,,,,,,,,,,,,,,,,,,,,,,,,,,,,,,,,,,,,,,,,,,,,,,,,,,,,,,,,,,,,,,,,,,,,,,,,,,,,,,,,,,,,,,,,,,,,,,,,,,,,,,,,,,,,,,,,,,,,,,,,,,,,,,,,,,,,,,,,,,,,,,,,,,,,,,,,,,,,,
,,,,,,,,,,,6702-000-402,Moen 6702-000 Genta Single Handle Bathroom Sink Faucet Chrome 1.2 gpm 4in Item #402,,,,Moen Incorporated (MOEN),Moen Incorporated,MOEN®,,6702-000-402,,Plumbing>Faucets>Bathroom Sink Faucets,"MOEN® 6702-000-402 Bathroom Sink Faucets, 2, 1.2 gpm, Chrome",MOEN 6702-000-402 BATHROOM SINK FAUCETS,"MOEN® 6702-000-402 Bathroom Sink Faucets, 2, 1.2 gpm, Chrome","MOEN® 6702-000-402 Bathroom Sink Faucets, 2, 1.2 gpm, Chrome",,,,,,,,,,,,,,,,,,,,,,,,,,,,,Number of Faucet Handles,2,,Flow Rate,1.2,gpm,Finish/Color,Chrome,,,,,,,,,,,,,,,,,,,,,,,,,,,,,,,,,,,,,,,,,,,,,,,,,,,,,,,,,,,,,,,,,,,,,,,,,,,,,,,,,,,,,,,,,,,,,,,,,,,,,,,,,,,,,,,,,,,,,,,,,,,,,,,,,,,,,,,,,,,,,,,,,,30181702,,,,,,,,,,,,,,,,,,,,,,,,,,,,,,,,,,,,,,,,,,,
,,,,,,,,,,,559HA-DST-403,Delta 559HA-DST Trinsic Single Handle Bathroom Sink Faucet Matte Black 1.2 gpm Item #403,,,,Delta Faucet Company (DELTA),Delta Faucet Company,DELTA®,,559HA-DST-403,,Plumbing>Faucets>Bathroom Sink Faucets,"DELTA® 559HA-DST-403 Bathroom Sink Faucets, 2, 1.2 gpm, Matte Black",DELTA 559HA-DST-403 BATHROOM SINK FAUCET,"DELTA® 559HA-DST-403 Bathroom Sink Faucets, 2, 1.2 gpm, Matte Black","DELTA® 559HA-DST-403 Bathroom Sink Faucets, 2, 1.2 gpm, Matte Black",,,,,,,,,,,,,,,,,,,,,,,,,,,,,Number of Faucet Handles,2,,Flow Rate,1.2,gpm,Finish/Color,Matte Black,,,,,,,,,,,,,,,,,,,,,,,,,,,,,,,,,,,,,,,,,,,,,,,,,,,,,,,,,,,,,,,,,,,,,,,,,,,,,,,,,,,,,,,,,,,,,,,,,,,,,,,,,,,,,,,,,,,,,,,,,,,,,,,,,,,,,,,,,,,,,,,,,,30181702,,,,,,,,,,,,,,,,,,,,,,,,,,,,,,,,,,,,,,,,,,,
,,,,,,,,,,,K-596-VS-404,Kohler K-596-VS Simplice Pull-Down Kitchen Faucet Vibrant Stainless 1.5 gpm Item #404,,,,Kohler Co. (KOHLER),Kohler Co.,KOHLER®,,K-596-VS-404,,Plumbing>Faucets>Utility Faucets,KOHLER® K-596-VS-404 Utility Faucets,KOHLER K-596-VS-404 UTILITY FAUCETS,KOHLER® K-596-VS-404 Utility Faucets,KOHLER® K-596-VS-404 Utility Faucets,,,,,,,,,,,,,,,,,,,,,,,,,,,,,,,,,,,,,,,,,,,,,,,,,,,,,,,,,,,,,,,,,,,,,,,,,,,,,,,,,,,,,,,,,,,,,,,,,,,,,,,,,,,,,,,,,,,,,,,,,,,,,,,,,,,,,,,,,,,,,,,,,,,,,,,,,,,,,,,,,,,,,,,,,,,,,,,,,,,,,,30181706,,,,,,,,,,,,,,,,,,,,,,,,,,,,,,,,,,,,,,,,,,,
,,,,,,,,,,,607-1/2-405,Nibco 607 1/2 1/2 in Copper Wrot Pressure 90 Deg Elbow Item #405,,,,Nibco Inc (NIBCO),Nibco Inc,NIBCO®,,607-1/2-405,,"Plumbing>Pipe, Tube & Hose Fittings>Pipe Fittings","NIBCO® 607-1/2-405 Pipe Fittings, Elbow, 1/2 in, Press, Copper",NIBCO 607-1/2-405 PIPE FITTINGS,"NIBCO® 607-1/2-405 Pipe Fittings, Elbow, 1/2 in, Press, Copper","NIBCO® 607-1/2-405 Pipe Fittings, Elbow, 1/2 in, Press, Copper",,,,,,,,,,,,,,,,,,,,,,,,,,,,,Fitting Fitting/Connector Type,Elbow,,Pipe Size,1/2,in,Connection Type,Press,,Fitting Material,Copper,,,,,,,,,,,,,,,,,,,,,,,,,,,,,,,,,,,,,,,,,,,,,,,,,,,,,,,,,,,,,,,,,,,,,,,,,,,,,,,,,,,,,,,,,,,,,,,,,,,,,,,,,,,,,,,,,,,,,,,,,,,,,,,,,,,,,,,,,,,,,,,40172600,,,,,,,,,,,,,,,,,,,,,,,,,,,,,,,,,,,,,,,,,,,
,,,,,,,,,,,U008LF-406,SharkBite U008LF 1/2 in Push-to-Connect Brass Coupling Item #406,,,,SharkBite Plumbing Solutions (SHARK),SharkBite Plumbing Solutions,SHARKBITE®,,U008LF-406,,"Plumbing>Pipe, Tube & Hose Fittings>Pipe Fittings","SHARKBITE® U008LF-406 Pipe Fittings, Coupling, 1/2 in, Push-to-Connect, Brass",SHARKBITE U008LF-406 PIPE FITTINGS,"SHARKBITE® U008LF-406 Pipe Fittings, Coupling, 1/2 in, Push-to-Connect, Brass","SHARKBITE® U008LF-406 Pipe Fittings, Coupling, 1/2 in, Push-to-Connect, Brass",,,,,,,,,,,,,,,,,,,,,,,,,,,,,Fitting Fitting/Connector Type,Coupling,,Pipe Size,1/2,in,Connection Type,Push-to-Connect,,Fitting Material,Brass,,,,,,,,,,,,,,,,,,,,,,,,,,,,,,,,,,,,,,,,,,,,,,,,,,,,,,,,,,,,,,,,,,,,,,,,,,,,,,,,,,,,,,,,,,,,,,,,,,,,,,,,,,,,,,,,,,,,,,,,,,,,,,,,,,,,,,,,,,,,,,,40172600,,,,,,,,,,,,,,,,,,,,,,,,,,,,,,,,,,,,,,,,,,,
,,,,,,,,,,,NIP-050-CLOSE-407,Charlotte Pipe 1/2 in x Close Black Steel Nipple MNPT Item #407,,,,Charlotte Pipe and Foundry (CHARL),Charlotte Pipe and Foundry,CHARLOTTE PIPE®,,NIP-050-CLOSE-407,,"Plumbing>Pipe, Tube & Hose Fittings>Pipe Fittings","CHARLOTTE PIPE® NIP-050-CLOSE-407 Pipe Fittings, Tee, 1/2 in, MNPT",CHARLOTTE PIPE NIP-050-CLOSE-407 PIPE FI,"CHARLOTTE PIPE® NIP-050-CLOSE-407 Pipe Fittings, Tee, 1/2 in, MNPT","CHARLOTTE PIPE® NIP-050-CLOSE-407 Pipe Fittings, Tee, 1/2 in, MNPT",,,,,,,,,,,,,,,,,,,,,,,,,,,,,Fitting Fitting/Connector Type,Tee,,Pipe Size,1/2,in,Connection Type,MNPT,,,,,,,,,,,,,,,,,,,,,,,,,,,,,,,,,,,,,,,,,,,,,,,,,,,,,,,,,,,,,,,,,,,,,,,,,,,,,,,,,,,,,,,,,,,,,,,,,,,,,,,,,,,,,,,,,,,,,,,,,,,,,,,,,,,,,,,,,,,,,,,,,,40172600,,,,,,,,,,,,,,,,,,,,,,,,,,,,,,,,,,,,,,,,,,,
,,,,,,,,,,,PDSH4816AF-408,PDSH4816AF Dishwasher SS - Display Only Item #408,,,,Appliance Dealers Cooperative (APPDE),Appliance Dealers Cooperative,FRIGIDAIRE®,,PDSH4816AF-408,,unclassified / needs manual mapping,FRIGIDAIRE® PDSH4816AF-408 Product,FRIGIDAIRE PDSH4816AF-408 PRODUCT,FRIGIDAIRE® PDSH4816AF-408 Product,FRIGIDAIRE® PDSH4816AF-408 Product,,,,,,,,,,,,,,,,,,,,,,,,,,,,,,,,,,,,,,,,,,,,,,,,,,,,,,,,,,,,,,,,,,,,,,,,,,,,,,,,,,,,,,,,,,,,,,,,,,,,,,,,,,,,,,,,,,,,,,,,,,,,,,,,,,,,,,,,,,,,,,,,,,,,,,,,,,,,,,,,,,,,,,,,,,,,,,,,,,,,,,,,,,,,,,,,,,,,,,,,,,,,,,,,,,,,,,,,,,,,,,,,,
,,,,,,,,,,,WDTS7024RZ-409,WDTS7024RZ Dishwasher SS - Display Only Item #409,,,,Appliance Dealers Cooperative (APPDE),Appliance Dealers Cooperative,FRIGIDAIRE®,,WDTS7024RZ-409,,unclassified / needs manual mapping,FRIGIDAIRE® WDTS7024RZ-409 Product,FRIGIDAIRE WDTS7024RZ-409 PRODUCT,FRIGIDAIRE® WDTS7024RZ-409 Product,FRIGIDAIRE® WDTS7024RZ-409 Product,,,,,,,,,,,,,,,,,,,,,,,,,,,,,,,,,,,,,,,,,,,,,,,,,,,,,,,,,,,,,,,,,,,,,,,,,,,,,,,,,,,,,,,,,,,,,,,,,,,,,,,,,,,,,,,,,,,,,,,,,,,,,,,,,,,,,,,,,,,,,,,,,,,,,,,,,,,,,,,,,,,,,,,,,,,,,,,,,,,,,,,,,,,,,,,,,,,,,,,,,,,,,,,,,,,,,,,,,,,,,,,,,
,,,,,,,,,,,DCB205C-410,Dewalt 20V Max 5.0Ah Starter Kit Item #410,,,,Black & Decker (2585),Black & Decker,DEWALT®,,DCB205C-410,,unclassified / needs manual mapping,DEWALT® DCB205C-410 Product,DEWALT DCB205C-410 PRODUCT,DEWALT® DCB205C-410 Product,DEWALT® DCB205C-410 Product,,,,,,,,,,,,,,,,,,,,,,,,,,,,,,,,,,,,,,,,,,,,,,,,,,,,,,,,,,,,,,,,,,,,,,,,,,,,,,,,,,,,,,,,,,,,,,,,,,,,,,,,,,,,,,,,,,,,,,,,,,,,,,,,,,,,,,,,,,,,,,,,,,,,,,,,,,,,,,,,,,,,,,,,,,,,,,,,,,,,,,,,,,,,,,,,,,,,,,,,,,,,,,,,,,,,,,,,,,,,,,,,,
,,,,,,,,,,,DCB518ASTS06G-411,"DCB518ASTS06G Diablo 1/2""x18"" - Sanding Belt 6pc Item #411",,,,Freud Inc (2435),Freud Inc,DIABLO®,,DCB518ASTS06G-411,,unclassified / needs manual mapping,DIABLO® DCB518ASTS06G-411 Product,DIABLO DCB518ASTS06G-411 PRODUCT,DIABLO® DCB518ASTS06G-411 Product,DIABLO® DCB518ASTS06G-411 Product,,,,,,,,,,,,,,,,,,,,,,,,,,,,,,,,,,,,,,,,,,,,,,,,,,,,,,,,,,,,,,,,,,,,,,,,,,,,,,,,,,,,,,,,,,,,,,,,,,,,,,,,,,,,,,,,,,,,,,,,,,,,,,,,,,,,,,,,,,,,,,,,,,,,,,,,,,,,,,,,,,,,,,,,,,,,,,,,,,,,,,,,,,,,,,,,,,,,,,,,,,,,,,,,,,,,,,,,,,,,,,,,,
,,,,,,,,,,,6702-000-412,Moen 6702-000 Genta Single Handle Bathroom Sink Faucet Chrome 1.2 gpm 4in Item #412,,,,Moen Incorporated (MOEN),Moen Incorporated,MOEN®,,6702-000-412,,Plumbing>Faucets>Bathroom Sink Faucets,"MOEN® 6702-000-412 Bathroom Sink Faucets, 2, 1.2 gpm, Chrome",MOEN 6702-000-412 BATHROOM SINK FAUCETS,"MOEN® 6702-000-412 Bathroom Sink Faucets, 2, 1.2 gpm, Chrome","MOEN® 6702-000-412 Bathroom Sink Faucets, 2, 1.2 gpm, Chrome",,,,,,,,,,,,,,,,,,,,,,,,,,,,,Number of Faucet Handles,2,,Flow Rate,1.2,gpm,Finish/Color,Chrome,,,,,,,,,,,,,,,,,,,,,,,,,,,,,,,,,,,,,,,,,,,,,,,,,,,,,,,,,,,,,,,,,,,,,,,,,,,,,,,,,,,,,,,,,,,,,,,,,,,,,,,,,,,,,,,,,,,,,,,,,,,,,,,,,,,,,,,,,,,,,,,,,,30181702,,,,,,,,,,,,,,,,,,,,,,,,,,,,,,,,,,,,,,,,,,,
,,,,,,,,,,,559HA-DST-413,Delta 559HA-DST Trinsic Single Handle Bathroom Sink Faucet Matte Black 1.2 gpm Item #413,,,,Delta Faucet Company (DELTA),Delta Faucet Company,DELTA®,,559HA-DST-413,,Plumbing>Faucets>Bathroom Sink Faucets,"DELTA® 559HA-DST-413 Bathroom Sink Faucets, 2, 1.2 gpm, Matte Black",DELTA 559HA-DST-413 BATHROOM SINK FAUCET,"DELTA® 559HA-DST-413 Bathroom Sink Faucets, 2, 1.2 gpm, Matte Black","DELTA® 559HA-DST-413 Bathroom Sink Faucets, 2, 1.2 gpm, Matte Black",,,,,,,,,,,,,,,,,,,,,,,,,,,,,Number of Faucet Handles,2,,Flow Rate,1.2,gpm,Finish/Color,Matte Black,,,,,,,,,,,,,,,,,,,,,,,,,,,,,,,,,,,,,,,,,,,,,,,,,,,,,,,,,,,,,,,,,,,,,,,,,,,,,,,,,,,,,,,,,,,,,,,,,,,,,,,,,,,,,,,,,,,,,,,,,,,,,,,,,,,,,,,,,,,,,,,,,,30181702,,,,,,,,,,,,,,,,,,,,,,,,,,,,,,,,,,,,,,,,,,,
,,,,,,,,,,,K-596-VS-414,Kohler K-596-VS Simplice Pull-Down Kitchen Faucet Vibrant Stainless 1.5 gpm Item #414,,,,Kohler Co. (KOHLER),Kohler Co.,KOHLER®,,K-596-VS-414,,Plumbing>Faucets>Utility Faucets,KOHLER® K-596-VS-414 Utility Faucets,KOHLER K-596-VS-414 UTILITY FAUCETS,KOHLER® K-596-VS-414 Utility Faucets,KOHLER® K-596-VS-414 Utility Faucets,,,,,,,,,,,,,,,,,,,,,,,,,,,,,,,,,,,,,,,,,,,,,,,,,,,,,,,,,,,,,,,,,,,,,,,,,,,,,,,,,,,,,,,,,,,,,,,,,,,,,,,,,,,,,,,,,,,,,,,,,,,,,,,,,,,,,,,,,,,,,,,,,,,,,,,,,,,,,,,,,,,,,,,,,,,,,,,,,,,,,,30181706,,,,,,,,,,,,,,,,,,,,,,,,,,,,,,,,,,,,,,,,,,,
,,,,,,,,,,,607-1/2-415,Nibco 607 1/2 1/2 in Copper Wrot Pressure 90 Deg Elbow Item #415,,,,Nibco Inc (NIBCO),Nibco Inc,NIBCO®,,607-1/2-415,,"Plumbing>Pipe, Tube & Hose Fittings>Pipe Fittings","NIBCO® 607-1/2-415 Pipe Fittings, Elbow, 1/2 in, Press, Copper",NIBCO 607-1/2-415 PIPE FITTINGS,"NIBCO® 607-1/2-415 Pipe Fittings, Elbow, 1/2 in, Press, Copper","NIBCO® 607-1/2-415 Pipe Fittings, Elbow, 1/2 in, Press, Copper",,,,,,,,,,,,,,,,,,,,,,,,,,,,,Fitting Fitting/Connector Type,Elbow,,Pipe Size,1/2,in,Connection Type,Press,,Fitting Material,Copper,,,,,,,,,,,,,,,,,,,,,,,,,,,,,,,,,,,,,,,,,,,,,,,,,,,,,,,,,,,,,,,,,,,,,,,,,,,,,,,,,,,,,,,,,,,,,,,,,,,,,,,,,,,,,,,,,,,,,,,,,,,,,,,,,,,,,,,,,,,,,,,40172600,,,,,,,,,,,,,,,,,,,,,,,,,,,,,,,,,,,,,,,,,,,
,,,,,,,,,,,U008LF-416,SharkBite U008LF 1/2 in Push-to-Connect Brass Coupling Item #416,,,,SharkBite Plumbing Solutions (SHARK),SharkBite Plumbing Solutions,SHARKBITE®,,U008LF-416,,"Plumbing>Pipe, Tube & Hose Fittings>Pipe Fittings","SHARKBITE® U008LF-416 Pipe Fittings, Coupling, 1/2 in, Push-to-Connect, Brass",SHARKBITE U008LF-416 PIPE FITTINGS,"SHARKBITE® U008LF-416 Pipe Fittings, Coupling, 1/2 in, Push-to-Connect, Brass","SHARKBITE® U008LF-416 Pipe Fittings, Coupling, 1/2 in, Push-to-Connect, Brass",,,,,,,,,,,,,,,,,,,,,,,,,,,,,Fitting Fitting/Connector Type,Coupling,,Pipe Size,1/2,in,Connection Type,Push-to-Connect,,Fitting Material,Brass,,,,,,,,,,,,,,,,,,,,,,,,,,,,,,,,,,,,,,,,,,,,,,,,,,,,,,,,,,,,,,,,,,,,,,,,,,,,,,,,,,,,,,,,,,,,,,,,,,,,,,,,,,,,,,,,,,,,,,,,,,,,,,,,,,,,,,,,,,,,,,,40172600,,,,,,,,,,,,,,,,,,,,,,,,,,,,,,,,,,,,,,,,,,,
,,,,,,,,,,,NIP-050-CLOSE-417,Charlotte Pipe 1/2 in x Close Black Steel Nipple MNPT Item #417,,,,Charlotte Pipe and Foundry (CHARL),Charlotte Pipe and Foundry,CHARLOTTE PIPE®,,NIP-050-CLOSE-417,,"Plumbing>Pipe, Tube & Hose Fittings>Pipe Fittings","CHARLOTTE PIPE® NIP-050-CLOSE-417 Pipe Fittings, Tee, 1/2 in, MNPT",CHARLOTTE PIPE NIP-050-CLOSE-417 PIPE FI,"CHARLOTTE PIPE® NIP-050-CLOSE-417 Pipe Fittings, Tee, 1/2 in, MNPT","CHARLOTTE PIPE® NIP-050-CLOSE-417 Pipe Fittings, Tee, 1/2 in, MNPT",,,,,,,,,,,,,,,,,,,,,,,,,,,,,Fitting Fitting/Connector Type,Tee,,Pipe Size,1/2,in,Connection Type,MNPT,,,,,,,,,,,,,,,,,,,,,,,,,,,,,,,,,,,,,,,,,,,,,,,,,,,,,,,,,,,,,,,,,,,,,,,,,,,,,,,,,,,,,,,,,,,,,,,,,,,,,,,,,,,,,,,,,,,,,,,,,,,,,,,,,,,,,,,,,,,,,,,,,,40172600,,,,,,,,,,,,,,,,,,,,,,,,,,,,,,,,,,,,,,,,,,,
,,,,,,,,,,,PDSH4816AF-418,PDSH4816AF Dishwasher SS - Display Only Item #418,,,,Appliance Dealers Cooperative (APPDE),Appliance Dealers Cooperative,FRIGIDAIRE®,,PDSH4816AF-418,,unclassified / needs manual mapping,FRIGIDAIRE® PDSH4816AF-418 Product,FRIGIDAIRE PDSH4816AF-418 PRODUCT,FRIGIDAIRE® PDSH4816AF-418 Product,FRIGIDAIRE® PDSH4816AF-418 Product,,,,,,,,,,,,,,,,,,,,,,,,,,,,,,,,,,,,,,,,,,,,,,,,,,,,,,,,,,,,,,,,,,,,,,,,,,,,,,,,,,,,,,,,,,,,,,,,,,,,,,,,,,,,,,,,,,,,,,,,,,,,,,,,,,,,,,,,,,,,,,,,,,,,,,,,,,,,,,,,,,,,,,,,,,,,,,,,,,,,,,,,,,,,,,,,,,,,,,,,,,,,,,,,,,,,,,,,,,,,,,,,,
,,,,,,,,,,,WDTS7024RZ-419,WDTS7024RZ Dishwasher SS - Display Only Item #419,,,,Appliance Dealers Cooperative (APPDE),Appliance Dealers Cooperative,FRIGIDAIRE®,,WDTS7024RZ-419,,unclassified / needs manual mapping,FRIGIDAIRE® WDTS7024RZ-419 Product,FRIGIDAIRE WDTS7024RZ-419 PRODUCT,FRIGIDAIRE® WDTS7024RZ-419 Product,FRIGIDAIRE® WDTS7024RZ-419 Product,,,,,,,,,,,,,,,,,,,,,,,,,,,,,,,,,,,,,,,,,,,,,,,,,,,,,,,,,,,,,,,,,,,,,,,,,,,,,,,,,,,,,,,,,,,,,,,,,,,,,,,,,,,,,,,,,,,,,,,,,,,,,,,,,,,,,,,,,,,,,,,,,,,,,,,,,,,,,,,,,,,,,,,,,,,,,,,,,,,,,,,,,,,,,,,,,,,,,,,,,,,,,,,,,,,,,,,,,,,,,,,,,
,,,,,,,,,,,DCB205C-420,Dewalt 20V Max 5.0Ah Starter Kit Item #420,,,,Black & Decker (2585),Black & Decker,DEWALT®,,DCB205C-420,,unclassified / needs manual mapping,DEWALT® DCB205C-420 Product,DEWALT DCB205C-420 PRODUCT,DEWALT® DCB205C-420 Product,DEWALT® DCB205C-420 Product,,,,,,,,,,,,,,,,,,,,,,,,,,,,,,,,,,,,,,,,,,,,,,,,,,,,,,,,,,,,,,,,,,,,,,,,,,,,,,,,,,,,,,,,,,,,,,,,,,,,,,,,,,,,,,,,,,,,,,,,,,,,,,,,,,,,,,,,,,,,,,,,,,,,,,,,,,,,,,,,,,,,,,,,,,,,,,,,,,,,,,,,,,,,,,,,,,,,,,,,,,,,,,,,,,,,,,,,,,,,,,,,,
,,,,,,,,,,,DCB518ASTS06G-421,"DCB518ASTS06G Diablo 1/2""x18"" - Sanding Belt 6pc Item #421",,,,Freud Inc (2435),Freud Inc,DIABLO®,,DCB518ASTS06G-421,,unclassified / needs manual mapping,DIABLO® DCB518ASTS06G-421 Product,DIABLO DCB518ASTS06G-421 PRODUCT,DIABLO® DCB518ASTS06G-421 Product,DIABLO® DCB518ASTS06G-421 Product,,,,,,,,,,,,,,,,,,,,,,,,,,,,,,,,,,,,,,,,,,,,,,,,,,,,,,,,,,,,,,,,,,,,,,,,,,,,,,,,,,,,,,,,,,,,,,,,,,,,,,,,,,,,,,,,,,,,,,,,,,,,,,,,,,,,,,,,,,,,,,,,,,,,,,,,,,,,,,,,,,,,,,,,,,,,,,,,,,,,,,,,,,,,,,,,,,,,,,,,,,,,,,,,,,,,,,,,,,,,,,,,,
,,,,,,,,,,,6702-000-422,Moen 6702-000 Genta Single Handle Bathroom Sink Faucet Chrome 1.2 gpm 4in Item #422,,,,Moen Incorporated (MOEN),Moen Incorporated,MOEN®,,6702-000-422,,Plumbing>Faucets>Bathroom Sink Faucets,"MOEN® 6702-000-422 Bathroom Sink Faucets, 2, 1.2 gpm, Chrome",MOEN 6702-000-422 BATHROOM SINK FAUCETS,"MOEN® 6702-000-422 Bathroom Sink Faucets, 2, 1.2 gpm, Chrome","MOEN® 6702-000-422 Bathroom Sink Faucets, 2, 1.2 gpm, Chrome",,,,,,,,,,,,,,,,,,,,,,,,,,,,,Number of Faucet Handles,2,,Flow Rate,1.2,gpm,Finish/Color,Chrome,,,,,,,,,,,,,,,,,,,,,,,,,,,,,,,,,,,,,,,,,,,,,,,,,,,,,,,,,,,,,,,,,,,,,,,,,,,,,,,,,,,,,,,,,,,,,,,,,,,,,,,,,,,,,,,,,,,,,,,,,,,,,,,,,,,,,,,,,,,,,,,,,,30181702,,,,,,,,,,,,,,,,,,,,,,,,,,,,,,,,,,,,,,,,,,,
,,,,,,,,,,,559HA-DST-423,Delta 559HA-DST Trinsic Single Handle Bathroom Sink Faucet Matte Black 1.2 gpm Item #423,,,,Delta Faucet Company (DELTA),Delta Faucet Company,DELTA®,,559HA-DST-423,,Plumbing>Faucets>Bathroom Sink Faucets,"DELTA® 559HA-DST-423 Bathroom Sink Faucets, 2, 1.2 gpm, Matte Black",DELTA 559HA-DST-423 BATHROOM SINK FAUCET,"DELTA® 559HA-DST-423 Bathroom Sink Faucets, 2, 1.2 gpm, Matte Black","DELTA® 559HA-DST-423 Bathroom Sink Faucets, 2, 1.2 gpm, Matte Black",,,,,,,,,,,,,,,,,,,,,,,,,,,,,Number of Faucet Handles,2,,Flow Rate,1.2,gpm,Finish/Color,Matte Black,,,,,,,,,,,,,,,,,,,,,,,,,,,,,,,,,,,,,,,,,,,,,,,,,,,,,,,,,,,,,,,,,,,,,,,,,,,,,,,,,,,,,,,,,,,,,,,,,,,,,,,,,,,,,,,,,,,,,,,,,,,,,,,,,,,,,,,,,,,,,,,,,,30181702,,,,,,,,,,,,,,,,,,,,,,,,,,,,,,,,,,,,,,,,,,,
,,,,,,,,,,,K-596-VS-424,Kohler K-596-VS Simplice Pull-Down Kitchen Faucet Vibrant Stainless 1.5 gpm Item #424,,,,Kohler Co. (KOHLER),Kohler Co.,KOHLER®,,K-596-VS-424,,Plumbing>Faucets>Utility Faucets,KOHLER® K-596-VS-424 Utility Faucets,KOHLER K-596-VS-424 UTILITY FAUCETS,KOHLER® K-596-VS-424 Utility Faucets,KOHLER® K-596-VS-424 Utility Faucets,,,,,,,,,,,,,,,,,,,,,,,,,,,,,,,,,,,,,,,,,,,,,,,,,,,,,,,,,,,,,,,,,,,,,,,,,,,,,,,,,,,,,,,,,,,,,,,,,,,,,,,,,,,,,,,,,,,,,,,,,,,,,,,,,,,,,,,,,,,,,,,,,,,,,,,,,,,,,,,,,,,,,,,,,,,,,,,,,,,,,,30181706,,,,,,,,,,,,,,,,,,,,,,,,,,,,,,,,,,,,,,,,,,,
,,,,,,,,,,,607-1/2-425,Nibco 607 1/2 1/2 in Copper Wrot Pressure 90 Deg Elbow Item #425,,,,Nibco Inc (NIBCO),Nibco Inc,NIBCO®,,607-1/2-425,,"Plumbing>Pipe, Tube & Hose Fittings>Pipe Fittings","NIBCO® 607-1/2-425 Pipe Fittings, Elbow, 1/2 in, Press, Copper",NIBCO 607-1/2-425 PIPE FITTINGS,"NIBCO® 607-1/2-425 Pipe Fittings, Elbow, 1/2 in, Press, Copper","NIBCO® 607-1/2-425 Pipe Fittings, Elbow, 1/2 in, Press, Copper",,,,,,,,,,,,,,,,,,,,,,,,,,,,,Fitting Fitting/Connector Type,Elbow,,Pipe Size,1/2,in,Connection Type,Press,,Fitting Material,Copper,,,,,,,,,,,,,,,,,,,,,,,,,,,,,,,,,,,,,,,,,,,,,,,,,,,,,,,,,,,,,,,,,,,,,,,,,,,,,,,,,,,,,,,,,,,,,,,,,,,,,,,,,,,,,,,,,,,,,,,,,,,,,,,,,,,,,,,,,,,,,,,40172600,,,,,,,,,,,,,,,,,,,,,,,,,,,,,,,,,,,,,,,,,,,
,,,,,,,,,,,U008LF-426,SharkBite U008LF 1/2 in Push-to-Connect Brass Coupling Item #426,,,,SharkBite Plumbing Solutions (SHARK),SharkBite Plumbing Solutions,SHARKBITE®,,U008LF-426,,"Plumbing>Pipe, Tube & Hose Fittings>Pipe Fittings","SHARKBITE® U008LF-426 Pipe Fittings, Coupling, 1/2 in, Push-to-Connect, Brass",SHARKBITE U008LF-426 PIPE FITTINGS,"SHARKBITE® U008LF-426 Pipe Fittings, Coupling, 1/2 in, Push-to-Connect, Brass","SHARKBITE® U008LF-426 Pipe Fittings, Coupling, 1/2 in, Push-to-Connect, Brass",,,,,,,,,,,,,,,,,,,,,,,,,,,,,Fitting Fitting/Connector Type,Coupling,,Pipe Size,1/2,in,Connection Type,Push-to-Connect,,Fitting Material,Brass,,,,,,,,,,,,,,,,,,,,,,,,,,,,,,,,,,,,,,,,,,,,,,,,,,,,,,,,,,,,,,,,,,,,,,,,,,,,,,,,,,,,,,,,,,,,,,,,,,,,,,,,,,,,,,,,,,,,,,,,,,,,,,,,,,,,,,,,,,,,,,,40172600,,,,,,,,,,,,,,,,,,,,,,,,,,,,,,,,,,,,,,,,,,,
,,,,,,,,,,,NIP-050-CLOSE-427,Charlotte Pipe 1/2 in x Close Black Steel Nipple MNPT Item #427,,,,Charlotte Pipe and Foundry (CHARL),Charlotte Pipe and Foundry,CHARLOTTE PIPE®,,NIP-050-CLOSE-427,,"Plumbing>Pipe, Tube & Hose Fittings>Pipe Fittings","CHARLOTTE PIPE® NIP-050-CLOSE-427 Pipe Fittings, Tee, 1/2 in, MNPT",CHARLOTTE PIPE NIP-050-CLOSE-427 PIPE FI,"CHARLOTTE PIPE® NIP-050-CLOSE-427 Pipe Fittings, Tee, 1/2 in, MNPT","CHARLOTTE PIPE® NIP-050-CLOSE-427 Pipe Fittings, Tee, 1/2 in, MNPT",,,,,,,,,,,,,,,,,,,,,,,,,,,,,Fitting Fitting/Connector Type,Tee,,Pipe Size,1/2,in,Connection Type,MNPT,,,,,,,,,,,,,,,,,,,,,,,,,,,,,,,,,,,,,,,,,,,,,,,,,,,,,,,,,,,,,,,,,,,,,,,,,,,,,,,,,,,,,,,,,,,,,,,,,,,,,,,,,,,,,,,,,,,,,,,,,,,,,,,,,,,,,,,,,,,,,,,,,,40172600,,,,,,,,,,,,,,,,,,,,,,,,,,,,,,,,,,,,,,,,,,,
,,,,,,,,,,,PDSH4816AF-428,PDSH4816AF Dishwasher SS - Display Only Item #428,,,,Appliance Dealers Cooperative (APPDE),Appliance Dealers Cooperative,FRIGIDAIRE®,,PDSH4816AF-428,,unclassified / needs manual mapping,FRIGIDAIRE® PDSH4816AF-428 Product,FRIGIDAIRE PDSH4816AF-428 PRODUCT,FRIGIDAIRE® PDSH4816AF-428 Product,FRIGIDAIRE® PDSH4816AF-428 Product,,,,,,,,,,,,,,,,,,,,,,,,,,,,,,,,,,,,,,,,,,,,,,,,,,,,,,,,,,,,,,,,,,,,,,,,,,,,,,,,,,,,,,,,,,,,,,,,,,,,,,,,,,,,,,,,,,,,,,,,,,,,,,,,,,,,,,,,,,,,,,,,,,,,,,,,,,,,,,,,,,,,,,,,,,,,,,,,,,,,,,,,,,,,,,,,,,,,,,,,,,,,,,,,,,,,,,,,,,,,,,,,,
,,,,,,,,,,,WDTS7024RZ-429,WDTS7024RZ Dishwasher SS - Display Only Item #429,,,,Appliance Dealers Cooperative (APPDE),Appliance Dealers Cooperative,FRIGIDAIRE®,,WDTS7024RZ-429,,unclassified / needs manual mapping,FRIGIDAIRE® WDTS7024RZ-429 Product,FRIGIDAIRE WDTS7024RZ-429 PRODUCT,FRIGIDAIRE® WDTS7024RZ-429 Product,FRIGIDAIRE® WDTS7024RZ-429 Product,,,,,,,,,,,,,,,,,,,,,,,,,,,,,,,,,,,,,,,,,,,,,,,,,,,,,,,,,,,,,,,,,,,,,,,,,,,,,,,,,,,,,,,,,,,,,,,,,,,,,,,,,,,,,,,,,,,,,,,,,,,,,,,,,,,,,,,,,,,,,,,,,,,,,,,,,,,,,,,,,,,,,,,,,,,,,,,,,,,,,,,,,,,,,,,,,,,,,,,,,,,,,,,,,,,,,,,,,,,,,,,,,
,,,,,,,,,,,DCB205C-430,Dewalt 20V Max 5.0Ah Starter Kit Item #430,,,,Black & Decker (2585),Black & Decker,DEWALT®,,DCB205C-430,,unclassified / needs manual mapping,DEWALT® DCB205C-430 Product,DEWALT DCB205C-430 PRODUCT,DEWALT® DCB205C-430 Product,DEWALT® DCB205C-430 Product,,,,,,,,,,,,,,,,,,,,,,,,,,,,,,,,,,,,,,,,,,,,,,,,,,,,,,,,,,,,,,,,,,,,,,,,,,,,,,,,,,,,,,,,,,,,,,,,,,,,,,,,,,,,,,,,,,,,,,,,,,,,,,,,,,,,,,,,,,,,,,,,,,,,,,,,,,,,,,,,,,,,,,,,,,,,,,,,,,,,,,,,,,,,,,,,,,,,,,,,,,,,,,,,,,,,,,,,,,,,,,,,,
,,,,,,,,,,,DCB518ASTS06G-431,"DCB518ASTS06G Diablo 1/2""x18"" - Sanding Belt 6pc Item #431",,,,Freud Inc (2435),Freud Inc,DIABLO®,,DCB518ASTS06G-431,,unclassified / needs manual mapping,DIABLO® DCB518ASTS06G-431 Product,DIABLO DCB518ASTS06G-431 PRODUCT,DIABLO® DCB518ASTS06G-431 Product,DIABLO® DCB518ASTS06G-431 Product,,,,,,,,,,,,,,,,,,,,,,,,,,,,,,,,,,,,,,,,,,,,,,,,,,,,,,,,,,,,,,,,,,,,,,,,,,,,,,,,,,,,,,,,,,,,,,,,,,,,,,,,,,,,,,,,,,,,,,,,,,,,,,,,,,,,,,,,,,,,,,,,,,,,,,,,,,,,,,,,,,,,,,,,,,,,,,,,,,,,,,,,,,,,,,,,,,,,,,,,,,,,,,,,,,,,,,,,,,,,,,,,,
,,,,,,,,,,,6702-000-432,Moen 6702-000 Genta Single Handle Bathroom Sink Faucet Chrome 1.2 gpm 4in Item #432,,,,Moen Incorporated (MOEN),Moen Incorporated,MOEN®,,6702-000-432,,Plumbing>Faucets>Bathroom Sink Faucets,"MOEN® 6702-000-432 Bathroom Sink Faucets, 2, 1.2 gpm, Chrome",MOEN 6702-000-432 BATHROOM SINK FAUCETS,"MOEN® 6702-000-432 Bathroom Sink Faucets, 2, 1.2 gpm, Chrome","MOEN® 6702-000-432 Bathroom Sink Faucets, 2, 1.2 gpm, Chrome",,,,,,,,,,,,,,,,,,,,,,,,,,,,,Number of Faucet Handles,2,,Flow Rate,1.2,gpm,Finish/Color,Chrome,,,,,,,,,,,,,,,,,,,,,,,,,,,,,,,,,,,,,,,,,,,,,,,,,,,,,,,,,,,,,,,,,,,,,,,,,,,,,,,,,,,,,,,,,,,,,,,,,,,,,,,,,,,,,,,,,,,,,,,,,,,,,,,,,,,,,,,,,,,,,,,,,,30181702,,,,,,,,,,,,,,,,,,,,,,,,,,,,,,,,,,,,,,,,,,,
,,,,,,,,,,,559HA-DST-433,Delta 559HA-DST Trinsic Single Handle Bathroom Sink Faucet Matte Black 1.2 gpm Item #433,,,,Delta Faucet Company (DELTA),Delta Faucet Company,DELTA®,,559HA-DST-433,,Plumbing>Faucets>Bathroom Sink Faucets,"DELTA® 559HA-DST-433 Bathroom Sink Faucets, 2, 1.2 gpm, Matte Black",DELTA 559HA-DST-433 BATHROOM SINK FAUCET,"DELTA® 559HA-DST-433 Bathroom Sink Faucets, 2, 1.2 gpm, Matte Black","DELTA® 559HA-DST-433 Bathroom Sink Faucets, 2, 1.2 gpm, Matte Black",,,,,,,,,,,,,,,,,,,,,,,,,,,,,Number of Faucet Handles,2,,Flow Rate,1.2,gpm,Finish/Color,Matte Black,,,,,,,,,,,,,,,,,,,,,,,,,,,,,,,,,,,,,,,,,,,,,,,,,,,,,,,,,,,,,,,,,,,,,,,,,,,,,,,,,,,,,,,,,,,,,,,,,,,,,,,,,,,,,,,,,,,,,,,,,,,,,,,,,,,,,,,,,,,,,,,,,,30181702,,,,,,,,,,,,,,,,,,,,,,,,,,,,,,,,,,,,,,,,,,,
,,,,,,,,,,,K-596-VS-434,Kohler K-596-VS Simplice Pull-Down Kitchen Faucet Vibrant Stainless 1.5 gpm Item #434,,,,Kohler Co. (KOHLER),Kohler Co.,KOHLER®,,K-596-VS-434,,Plumbing>Faucets>Utility Faucets,KOHLER® K-596-VS-434 Utility Faucets,KOHLER K-596-VS-434 UTILITY FAUCETS,KOHLER® K-596-VS-434 Utility Faucets,KOHLER® K-596-VS-434 Utility Faucets,,,,,,,,,,,,,,,,,,,,,,,,,,,,,,,,,,,,,,,,,,,,,,,,,,,,,,,,,,,,,,,,,,,,,,,,,,,,,,,,,,,,,,,,,,,,,,,,,,,,,,,,,,,,,,,,,,,,,,,,,,,,,,,,,,,,,,,,,,,,,,,,,,,,,,,,,,,,,,,,,,,,,,,,,,,,,,,,,,,,,,30181706,,,,,,,,,,,,,,,,,,,,,,,,,,,,,,,,,,,,,,,,,,,
,,,,,,,,,,,607-1/2-435,Nibco 607 1/2 1/2 in Copper Wrot Pressure 90 Deg Elbow Item #435,,,,Nibco Inc (NIBCO),Nibco Inc,NIBCO®,,607-1/2-435,,"Plumbing>Pipe, Tube & Hose Fittings>Pipe Fittings","NIBCO® 607-1/2-435 Pipe Fittings, Elbow, 1/2 in, Press, Copper",NIBCO 607-1/2-435 PIPE FITTINGS,"NIBCO® 607-1/2-435 Pipe Fittings, Elbow, 1/2 in, Press, Copper","NIBCO® 607-1/2-435 Pipe Fittings, Elbow, 1/2 in, Press, Copper",,,,,,,,,,,,,,,,,,,,,,,,,,,,,Fitting Fitting/Connector Type,Elbow,,Pipe Size,1/2,in,Connection Type,Press,,Fitting Material,Copper,,,,,,,,,,,,,,,,,,,,,,,,,,,,,,,,,,,,,,,,,,,,,,,,,,,,,,,,,,,,,,,,,,,,,,,,,,,,,,,,,,,,,,,,,,,,,,,,,,,,,,,,,,,,,,,,,,,,,,,,,,,,,,,,,,,,,,,,,,,,,,,40172600,,,,,,,,,,,,,,,,,,,,,,,,,,,,,,,,,,,,,,,,,,,
,,,,,,,,,,,U008LF-436,SharkBite U008LF 1/2 in Push-to-Connect Brass Coupling Item #436,,,,SharkBite Plumbing Solutions (SHARK),SharkBite Plumbing Solutions,SHARKBITE®,,U008LF-436,,"Plumbing>Pipe, Tube & Hose Fittings>Pipe Fittings","SHARKBITE® U008LF-436 Pipe Fittings, Coupling, 1/2 in, Push-to-Connect, Brass",SHARKBITE U008LF-436 PIPE FITTINGS,"SHARKBITE® U008LF-436 Pipe Fittings, Coupling, 1/2 in, Push-to-Connect, Brass","SHARKBITE® U008LF-436 Pipe Fittings, Coupling, 1/2 in, Push-to-Connect, Brass",,,,,,,,,,,,,,,,,,,,,,,,,,,,,Fitting Fitting/Connector Type,Coupling,,Pipe Size,1/2,in,Connection Type,Push-to-Connect,,Fitting Material,Brass,,,,,,,,,,,,,,,,,,,,,,,,,,,,,,,,,,,,,,,,,,,,,,,,,,,,,,,,,,,,,,,,,,,,,,,,,,,,,,,,,,,,,,,,,,,,,,,,,,,,,,,,,,,,,,,,,,,,,,,,,,,,,,,,,,,,,,,,,,,,,,,40172600,,,,,,,,,,,,,,,,,,,,,,,,,,,,,,,,,,,,,,,,,,,
,,,,,,,,,,,NIP-050-CLOSE-437,Charlotte Pipe 1/2 in x Close Black Steel Nipple MNPT Item #437,,,,Charlotte Pipe and Foundry (CHARL),Charlotte Pipe and Foundry,CHARLOTTE PIPE®,,NIP-050-CLOSE-437,,"Plumbing>Pipe, Tube & Hose Fittings>Pipe Fittings","CHARLOTTE PIPE® NIP-050-CLOSE-437 Pipe Fittings, Tee, 1/2 in, MNPT",CHARLOTTE PIPE NIP-050-CLOSE-437 PIPE FI,"CHARLOTTE PIPE® NIP-050-CLOSE-437 Pipe Fittings, Tee, 1/2 in, MNPT","CHARLOTTE PIPE® NIP-050-CLOSE-437 Pipe Fittings, Tee, 1/2 in, MNPT",,,,,,,,,,,,,,,,,,,,,,,,,,,,,Fitting Fitting/Connector Type,Tee,,Pipe Size,1/2,in,Connection Type,MNPT,,,,,,,,,,,,,,,,,,,,,,,,,,,,,,,,,,,,,,,,,,,,,,,,,,,,,,,,,,,,,,,,,,,,,,,,,,,,,,,,,,,,,,,,,,,,,,,,,,,,,,,,,,,,,,,,,,,,,,,,,,,,,,,,,,,,,,,,,,,,,,,,,,40172600,,,,,,,,,,,,,,,,,,,,,,,,,,,,,,,,,,,,,,,,,,,
,,,,,,,,,,,PDSH4816AF-438,PDSH4816AF Dishwasher SS - Display Only Item #438,,,,Appliance Dealers Cooperative (APPDE),Appliance Dealers Cooperative,FRIGIDAIRE®,,PDSH4816AF-438,,unclassified / needs manual mapping,FRIGIDAIRE® PDSH4816AF-438 Product,FRIGIDAIRE PDSH4816AF-438 PRODUCT,FRIGIDAIRE® PDSH4816AF-438 Product,FRIGIDAIRE® PDSH4816AF-438 Product,,,,,,,,,,,,,,,,,,,,,,,,,,,,,,,,,,,,,,,,,,,,,,,,,,,,,,,,,,,,,,,,,,,,,,,,,,,,,,,,,,,,,,,,,,,,,,,,,,,,,,,,,,,,,,,,,,,,,,,,,,,,,,,,,,,,,,,,,,,,,,,,,,,,,,,,,,,,,,,,,,,,,,,,,,,,,,,,,,,,,,,,,,,,,,,,,,,,,,,,,,,,,,,,,,,,,,,,,,,,,,,,,
,,,,,,,,,,,WDTS7024RZ-439,WDTS7024RZ Dishwasher SS - Display Only Item #439,,,,Appliance Dealers Cooperative (APPDE),Appliance Dealers Cooperative,FRIGIDAIRE®,,WDTS7024RZ-439,,unclassified / needs manual mapping,FRIGIDAIRE® WDTS7024RZ-439 Product,FRIGIDAIRE WDTS7024RZ-439 PRODUCT,FRIGIDAIRE® WDTS7024RZ-439 Product,FRIGIDAIRE® WDTS7024RZ-439 Product,,,,,,,,,,,,,,,,,,,,,,,,,,,,,,,,,,,,,,,,,,,,,,,,,,,,,,,,,,,,,,,,,,,,,,,,,,,,,,,,,,,,,,,,,,,,,,,,,,,,,,,,,,,,,,,,,,,,,,,,,,,,,,,,,,,,,,,,,,,,,,,,,,,,,,,,,,,,,,,,,,,,,,,,,,,,,,,,,,,,,,,,,,,,,,,,,,,,,,,,,,,,,,,,,,,,,,,,,,,,,,,,,
,,,,,,,,,,,DCB205C-440,Dewalt 20V Max 5.0Ah Starter Kit Item #440,,,,Black & Decker (2585),Black & Decker,DEWALT®,,DCB205C-440,,unclassified / needs manual mapping,DEWALT® DCB205C-440 Product,DEWALT DCB205C-440 PRODUCT,DEWALT® DCB205C-440 Product,DEWALT® DCB205C-440 Product,,,,,,,,,,,,,,,,,,,,,,,,,,,,,,,,,,,,,,,,,,,,,,,,,,,,,,,,,,,,,,,,,,,,,,,,,,,,,,,,,,,,,,,,,,,,,,,,,,,,,,,,,,,,,,,,,,,,,,,,,,,,,,,,,,,,,,,,,,,,,,,,,,,,,,,,,,,,,,,,,,,,,,,,,,,,,,,,,,,,,,,,,,,,,,,,,,,,,,,,,,,,,,,,,,,,,,,,,,,,,,,,,
,,,,,,,,,,,DCB518ASTS06G-441,"DCB518ASTS06G Diablo 1/2""x18"" - Sanding Belt 6pc Item #441",,,,Freud Inc (2435),Freud Inc,DIABLO®,,DCB518ASTS06G-441,,unclassified / needs manual mapping,DIABLO® DCB518ASTS06G-441 Product,DIABLO DCB518ASTS06G-441 PRODUCT,DIABLO® DCB518ASTS06G-441 Product,DIABLO® DCB518ASTS06G-441 Product,,,,,,,,,,,,,,,,,,,,,,,,,,,,,,,,,,,,,,,,,,,,,,,,,,,,,,,,,,,,,,,,,,,,,,,,,,,,,,,,,,,,,,,,,,,,,,,,,,,,,,,,,,,,,,,,,,,,,,,,,,,,,,,,,,,,,,,,,,,,,,,,,,,,,,,,,,,,,,,,,,,,,,,,,,,,,,,,,,,,,,,,,,,,,,,,,,,,,,,,,,,,,,,,,,,,,,,,,,,,,,,,,
,,,,,,,,,,,6702-000-442,Moen 6702-000 Genta Single Handle Bathroom Sink Faucet Chrome 1.2 gpm 4in Item #442,,,,Moen Incorporated (MOEN),Moen Incorporated,MOEN®,,6702-000-442,,Plumbing>Faucets>Bathroom Sink Faucets,"MOEN® 6702-000-442 Bathroom Sink Faucets, 2, 1.2 gpm, Chrome",MOEN 6702-000-442 BATHROOM SINK FAUCETS,"MOEN® 6702-000-442 Bathroom Sink Faucets, 2, 1.2 gpm, Chrome","MOEN® 6702-000-442 Bathroom Sink Faucets, 2, 1.2 gpm, Chrome",,,,,,,,,,,,,,,,,,,,,,,,,,,,,Number of Faucet Handles,2,,Flow Rate,1.2,gpm,Finish/Color,Chrome,,,,,,,,,,,,,,,,,,,,,,,,,,,,,,,,,,,,,,,,,,,,,,,,,,,,,,,,,,,,,,,,,,,,,,,,,,,,,,,,,,,,,,,,,,,,,,,,,,,,,,,,,,,,,,,,,,,,,,,,,,,,,,,,,,,,,,,,,,,,,,,,,,30181702,,,,,,,,,,,,,,,,,,,,,,,,,,,,,,,,,,,,,,,,,,,
,,,,,,,,,,,559HA-DST-443,Delta 559HA-DST Trinsic Single Handle Bathroom Sink Faucet Matte Black 1.2 gpm Item #443,,,,Delta Faucet Company (DELTA),Delta Faucet Company,DELTA®,,559HA-DST-443,,Plumbing>Faucets>Bathroom Sink Faucets,"DELTA® 559HA-DST-443 Bathroom Sink Faucets, 2, 1.2 gpm, Matte Black",DELTA 559HA-DST-443 BATHROOM SINK FAUCET,"DELTA® 559HA-DST-443 Bathroom Sink Faucets, 2, 1.2 gpm, Matte Black","DELTA® 559HA-DST-443 Bathroom Sink Faucets, 2, 1.2 gpm, Matte Black",,,,,,,,,,,,,,,,,,,,,,,,,,,,,Number of Faucet Handles,2,,Flow Rate,1.2,gpm,Finish/Color,Matte Black,,,,,,,,,,,,,,,,,,,,,,,,,,,,,,,,,,,,,,,,,,,,,,,,,,,,,,,,,,,,,,,,,,,,,,,,,,,,,,,,,,,,,,,,,,,,,,,,,,,,,,,,,,,,,,,,,,,,,,,,,,,,,,,,,,,,,,,,,,,,,,,,,,30181702,,,,,,,,,,,,,,,,,,,,,,,,,,,,,,,,,,,,,,,,,,,
,,,,,,,,,,,K-596-VS-444,Kohler K-596-VS Simplice Pull-Down Kitchen Faucet Vibrant Stainless 1.5 gpm Item #444,,,,Kohler Co. (KOHLER),Kohler Co.,KOHLER®,,K-596-VS-444,,Plumbing>Faucets>Utility Faucets,KOHLER® K-596-VS-444 Utility Faucets,KOHLER K-596-VS-444 UTILITY FAUCETS,KOHLER® K-596-VS-444 Utility Faucets,KOHLER® K-596-VS-444 Utility Faucets,,,,,,,,,,,,,,,,,,,,,,,,,,,,,,,,,,,,,,,,,,,,,,,,,,,,,,,,,,,,,,,,,,,,,,,,,,,,,,,,,,,,,,,,,,,,,,,,,,,,,,,,,,,,,,,,,,,,,,,,,,,,,,,,,,,,,,,,,,,,,,,,,,,,,,,,,,,,,,,,,,,,,,,,,,,,,,,,,,,,,,30181706,,,,,,,,,,,,,,,,,,,,,,,,,,,,,,,,,,,,,,,,,,,
,,,,,,,,,,,607-1/2-445,Nibco 607 1/2 1/2 in Copper Wrot Pressure 90 Deg Elbow Item #445,,,,Nibco Inc (NIBCO),Nibco Inc,NIBCO®,,607-1/2-445,,"Plumbing>Pipe, Tube & Hose Fittings>Pipe Fittings","NIBCO® 607-1/2-445 Pipe Fittings, Elbow, 1/2 in, Press, Copper",NIBCO 607-1/2-445 PIPE FITTINGS,"NIBCO® 607-1/2-445 Pipe Fittings, Elbow, 1/2 in, Press, Copper","NIBCO® 607-1/2-445 Pipe Fittings, Elbow, 1/2 in, Press, Copper",,,,,,,,,,,,,,,,,,,,,,,,,,,,,Fitting Fitting/Connector Type,Elbow,,Pipe Size,1/2,in,Connection Type,Press,,Fitting Material,Copper,,,,,,,,,,,,,,,,,,,,,,,,,,,,,,,,,,,,,,,,,,,,,,,,,,,,,,,,,,,,,,,,,,,,,,,,,,,,,,,,,,,,,,,,,,,,,,,,,,,,,,,,,,,,,,,,,,,,,,,,,,,,,,,,,,,,,,,,,,,,,,,40172600,,,,,,,,,,,,,,,,,,,,,,,,,,,,,,,,,,,,,,,,,,,
,,,,,,,,,,,U008LF-446,SharkBite U008LF 1/2 in Push-to-Connect Brass Coupling Item #446,,,,SharkBite Plumbing Solutions (SHARK),SharkBite Plumbing Solutions,SHARKBITE®,,U008LF-446,,"Plumbing>Pipe, Tube & Hose Fittings>Pipe Fittings","SHARKBITE® U008LF-446 Pipe Fittings, Coupling, 1/2 in, Push-to-Connect, Brass",SHARKBITE U008LF-446 PIPE FITTINGS,"SHARKBITE® U008LF-446 Pipe Fittings, Coupling, 1/2 in, Push-to-Connect, Brass","SHARKBITE® U008LF-446 Pipe Fittings, Coupling, 1/2 in, Push-to-Connect, Brass",,,,,,,,,,,,,,,,,,,,,,,,,,,,,Fitting Fitting/Connector Type,Coupling,,Pipe Size,1/2,in,Connection Type,Push-to-Connect,,Fitting Material,Brass,,,,,,,,,,,,,,,,,,,,,,,,,,,,,,,,,,,,,,,,,,,,,,,,,,,,,,,,,,,,,,,,,,,,,,,,,,,,,,,,,,,,,,,,,,,,,,,,,,,,,,,,,,,,,,,,,,,,,,,,,,,,,,,,,,,,,,,,,,,,,,,40172600,,,,,,,,,,,,,,,,,,,,,,,,,,,,,,,,,,,,,,,,,,,
,,,,,,,,,,,NIP-050-CLOSE-447,Charlotte Pipe 1/2 in x Close Black Steel Nipple MNPT Item #447,,,,Charlotte Pipe and Foundry (CHARL),Charlotte Pipe and Foundry,CHARLOTTE PIPE®,,NIP-050-CLOSE-447,,"Plumbing>Pipe, Tube & Hose Fittings>Pipe Fittings","CHARLOTTE PIPE® NIP-050-CLOSE-447 Pipe Fittings, Tee, 1/2 in, MNPT",CHARLOTTE PIPE NIP-050-CLOSE-447 PIPE FI,"CHARLOTTE PIPE® NIP-050-CLOSE-447 Pipe Fittings, Tee, 1/2 in, MNPT","CHARLOTTE PIPE® NIP-050-CLOSE-447 Pipe Fittings, Tee, 1/2 in, MNPT",,,,,,,,,,,,,,,,,,,,,,,,,,,,,Fitting Fitting/Connector Type,Tee,,Pipe Size,1/2,in,Connection Type,MNPT,,,,,,,,,,,,,,,,,,,,,,,,,,,,,,,,,,,,,,,,,,,,,,,,,,,,,,,,,,,,,,,,,,,,,,,,,,,,,,,,,,,,,,,,,,,,,,,,,,,,,,,,,,,,,,,,,,,,,,,,,,,,,,,,,,,,,,,,,,,,,,,,,,40172600,,,,,,,,,,,,,,,,,,,,,,,,,,,,,,,,,,,,,,,,,,,
,,,,,,,,,,,PDSH4816AF-448,PDSH4816AF Dishwasher SS - Display Only Item #448,,,,Appliance Dealers Cooperative (APPDE),Appliance Dealers Cooperative,FRIGIDAIRE®,,PDSH4816AF-448,,unclassified / needs manual mapping,FRIGIDAIRE® PDSH4816AF-448 Product,FRIGIDAIRE PDSH4816AF-448 PRODUCT,FRIGIDAIRE® PDSH4816AF-448 Product,FRIGIDAIRE® PDSH4816AF-448 Product,,,,,,,,,,,,,,,,,,,,,,,,,,,,,,,,,,,,,,,,,,,,,,,,,,,,,,,,,,,,,,,,,,,,,,,,,,,,,,,,,,,,,,,,,,,,,,,,,,,,,,,,,,,,,,,,,,,,,,,,,,,,,,,,,,,,,,,,,,,,,,,,,,,,,,,,,,,,,,,,,,,,,,,,,,,,,,,,,,,,,,,,,,,,,,,,,,,,,,,,,,,,,,,,,,,,,,,,,,,,,,,,,
,,,,,,,,,,,WDTS7024RZ-449,WDTS7024RZ Dishwasher SS - Display Only Item #449,,,,Appliance Dealers Cooperative (APPDE),Appliance Dealers Cooperative,FRIGIDAIRE®,,WDTS7024RZ-449,,unclassified / needs manual mapping,FRIGIDAIRE® WDTS7024RZ-449 Product,FRIGIDAIRE WDTS7024RZ-449 PRODUCT,FRIGIDAIRE® WDTS7024RZ-449 Product,FRIGIDAIRE® WDTS7024RZ-449 Product,,,,,,,,,,,,,,,,,,,,,,,,,,,,,,,,,,,,,,,,,,,,,,,,,,,,,,,,,,,,,,,,,,,,,,,,,,,,,,,,,,,,,,,,,,,,,,,,,,,,,,,,,,,,,,,,,,,,,,,,,,,,,,,,,,,,,,,,,,,,,,,,,,,,,,,,,,,,,,,,,,,,,,,,,,,,,,,,,,,,,,,,,,,,,,,,,,,,,,,,,,,,,,,,,,,,,,,,,,,,,,,,,
,,,,,,,,,,,DCB205C-450,Dewalt 20V Max 5.0Ah Starter Kit Item #450,,,,Black & Decker (2585),Black & Decker,DEWALT®,,DCB205C-450,,unclassified / needs manual mapping,DEWALT® DCB205C-450 Product,DEWALT DCB205C-450 PRODUCT,DEWALT® DCB205C-450 Product,DEWALT® DCB205C-450 Product,,,,,,,,,,,,,,,,,,,,,,,,,,,,,,,,,,,,,,,,,,,,,,,,,,,,,,,,,,,,,,,,,,,,,,,,,,,,,,,,,,,,,,,,,,,,,,,,,,,,,,,,,,,,,,,,,,,,,,,,,,,,,,,,,,,,,,,,,,,,,,,,,,,,,,,,,,,,,,,,,,,,,,,,,,,,,,,,,,,,,,,,,,,,,,,,,,,,,,,,,,,,,,,,,,,,,,,,,,,,,,,,,
,,,,,,,,,,,DCB518ASTS06G-451,"DCB518ASTS06G Diablo 1/2""x18"" - Sanding Belt 6pc Item #451",,,,Freud Inc (2435),Freud Inc,DIABLO®,,DCB518ASTS06G-451,,unclassified / needs manual mapping,DIABLO® DCB518ASTS06G-451 Product,DIABLO DCB518ASTS06G-451 PRODUCT,DIABLO® DCB518ASTS06G-451 Product,DIABLO® DCB518ASTS06G-451 Product,,,,,,,,,,,,,,,,,,,,,,,,,,,,,,,,,,,,,,,,,,,,,,,,,,,,,,,,,,,,,,,,,,,,,,,,,,,,,,,,,,,,,,,,,,,,,,,,,,,,,,,,,,,,,,,,,,,,,,,,,,,,,,,,,,,,,,,,,,,,,,,,,,,,,,,,,,,,,,,,,,,,,,,,,,,,,,,,,,,,,,,,,,,,,,,,,,,,,,,,,,,,,,,,,,,,,,,,,,,,,,,,,
,,,,,,,,,,,6702-000-452,Moen 6702-000 Genta Single Handle Bathroom Sink Faucet Chrome 1.2 gpm 4in Item #452,,,,Moen Incorporated (MOEN),Moen Incorporated,MOEN®,,6702-000-452,,Plumbing>Faucets>Bathroom Sink Faucets,"MOEN® 6702-000-452 Bathroom Sink Faucets, 2, 1.2 gpm, Chrome",MOEN 6702-000-452 BATHROOM SINK FAUCETS,"MOEN® 6702-000-452 Bathroom Sink Faucets, 2, 1.2 gpm, Chrome","MOEN® 6702-000-452 Bathroom Sink Faucets, 2, 1.2 gpm, Chrome",,,,,,,,,,,,,,,,,,,,,,,,,,,,,Number of Faucet Handles,2,,Flow Rate,1.2,gpm,Finish/Color,Chrome,,,,,,,,,,,,,,,,,,,,,,,,,,,,,,,,,,,,,,,,,,,,,,,,,,,,,,,,,,,,,,,,,,,,,,,,,,,,,,,,,,,,,,,,,,,,,,,,,,,,,,,,,,,,,,,,,,,,,,,,,,,,,,,,,,,,,,,,,,,,,,,,,,30181702,,,,,,,,,,,,,,,,,,,,,,,,,,,,,,,,,,,,,,,,,,,
,,,,,,,,,,,559HA-DST-453,Delta 559HA-DST Trinsic Single Handle Bathroom Sink Faucet Matte Black 1.2 gpm Item #453,,,,Delta Faucet Company (DELTA),Delta Faucet Company,DELTA®,,559HA-DST-453,,Plumbing>Faucets>Bathroom Sink Faucets,"DELTA® 559HA-DST-453 Bathroom Sink Faucets, 2, 1.2 gpm, Matte Black",DELTA 559HA-DST-453 BATHROOM SINK FAUCET,"DELTA® 559HA-DST-453 Bathroom Sink Faucets, 2, 1.2 gpm, Matte Black","DELTA® 559HA-DST-453 Bathroom Sink Faucets, 2, 1.2 gpm, Matte Black",,,,,,,,,,,,,,,,,,,,,,,,,,,,,Number of Faucet Handles,2,,Flow Rate,1.2,gpm,Finish/Color,Matte Black,,,,,,,,,,,,,,,,,,,,,,,,,,,,,,,,,,,,,,,,,,,,,,,,,,,,,,,,,,,,,,,,,,,,,,,,,,,,,,,,,,,,,,,,,,,,,,,,,,,,,,,,,,,,,,,,,,,,,,,,,,,,,,,,,,,,,,,,,,,,,,,,,,30181702,,,,,,,,,,,,,,,,,,,,,,,,,,,,,,,,,,,,,,,,,,,
,,,,,,,,,,,K-596-VS-454,Kohler K-596-VS Simplice Pull-Down Kitchen Faucet Vibrant Stainless 1.5 gpm Item #454,,,,Kohler Co. (KOHLER),Kohler Co.,KOHLER®,,K-596-VS-454,,Plumbing>Faucets>Utility Faucets,KOHLER® K-596-VS-454 Utility Faucets,KOHLER K-596-VS-454 UTILITY FAUCETS,KOHLER® K-596-VS-454 Utility Faucets,KOHLER® K-596-VS-454 Utility Faucets,,,,,,,,,,,,,,,,,,,,,,,,,,,,,,,,,,,,,,,,,,,,,,,,,,,,,,,,,,,,,,,,,,,,,,,,,,,,,,,,,,,,,,,,,,,,,,,,,,,,,,,,,,,,,,,,,,,,,,,,,,,,,,,,,,,,,,,,,,,,,,,,,,,,,,,,,,,,,,,,,,,,,,,,,,,,,,,,,,,,,,30181706,,,,,,,,,,,,,,,,,,,,,,,,,,,,,,,,,,,,,,,,,,,
,,,,,,,,,,,607-1/2-455,Nibco 607 1/2 1/2 in Copper Wrot Pressure 90 Deg Elbow Item #455,,,,Nibco Inc (NIBCO),Nibco Inc,NIBCO®,,607-1/2-455,,"Plumbing>Pipe, Tube & Hose Fittings>Pipe Fittings","NIBCO® 607-1/2-455 Pipe Fittings, Elbow, 1/2 in, Press, Copper",NIBCO 607-1/2-455 PIPE FITTINGS,"NIBCO® 607-1/2-455 Pipe Fittings, Elbow, 1/2 in, Press, Copper","NIBCO® 607-1/2-455 Pipe Fittings, Elbow, 1/2 in, Press, Copper",,,,,,,,,,,,,,,,,,,,,,,,,,,,,Fitting Fitting/Connector Type,Elbow,,Pipe Size,1/2,in,Connection Type,Press,,Fitting Material,Copper,,,,,,,,,,,,,,,,,,,,,,,,,,,,,,,,,,,,,,,,,,,,,,,,,,,,,,,,,,,,,,,,,,,,,,,,,,,,,,,,,,,,,,,,,,,,,,,,,,,,,,,,,,,,,,,,,,,,,,,,,,,,,,,,,,,,,,,,,,,,,,,40172600,,,,,,,,,,,,,,,,,,,,,,,,,,,,,,,,,,,,,,,,,,,
,,,,,,,,,,,U008LF-456,SharkBite U008LF 1/2 in Push-to-Connect Brass Coupling Item #456,,,,SharkBite Plumbing Solutions (SHARK),SharkBite Plumbing Solutions,SHARKBITE®,,U008LF-456,,"Plumbing>Pipe, Tube & Hose Fittings>Pipe Fittings","SHARKBITE® U008LF-456 Pipe Fittings, Coupling, 1/2 in, Push-to-Connect, Brass",SHARKBITE U008LF-456 PIPE FITTINGS,"SHARKBITE® U008LF-456 Pipe Fittings, Coupling, 1/2 in, Push-to-Connect, Brass","SHARKBITE® U008LF-456 Pipe Fittings, Coupling, 1/2 in, Push-to-Connect, Brass",,,,,,,,,,,,,,,,,,,,,,,,,,,,,Fitting Fitting/Connector Type,Coupling,,Pipe Size,1/2,in,Connection Type,Push-to-Connect,,Fitting Material,Brass,,,,,,,,,,,,,,,,,,,,,,,,,,,,,,,,,,,,,,,,,,,,,,,,,,,,,,,,,,,,,,,,,,,,,,,,,,,,,,,,,,,,,,,,,,,,,,,,,,,,,,,,,,,,,,,,,,,,,,,,,,,,,,,,,,,,,,,,,,,,,,,40172600,,,,,,,,,,,,,,,,,,,,,,,,,,,,,,,,,,,,,,,,,,,
,,,,,,,,,,,NIP-050-CLOSE-457,Charlotte Pipe 1/2 in x Close Black Steel Nipple MNPT Item #457,,,,Charlotte Pipe and Foundry (CHARL),Charlotte Pipe and Foundry,CHARLOTTE PIPE®,,NIP-050-CLOSE-457,,"Plumbing>Pipe, Tube & Hose Fittings>Pipe Fittings","CHARLOTTE PIPE® NIP-050-CLOSE-457 Pipe Fittings, Tee, 1/2 in, MNPT",CHARLOTTE PIPE NIP-050-CLOSE-457 PIPE FI,"CHARLOTTE PIPE® NIP-050-CLOSE-457 Pipe Fittings, Tee, 1/2 in, MNPT","CHARLOTTE PIPE® NIP-050-CLOSE-457 Pipe Fittings, Tee, 1/2 in, MNPT",,,,,,,,,,,,,,,,,,,,,,,,,,,,,Fitting Fitting/Connector Type,Tee,,Pipe Size,1/2,in,Connection Type,MNPT,,,,,,,,,,,,,,,,,,,,,,,,,,,,,,,,,,,,,,,,,,,,,,,,,,,,,,,,,,,,,,,,,,,,,,,,,,,,,,,,,,,,,,,,,,,,,,,,,,,,,,,,,,,,,,,,,,,,,,,,,,,,,,,,,,,,,,,,,,,,,,,,,,40172600,,,,,,,,,,,,,,,,,,,,,,,,,,,,,,,,,,,,,,,,,,,
,,,,,,,,,,,PDSH4816AF-458,PDSH4816AF Dishwasher SS - Display Only Item #458,,,,Appliance Dealers Cooperative (APPDE),Appliance Dealers Cooperative,FRIGIDAIRE®,,PDSH4816AF-458,,unclassified / needs manual mapping,FRIGIDAIRE® PDSH4816AF-458 Product,FRIGIDAIRE PDSH4816AF-458 PRODUCT,FRIGIDAIRE® PDSH4816AF-458 Product,FRIGIDAIRE® PDSH4816AF-458 Product,,,,,,,,,,,,,,,,,,,,,,,,,,,,,,,,,,,,,,,,,,,,,,,,,,,,,,,,,,,,,,,,,,,,,,,,,,,,,,,,,,,,,,,,,,,,,,,,,,,,,,,,,,,,,,,,,,,,,,,,,,,,,,,,,,,,,,,,,,,,,,,,,,,,,,,,,,,,,,,,,,,,,,,,,,,,,,,,,,,,,,,,,,,,,,,,,,,,,,,,,,,,,,,,,,,,,,,,,,,,,,,,,
,,,,,,,,,,,WDTS7024RZ-459,WDTS7024RZ Dishwasher SS - Display Only Item #459,,,,Appliance Dealers Cooperative (APPDE),Appliance Dealers Cooperative,FRIGIDAIRE®,,WDTS7024RZ-459,,unclassified / needs manual mapping,FRIGIDAIRE® WDTS7024RZ-459 Product,FRIGIDAIRE WDTS7024RZ-459 PRODUCT,FRIGIDAIRE® WDTS7024RZ-459 Product,FRIGIDAIRE® WDTS7024RZ-459 Product,,,,,,,,,,,,,,,,,,,,,,,,,,,,,,,,,,,,,,,,,,,,,,,,,,,,,,,,,,,,,,,,,,,,,,,,,,,,,,,,,,,,,,,,,,,,,,,,,,,,,,,,,,,,,,,,,,,,,,,,,,,,,,,,,,,,,,,,,,,,,,,,,,,,,,,,,,,,,,,,,,,,,,,,,,,,,,,,,,,,,,,,,,,,,,,,,,,,,,,,,,,,,,,,,,,,,,,,,,,,,,,,,
,,,,,,,,,,,DCB205C-460,Dewalt 20V Max 5.0Ah Starter Kit Item #460,,,,Black & Decker (2585),Black & Decker,DEWALT®,,DCB205C-460,,unclassified / needs manual mapping,DEWALT® DCB205C-460 Product,DEWALT DCB205C-460 PRODUCT,DEWALT® DCB205C-460 Product,DEWALT® DCB205C-460 Product,,,,,,,,,,,,,,,,,,,,,,,,,,,,,,,,,,,,,,,,,,,,,,,,,,,,,,,,,,,,,,,,,,,,,,,,,,,,,,,,,,,,,,,,,,,,,,,,,,,,,,,,,,,,,,,,,,,,,,,,,,,,,,,,,,,,,,,,,,,,,,,,,,,,,,,,,,,,,,,,,,,,,,,,,,,,,,,,,,,,,,,,,,,,,,,,,,,,,,,,,,,,,,,,,,,,,,,,,,,,,,,,,
,,,,,,,,,,,DCB518ASTS06G-461,"DCB518ASTS06G Diablo 1/2""x18"" - Sanding Belt 6pc Item #461",,,,Freud Inc (2435),Freud Inc,DIABLO®,,DCB518ASTS06G-461,,unclassified / needs manual mapping,DIABLO® DCB518ASTS06G-461 Product,DIABLO DCB518ASTS06G-461 PRODUCT,DIABLO® DCB518ASTS06G-461 Product,DIABLO® DCB518ASTS06G-461 Product,,,,,,,,,,,,,,,,,,,,,,,,,,,,,,,,,,,,,,,,,,,,,,,,,,,,,,,,,,,,,,,,,,,,,,,,,,,,,,,,,,,,,,,,,,,,,,,,,,,,,,,,,,,,,,,,,,,,,,,,,,,,,,,,,,,,,,,,,,,,,,,,,,,,,,,,,,,,,,,,,,,,,,,,,,,,,,,,,,,,,,,,,,,,,,,,,,,,,,,,,,,,,,,,,,,,,,,,,,,,,,,,,
,,,,,,,,,,,6702-000-462,Moen 6702-000 Genta Single Handle Bathroom Sink Faucet Chrome 1.2 gpm 4in Item #462,,,,Moen Incorporated (MOEN),Moen Incorporated,MOEN®,,6702-000-462,,Plumbing>Faucets>Bathroom Sink Faucets,"MOEN® 6702-000-462 Bathroom Sink Faucets, 2, 1.2 gpm, Chrome",MOEN 6702-000-462 BATHROOM SINK FAUCETS,"MOEN® 6702-000-462 Bathroom Sink Faucets, 2, 1.2 gpm, Chrome","MOEN® 6702-000-462 Bathroom Sink Faucets, 2, 1.2 gpm, Chrome",,,,,,,,,,,,,,,,,,,,,,,,,,,,,Number of Faucet Handles,2,,Flow Rate,1.2,gpm,Finish/Color,Chrome,,,,,,,,,,,,,,,,,,,,,,,,,,,,,,,,,,,,,,,,,,,,,,,,,,,,,,,,,,,,,,,,,,,,,,,,,,,,,,,,,,,,,,,,,,,,,,,,,,,,,,,,,,,,,,,,,,,,,,,,,,,,,,,,,,,,,,,,,,,,,,,,,,30181702,,,,,,,,,,,,,,,,,,,,,,,,,,,,,,,,,,,,,,,,,,,
,,,,,,,,,,,559HA-DST-463,Delta 559HA-DST Trinsic Single Handle Bathroom Sink Faucet Matte Black 1.2 gpm Item #463,,,,Delta Faucet Company (DELTA),Delta Faucet Company,DELTA®,,559HA-DST-463,,Plumbing>Faucets>Bathroom Sink Faucets,"DELTA® 559HA-DST-463 Bathroom Sink Faucets, 2, 1.2 gpm, Matte Black",DELTA 559HA-DST-463 BATHROOM SINK FAUCET,"DELTA® 559HA-DST-463 Bathroom Sink Faucets, 2, 1.2 gpm, Matte Black","DELTA® 559HA-DST-463 Bathroom Sink Faucets, 2, 1.2 gpm, Matte Black",,,,,,,,,,,,,,,,,,,,,,,,,,,,,Number of Faucet Handles,2,,Flow Rate,1.2,gpm,Finish/Color,Matte Black,,,,,,,,,,,,,,,,,,,,,,,,,,,,,,,,,,,,,,,,,,,,,,,,,,,,,,,,,,,,,,,,,,,,,,,,,,,,,,,,,,,,,,,,,,,,,,,,,,,,,,,,,,,,,,,,,,,,,,,,,,,,,,,,,,,,,,,,,,,,,,,,,,30181702,,,,,,,,,,,,,,,,,,,,,,,,,,,,,,,,,,,,,,,,,,,
,,,,,,,,,,,K-596-VS-464,Kohler K-596-VS Simplice Pull-Down Kitchen Faucet Vibrant Stainless 1.5 gpm Item #464,,,,Kohler Co. (KOHLER),Kohler Co.,KOHLER®,,K-596-VS-464,,Plumbing>Faucets>Utility Faucets,KOHLER® K-596-VS-464 Utility Faucets,KOHLER K-596-VS-464 UTILITY FAUCETS,KOHLER® K-596-VS-464 Utility Faucets,KOHLER® K-596-VS-464 Utility Faucets,,,,,,,,,,,,,,,,,,,,,,,,,,,,,,,,,,,,,,,,,,,,,,,,,,,,,,,,,,,,,,,,,,,,,,,,,,,,,,,,,,,,,,,,,,,,,,,,,,,,,,,,,,,,,,,,,,,,,,,,,,,,,,,,,,,,,,,,,,,,,,,,,,,,,,,,,,,,,,,,,,,,,,,,,,,,,,,,,,,,,,30181706,,,,,,,,,,,,,,,,,,,,,,,,,,,,,,,,,,,,,,,,,,,
,,,,,,,,,,,607-1/2-465,Nibco 607 1/2 1/2 in Copper Wrot Pressure 90 Deg Elbow Item #465,,,,Nibco Inc (NIBCO),Nibco Inc,NIBCO®,,607-1/2-465,,"Plumbing>Pipe, Tube & Hose Fittings>Pipe Fittings","NIBCO® 607-1/2-465 Pipe Fittings, Elbow, 1/2 in, Press, Copper",NIBCO 607-1/2-465 PIPE FITTINGS,"NIBCO® 607-1/2-465 Pipe Fittings, Elbow, 1/2 in, Press, Copper","NIBCO® 607-1/2-465 Pipe Fittings, Elbow, 1/2 in, Press, Copper",,,,,,,,,,,,,,,,,,,,,,,,,,,,,Fitting Fitting/Connector Type,Elbow,,Pipe Size,1/2,in,Connection Type,Press,,Fitting Material,Copper,,,,,,,,,,,,,,,,,,,,,,,,,,,,,,,,,,,,,,,,,,,,,,,,,,,,,,,,,,,,,,,,,,,,,,,,,,,,,,,,,,,,,,,,,,,,,,,,,,,,,,,,,,,,,,,,,,,,,,,,,,,,,,,,,,,,,,,,,,,,,,,40172600,,,,,,,,,,,,,,,,,,,,,,,,,,,,,,,,,,,,,,,,,,,
,,,,,,,,,,,U008LF-466,SharkBite U008LF 1/2 in Push-to-Connect Brass Coupling Item #466,,,,SharkBite Plumbing Solutions (SHARK),SharkBite Plumbing Solutions,SHARKBITE®,,U008LF-466,,"Plumbing>Pipe, Tube & Hose Fittings>Pipe Fittings","SHARKBITE® U008LF-466 Pipe Fittings, Coupling, 1/2 in, Push-to-Connect, Brass",SHARKBITE U008LF-466 PIPE FITTINGS,"SHARKBITE® U008LF-466 Pipe Fittings, Coupling, 1/2 in, Push-to-Connect, Brass","SHARKBITE® U008LF-466 Pipe Fittings, Coupling, 1/2 in, Push-to-Connect, Brass",,,,,,,,,,,,,,,,,,,,,,,,,,,,,Fitting Fitting/Connector Type,Coupling,,Pipe Size,1/2,in,Connection Type,Push-to-Connect,,Fitting Material,Brass,,,,,,,,,,,,,,,,,,,,,,,,,,,,,,,,,,,,,,,,,,,,,,,,,,,,,,,,,,,,,,,,,,,,,,,,,,,,,,,,,,,,,,,,,,,,,,,,,,,,,,,,,,,,,,,,,,,,,,,,,,,,,,,,,,,,,,,,,,,,,,,40172600,,,,,,,,,,,,,,,,,,,,,,,,,,,,,,,,,,,,,,,,,,,
,,,,,,,,,,,NIP-050-CLOSE-467,Charlotte Pipe 1/2 in x Close Black Steel Nipple MNPT Item #467,,,,Charlotte Pipe and Foundry (CHARL),Charlotte Pipe and Foundry,CHARLOTTE PIPE®,,NIP-050-CLOSE-467,,"Plumbing>Pipe, Tube & Hose Fittings>Pipe Fittings","CHARLOTTE PIPE® NIP-050-CLOSE-467 Pipe Fittings, Tee, 1/2 in, MNPT",CHARLOTTE PIPE NIP-050-CLOSE-467 PIPE FI,"CHARLOTTE PIPE® NIP-050-CLOSE-467 Pipe Fittings, Tee, 1/2 in, MNPT","CHARLOTTE PIPE® NIP-050-CLOSE-467 Pipe Fittings, Tee, 1/2 in, MNPT",,,,,,,,,,,,,,,,,,,,,,,,,,,,,Fitting Fitting/Connector Type,Tee,,Pipe Size,1/2,in,Connection Type,MNPT,,,,,,,,,,,,,,,,,,,,,,,,,,,,,,,,,,,,,,,,,,,,,,,,,,,,,,,,,,,,,,,,,,,,,,,,,,,,,,,,,,,,,,,,,,,,,,,,,,,,,,,,,,,,,,,,,,,,,,,,,,,,,,,,,,,,,,,,,,,,,,,,,,40172600,,,,,,,,,,,,,,,,,,,,,,,,,,,,,,,,,,,,,,,,,,,
,,,,,,,,,,,PDSH4816AF-468,PDSH4816AF Dishwasher SS - Display Only Item #468,,,,Appliance Dealers Cooperative (APPDE),Appliance Dealers Cooperative,FRIGIDAIRE®,,PDSH4816AF-468,,unclassified / needs manual mapping,FRIGIDAIRE® PDSH4816AF-468 Product,FRIGIDAIRE PDSH4816AF-468 PRODUCT,FRIGIDAIRE® PDSH4816AF-468 Product,FRIGIDAIRE® PDSH4816AF-468 Product,,,,,,,,,,,,,,,,,,,,,,,,,,,,,,,,,,,,,,,,,,,,,,,,,,,,,,,,,,,,,,,,,,,,,,,,,,,,,,,,,,,,,,,,,,,,,,,,,,,,,,,,,,,,,,,,,,,,,,,,,,,,,,,,,,,,,,,,,,,,,,,,,,,,,,,,,,,,,,,,,,,,,,,,,,,,,,,,,,,,,,,,,,,,,,,,,,,,,,,,,,,,,,,,,,,,,,,,,,,,,,,,,
,,,,,,,,,,,WDTS7024RZ-469,WDTS7024RZ Dishwasher SS - Display Only Item #469,,,,Appliance Dealers Cooperative (APPDE),Appliance Dealers Cooperative,FRIGIDAIRE®,,WDTS7024RZ-469,,unclassified / needs manual mapping,FRIGIDAIRE® WDTS7024RZ-469 Product,FRIGIDAIRE WDTS7024RZ-469 PRODUCT,FRIGIDAIRE® WDTS7024RZ-469 Product,FRIGIDAIRE® WDTS7024RZ-469 Product,,,,,,,,,,,,,,,,,,,,,,,,,,,,,,,,,,,,,,,,,,,,,,,,,,,,,,,,,,,,,,,,,,,,,,,,,,,,,,,,,,,,,,,,,,,,,,,,,,,,,,,,,,,,,,,,,,,,,,,,,,,,,,,,,,,,,,,,,,,,,,,,,,,,,,,,,,,,,,,,,,,,,,,,,,,,,,,,,,,,,,,,,,,,,,,,,,,,,,,,,,,,,,,,,,,,,,,,,,,,,,,,,
,,,,,,,,,,,DCB205C-470,Dewalt 20V Max 5.0Ah Starter Kit Item #470,,,,Black & Decker (2585),Black & Decker,DEWALT®,,DCB205C-470,,unclassified / needs manual mapping,DEWALT® DCB205C-470 Product,DEWALT DCB205C-470 PRODUCT,DEWALT® DCB205C-470 Product,DEWALT® DCB205C-470 Product,,,,,,,,,,,,,,,,,,,,,,,,,,,,,,,,,,,,,,,,,,,,,,,,,,,,,,,,,,,,,,,,,,,,,,,,,,,,,,,,,,,,,,,,,,,,,,,,,,,,,,,,,,,,,,,,,,,,,,,,,,,,,,,,,,,,,,,,,,,,,,,,,,,,,,,,,,,,,,,,,,,,,,,,,,,,,,,,,,,,,,,,,,,,,,,,,,,,,,,,,,,,,,,,,,,,,,,,,,,,,,,,,
,,,,,,,,,,,DCB518ASTS06G-471,"DCB518ASTS06G Diablo 1/2""x18"" - Sanding Belt 6pc Item #471",,,,Freud Inc (2435),Freud Inc,DIABLO®,,DCB518ASTS06G-471,,unclassified / needs manual mapping,DIABLO® DCB518ASTS06G-471 Product,DIABLO DCB518ASTS06G-471 PRODUCT,DIABLO® DCB518ASTS06G-471 Product,DIABLO® DCB518ASTS06G-471 Product,,,,,,,,,,,,,,,,,,,,,,,,,,,,,,,,,,,,,,,,,,,,,,,,,,,,,,,,,,,,,,,,,,,,,,,,,,,,,,,,,,,,,,,,,,,,,,,,,,,,,,,,,,,,,,,,,,,,,,,,,,,,,,,,,,,,,,,,,,,,,,,,,,,,,,,,,,,,,,,,,,,,,,,,,,,,,,,,,,,,,,,,,,,,,,,,,,,,,,,,,,,,,,,,,,,,,,,,,,,,,,,,,
,,,,,,,,,,,6702-000-472,Moen 6702-000 Genta Single Handle Bathroom Sink Faucet Chrome 1.2 gpm 4in Item #472,,,,Moen Incorporated (MOEN),Moen Incorporated,MOEN®,,6702-000-472,,Plumbing>Faucets>Bathroom Sink Faucets,"MOEN® 6702-000-472 Bathroom Sink Faucets, 2, 1.2 gpm, Chrome",MOEN 6702-000-472 BATHROOM SINK FAUCETS,"MOEN® 6702-000-472 Bathroom Sink Faucets, 2, 1.2 gpm, Chrome","MOEN® 6702-000-472 Bathroom Sink Faucets, 2, 1.2 gpm, Chrome",,,,,,,,,,,,,,,,,,,,,,,,,,,,,Number of Faucet Handles,2,,Flow Rate,1.2,gpm,Finish/Color,Chrome,,,,,,,,,,,,,,,,,,,,,,,,,,,,,,,,,,,,,,,,,,,,,,,,,,,,,,,,,,,,,,,,,,,,,,,,,,,,,,,,,,,,,,,,,,,,,,,,,,,,,,,,,,,,,,,,,,,,,,,,,,,,,,,,,,,,,,,,,,,,,,,,,,30181702,,,,,,,,,,,,,,,,,,,,,,,,,,,,,,,,,,,,,,,,,,,
,,,,,,,,,,,559HA-DST-473,Delta 559HA-DST Trinsic Single Handle Bathroom Sink Faucet Matte Black 1.2 gpm Item #473,,,,Delta Faucet Company (DELTA),Delta Faucet Company,DELTA®,,559HA-DST-473,,Plumbing>Faucets>Bathroom Sink Faucets,"DELTA® 559HA-DST-473 Bathroom Sink Faucets, 2, 1.2 gpm, Matte Black",DELTA 559HA-DST-473 BATHROOM SINK FAUCET,"DELTA® 559HA-DST-473 Bathroom Sink Faucets, 2, 1.2 gpm, Matte Black","DELTA® 559HA-DST-473 Bathroom Sink Faucets, 2, 1.2 gpm, Matte Black",,,,,,,,,,,,,,,,,,,,,,,,,,,,,Number of Faucet Handles,2,,Flow Rate,1.2,gpm,Finish/Color,Matte Black,,,,,,,,,,,,,,,,,,,,,,,,,,,,,,,,,,,,,,,,,,,,,,,,,,,,,,,,,,,,,,,,,,,,,,,,,,,,,,,,,,,,,,,,,,,,,,,,,,,,,,,,,,,,,,,,,,,,,,,,,,,,,,,,,,,,,,,,,,,,,,,,,,30181702,,,,,,,,,,,,,,,,,,,,,,,,,,,,,,,,,,,,,,,,,,,
,,,,,,,,,,,K-596-VS-474,Kohler K-596-VS Simplice Pull-Down Kitchen Faucet Vibrant Stainless 1.5 gpm Item #474,,,,Kohler Co. (KOHLER),Kohler Co.,KOHLER®,,K-596-VS-474,,Plumbing>Faucets>Utility Faucets,KOHLER® K-596-VS-474 Utility Faucets,KOHLER K-596-VS-474 UTILITY FAUCETS,KOHLER® K-596-VS-474 Utility Faucets,KOHLER® K-596-VS-474 Utility Faucets,,,,,,,,,,,,,,,,,,,,,,,,,,,,,,,,,,,,,,,,,,,,,,,,,,,,,,,,,,,,,,,,,,,,,,,,,,,,,,,,,,,,,,,,,,,,,,,,,,,,,,,,,,,,,,,,,,,,,,,,,,,,,,,,,,,,,,,,,,,,,,,,,,,,,,,,,,,,,,,,,,,,,,,,,,,,,,,,,,,,,,30181706,,,,,,,,,,,,,,,,,,,,,,,,,,,,,,,,,,,,,,,,,,,
,,,,,,,,,,,607-1/2-475,Nibco 607 1/2 1/2 in Copper Wrot Pressure 90 Deg Elbow Item #475,,,,Nibco Inc (NIBCO),Nibco Inc,NIBCO®,,607-1/2-475,,"Plumbing>Pipe, Tube & Hose Fittings>Pipe Fittings","NIBCO® 607-1/2-475 Pipe Fittings, Elbow, 1/2 in, Press, Copper",NIBCO 607-1/2-475 PIPE FITTINGS,"NIBCO® 607-1/2-475 Pipe Fittings, Elbow, 1/2 in, Press, Copper","NIBCO® 607-1/2-475 Pipe Fittings, Elbow, 1/2 in, Press, Copper",,,,,,,,,,,,,,,,,,,,,,,,,,,,,Fitting Fitting/Connector Type,Elbow,,Pipe Size,1/2,in,Connection Type,Press,,Fitting Material,Copper,,,,,,,,,,,,,,,,,,,,,,,,,,,,,,,,,,,,,,,,,,,,,,,,,,,,,,,,,,,,,,,,,,,,,,,,,,,,,,,,,,,,,,,,,,,,,,,,,,,,,,,,,,,,,,,,,,,,,,,,,,,,,,,,,,,,,,,,,,,,,,,40172600,,,,,,,,,,,,,,,,,,,,,,,,,,,,,,,,,,,,,,,,,,,
,,,,,,,,,,,U008LF-476,SharkBite U008LF 1/2 in Push-to-Connect Brass Coupling Item #476,,,,SharkBite Plumbing Solutions (SHARK),SharkBite Plumbing Solutions,SHARKBITE®,,U008LF-476,,"Plumbing>Pipe, Tube & Hose Fittings>Pipe Fittings","SHARKBITE® U008LF-476 Pipe Fittings, Coupling, 1/2 in, Push-to-Connect, Brass",SHARKBITE U008LF-476 PIPE FITTINGS,"SHARKBITE® U008LF-476 Pipe Fittings, Coupling, 1/2 in, Push-to-Connect, Brass","SHARKBITE® U008LF-476 Pipe Fittings, Coupling, 1/2 in, Push-to-Connect, Brass",,,,,,,,,,,,,,,,,,,,,,,,,,,,,Fitting Fitting/Connector Type,Coupling,,Pipe Size,1/2,in,Connection Type,Push-to-Connect,,Fitting Material,Brass,,,,,,,,,,,,,,,,,,,,,,,,,,,,,,,,,,,,,,,,,,,,,,,,,,,,,,,,,,,,,,,,,,,,,,,,,,,,,,,,,,,,,,,,,,,,,,,,,,,,,,,,,,,,,,,,,,,,,,,,,,,,,,,,,,,,,,,,,,,,,,,40172600,,,,,,,,,,,,,,,,,,,,,,,,,,,,,,,,,,,,,,,,,,,
,,,,,,,,,,,NIP-050-CLOSE-477,Charlotte Pipe 1/2 in x Close Black Steel Nipple MNPT Item #477,,,,Charlotte Pipe and Foundry (CHARL),Charlotte Pipe and Foundry,CHARLOTTE PIPE®,,NIP-050-CLOSE-477,,"Plumbing>Pipe, Tube & Hose Fittings>Pipe Fittings","CHARLOTTE PIPE® NIP-050-CLOSE-477 Pipe Fittings, Tee, 1/2 in, MNPT",CHARLOTTE PIPE NIP-050-CLOSE-477 PIPE FI,"CHARLOTTE PIPE® NIP-050-CLOSE-477 Pipe Fittings, Tee, 1/2 in, MNPT","CHARLOTTE PIPE® NIP-050-CLOSE-477 Pipe Fittings, Tee, 1/2 in, MNPT",,,,,,,,,,,,,,,,,,,,,,,,,,,,,Fitting Fitting/Connector Type,Tee,,Pipe Size,1/2,in,Connection Type,MNPT,,,,,,,,,,,,,,,,,,,,,,,,,,,,,,,,,,,,,,,,,,,,,,,,,,,,,,,,,,,,,,,,,,,,,,,,,,,,,,,,,,,,,,,,,,,,,,,,,,,,,,,,,,,,,,,,,,,,,,,,,,,,,,,,,,,,,,,,,,,,,,,,,,40172600,,,,,,,,,,,,,,,,,,,,,,,,,,,,,,,,,,,,,,,,,,,
,,,,,,,,,,,PDSH4816AF-478,PDSH4816AF Dishwasher SS - Display Only Item #478,,,,Appliance Dealers Cooperative (APPDE),Appliance Dealers Cooperative,FRIGIDAIRE®,,PDSH4816AF-478,,unclassified / needs manual mapping,FRIGIDAIRE® PDSH4816AF-478 Product,FRIGIDAIRE PDSH4816AF-478 PRODUCT,FRIGIDAIRE® PDSH4816AF-478 Product,FRIGIDAIRE® PDSH4816AF-478 Product,,,,,,,,,,,,,,,,,,,,,,,,,,,,,,,,,,,,,,,,,,,,,,,,,,,,,,,,,,,,,,,,,,,,,,,,,,,,,,,,,,,,,,,,,,,,,,,,,,,,,,,,,,,,,,,,,,,,,,,,,,,,,,,,,,,,,,,,,,,,,,,,,,,,,,,,,,,,,,,,,,,,,,,,,,,,,,,,,,,,,,,,,,,,,,,,,,,,,,,,,,,,,,,,,,,,,,,,,,,,,,,,,
,,,,,,,,,,,WDTS7024RZ-479,WDTS7024RZ Dishwasher SS - Display Only Item #479,,,,Appliance Dealers Cooperative (APPDE),Appliance Dealers Cooperative,FRIGIDAIRE®,,WDTS7024RZ-479,,unclassified / needs manual mapping,FRIGIDAIRE® WDTS7024RZ-479 Product,FRIGIDAIRE WDTS7024RZ-479 PRODUCT,FRIGIDAIRE® WDTS7024RZ-479 Product,FRIGIDAIRE® WDTS7024RZ-479 Product,,,,,,,,,,,,,,,,,,,,,,,,,,,,,,,,,,,,,,,,,,,,,,,,,,,,,,,,,,,,,,,,,,,,,,,,,,,,,,,,,,,,,,,,,,,,,,,,,,,,,,,,,,,,,,,,,,,,,,,,,,,,,,,,,,,,,,,,,,,,,,,,,,,,,,,,,,,,,,,,,,,,,,,,,,,,,,,,,,,,,,,,,,,,,,,,,,,,,,,,,,,,,,,,,,,,,,,,,,,,,,,,,
,,,,,,,,,,,DCB205C-480,Dewalt 20V Max 5.0Ah Starter Kit Item #480,,,,Black & Decker (2585),Black & Decker,DEWALT®,,DCB205C-480,,unclassified / needs manual mapping,DEWALT® DCB205C-480 Product,DEWALT DCB205C-480 PRODUCT,DEWALT® DCB205C-480 Product,DEWALT® DCB205C-480 Product,,,,,,,,,,,,,,,,,,,,,,,,,,,,,,,,,,,,,,,,,,,,,,,,,,,,,,,,,,,,,,,,,,,,,,,,,,,,,,,,,,,,,,,,,,,,,,,,,,,,,,,,,,,,,,,,,,,,,,,,,,,,,,,,,,,,,,,,,,,,,,,,,,,,,,,,,,,,,,,,,,,,,,,,,,,,,,,,,,,,,,,,,,,,,,,,,,,,,,,,,,,,,,,,,,,,,,,,,,,,,,,,,
,,,,,,,,,,,DCB518ASTS06G-481,"DCB518ASTS06G Diablo 1/2""x18"" - Sanding Belt 6pc Item #481",,,,Freud Inc (2435),Freud Inc,DIABLO®,,DCB518ASTS06G-481,,unclassified / needs manual mapping,DIABLO® DCB518ASTS06G-481 Product,DIABLO DCB518ASTS06G-481 PRODUCT,DIABLO® DCB518ASTS06G-481 Product,DIABLO® DCB518ASTS06G-481 Product,,,,,,,,,,,,,,,,,,,,,,,,,,,,,,,,,,,,,,,,,,,,,,,,,,,,,,,,,,,,,,,,,,,,,,,,,,,,,,,,,,,,,,,,,,,,,,,,,,,,,,,,,,,,,,,,,,,,,,,,,,,,,,,,,,,,,,,,,,,,,,,,,,,,,,,,,,,,,,,,,,,,,,,,,,,,,,,,,,,,,,,,,,,,,,,,,,,,,,,,,,,,,,,,,,,,,,,,,,,,,,,,,
,,,,,,,,,,,6702-000-482,Moen 6702-000 Genta Single Handle Bathroom Sink Faucet Chrome 1.2 gpm 4in Item #482,,,,Moen Incorporated (MOEN),Moen Incorporated,MOEN®,,6702-000-482,,Plumbing>Faucets>Bathroom Sink Faucets,"MOEN® 6702-000-482 Bathroom Sink Faucets, 2, 1.2 gpm, Chrome",MOEN 6702-000-482 BATHROOM SINK FAUCETS,"MOEN® 6702-000-482 Bathroom Sink Faucets, 2, 1.2 gpm, Chrome","MOEN® 6702-000-482 Bathroom Sink Faucets, 2, 1.2 gpm, Chrome",,,,,,,,,,,,,,,,,,,,,,,,,,,,,Number of Faucet Handles,2,,Flow Rate,1.2,gpm,Finish/Color,Chrome,,,,,,,,,,,,,,,,,,,,,,,,,,,,,,,,,,,,,,,,,,,,,,,,,,,,,,,,,,,,,,,,,,,,,,,,,,,,,,,,,,,,,,,,,,,,,,,,,,,,,,,,,,,,,,,,,,,,,,,,,,,,,,,,,,,,,,,,,,,,,,,,,,30181702,,,,,,,,,,,,,,,,,,,,,,,,,,,,,,,,,,,,,,,,,,,
,,,,,,,,,,,559HA-DST-483,Delta 559HA-DST Trinsic Single Handle Bathroom Sink Faucet Matte Black 1.2 gpm Item #483,,,,Delta Faucet Company (DELTA),Delta Faucet Company,DELTA®,,559HA-DST-483,,Plumbing>Faucets>Bathroom Sink Faucets,"DELTA® 559HA-DST-483 Bathroom Sink Faucets, 2, 1.2 gpm, Matte Black",DELTA 559HA-DST-483 BATHROOM SINK FAUCET,"DELTA® 559HA-DST-483 Bathroom Sink Faucets, 2, 1.2 gpm, Matte Black","DELTA® 559HA-DST-483 Bathroom Sink Faucets, 2, 1.2 gpm, Matte Black",,,,,,,,,,,,,,,,,,,,,,,,,,,,,Number of Faucet Handles,2,,Flow Rate,1.2,gpm,Finish/Color,Matte Black,,,,,,,,,,,,,,,,,,,,,,,,,,,,,,,,,,,,,,,,,,,,,,,,,,,,,,,,,,,,,,,,,,,,,,,,,,,,,,,,,,,,,,,,,,,,,,,,,,,,,,,,,,,,,,,,,,,,,,,,,,,,,,,,,,,,,,,,,,,,,,,,,,30181702,,,,,,,,,,,,,,,,,,,,,,,,,,,,,,,,,,,,,,,,,,,
,,,,,,,,,,,K-596-VS-484,Kohler K-596-VS Simplice Pull-Down Kitchen Faucet Vibrant Stainless 1.5 gpm Item #484,,,,Kohler Co. (KOHLER),Kohler Co.,KOHLER®,,K-596-VS-484,,Plumbing>Faucets>Utility Faucets,KOHLER® K-596-VS-484 Utility Faucets,KOHLER K-596-VS-484 UTILITY FAUCETS,KOHLER® K-596-VS-484 Utility Faucets,KOHLER® K-596-VS-484 Utility Faucets,,,,,,,,,,,,,,,,,,,,,,,,,,,,,,,,,,,,,,,,,,,,,,,,,,,,,,,,,,,,,,,,,,,,,,,,,,,,,,,,,,,,,,,,,,,,,,,,,,,,,,,,,,,,,,,,,,,,,,,,,,,,,,,,,,,,,,,,,,,,,,,,,,,,,,,,,,,,,,,,,,,,,,,,,,,,,,,,,,,,,,30181706,,,,,,,,,,,,,,,,,,,,,,,,,,,,,,,,,,,,,,,,,,,
,,,,,,,,,,,607-1/2-485,Nibco 607 1/2 1/2 in Copper Wrot Pressure 90 Deg Elbow Item #485,,,,Nibco Inc (NIBCO),Nibco Inc,NIBCO®,,607-1/2-485,,"Plumbing>Pipe, Tube & Hose Fittings>Pipe Fittings","NIBCO® 607-1/2-485 Pipe Fittings, Elbow, 1/2 in, Press, Copper",NIBCO 607-1/2-485 PIPE FITTINGS,"NIBCO® 607-1/2-485 Pipe Fittings, Elbow, 1/2 in, Press, Copper","NIBCO® 607-1/2-485 Pipe Fittings, Elbow, 1/2 in, Press, Copper",,,,,,,,,,,,,,,,,,,,,,,,,,,,,Fitting Fitting/Connector Type,Elbow,,Pipe Size,1/2,in,Connection Type,Press,,Fitting Material,Copper,,,,,,,,,,,,,,,,,,,,,,,,,,,,,,,,,,,,,,,,,,,,,,,,,,,,,,,,,,,,,,,,,,,,,,,,,,,,,,,,,,,,,,,,,,,,,,,,,,,,,,,,,,,,,,,,,,,,,,,,,,,,,,,,,,,,,,,,,,,,,,,40172600,,,,,,,,,,,,,,,,,,,,,,,,,,,,,,,,,,,,,,,,,,,
,,,,,,,,,,,U008LF-486,SharkBite U008LF 1/2 in Push-to-Connect Brass Coupling Item #486,,,,SharkBite Plumbing Solutions (SHARK),SharkBite Plumbing Solutions,SHARKBITE®,,U008LF-486,,"Plumbing>Pipe, Tube & Hose Fittings>Pipe Fittings","SHARKBITE® U008LF-486 Pipe Fittings, Coupling, 1/2 in, Push-to-Connect, Brass",SHARKBITE U008LF-486 PIPE FITTINGS,"SHARKBITE® U008LF-486 Pipe Fittings, Coupling, 1/2 in, Push-to-Connect, Brass","SHARKBITE® U008LF-486 Pipe Fittings, Coupling, 1/2 in, Push-to-Connect, Brass",,,,,,,,,,,,,,,,,,,,,,,,,,,,,Fitting Fitting/Connector Type,Coupling,,Pipe Size,1/2,in,Connection Type,Push-to-Connect,,Fitting Material,Brass,,,,,,,,,,,,,,,,,,,,,,,,,,,,,,,,,,,,,,,,,,,,,,,,,,,,,,,,,,,,,,,,,,,,,,,,,,,,,,,,,,,,,,,,,,,,,,,,,,,,,,,,,,,,,,,,,,,,,,,,,,,,,,,,,,,,,,,,,,,,,,,40172600,,,,,,,,,,,,,,,,,,,,,,,,,,,,,,,,,,,,,,,,,,,
,,,,,,,,,,,NIP-050-CLOSE-487,Charlotte Pipe 1/2 in x Close Black Steel Nipple MNPT Item #487,,,,Charlotte Pipe and Foundry (CHARL),Charlotte Pipe and Foundry,CHARLOTTE PIPE®,,NIP-050-CLOSE-487,,"Plumbing>Pipe, Tube & Hose Fittings>Pipe Fittings","CHARLOTTE PIPE® NIP-050-CLOSE-487 Pipe Fittings, Tee, 1/2 in, MNPT",CHARLOTTE PIPE NIP-050-CLOSE-487 PIPE FI,"CHARLOTTE PIPE® NIP-050-CLOSE-487 Pipe Fittings, Tee, 1/2 in, MNPT","CHARLOTTE PIPE® NIP-050-CLOSE-487 Pipe Fittings, Tee, 1/2 in, MNPT",,,,,,,,,,,,,,,,,,,,,,,,,,,,,Fitting Fitting/Connector Type,Tee,,Pipe Size,1/2,in,Connection Type,MNPT,,,,,,,,,,,,,,,,,,,,,,,,,,,,,,,,,,,,,,,,,,,,,,,,,,,,,,,,,,,,,,,,,,,,,,,,,,,,,,,,,,,,,,,,,,,,,,,,,,,,,,,,,,,,,,,,,,,,,,,,,,,,,,,,,,,,,,,,,,,,,,,,,,40172600,,,,,,,,,,,,,,,,,,,,,,,,,,,,,,,,,,,,,,,,,,,
,,,,,,,,,,,PDSH4816AF-488,PDSH4816AF Dishwasher SS - Display Only Item #488,,,,Appliance Dealers Cooperative (APPDE),Appliance Dealers Cooperative,FRIGIDAIRE®,,PDSH4816AF-488,,unclassified / needs manual mapping,FRIGIDAIRE® PDSH4816AF-488 Product,FRIGIDAIRE PDSH4816AF-488 PRODUCT,FRIGIDAIRE® PDSH4816AF-488 Product,FRIGIDAIRE® PDSH4816AF-488 Product,,,,,,,,,,,,,,,,,,,,,,,,,,,,,,,,,,,,,,,,,,,,,,,,,,,,,,,,,,,,,,,,,,,,,,,,,,,,,,,,,,,,,,,,,,,,,,,,,,,,,,,,,,,,,,,,,,,,,,,,,,,,,,,,,,,,,,,,,,,,,,,,,,,,,,,,,,,,,,,,,,,,,,,,,,,,,,,,,,,,,,,,,,,,,,,,,,,,,,,,,,,,,,,,,,,,,,,,,,,,,,,,,
,,,,,,,,,,,WDTS7024RZ-489,WDTS7024RZ Dishwasher SS - Display Only Item #489,,,,Appliance Dealers Cooperative (APPDE),Appliance Dealers Cooperative,FRIGIDAIRE®,,WDTS7024RZ-489,,unclassified / needs manual mapping,FRIGIDAIRE® WDTS7024RZ-489 Product,FRIGIDAIRE WDTS7024RZ-489 PRODUCT,FRIGIDAIRE® WDTS7024RZ-489 Product,FRIGIDAIRE® WDTS7024RZ-489 Product,,,,,,,,,,,,,,,,,,,,,,,,,,,,,,,,,,,,,,,,,,,,,,,,,,,,,,,,,,,,,,,,,,,,,,,,,,,,,,,,,,,,,,,,,,,,,,,,,,,,,,,,,,,,,,,,,,,,,,,,,,,,,,,,,,,,,,,,,,,,,,,,,,,,,,,,,,,,,,,,,,,,,,,,,,,,,,,,,,,,,,,,,,,,,,,,,,,,,,,,,,,,,,,,,,,,,,,,,,,,,,,,,
,,,,,,,,,,,DCB205C-490,Dewalt 20V Max 5.0Ah Starter Kit Item #490,,,,Black & Decker (2585),Black & Decker,DEWALT®,,DCB205C-490,,unclassified / needs manual mapping,DEWALT® DCB205C-490 Product,DEWALT DCB205C-490 PRODUCT,DEWALT® DCB205C-490 Product,DEWALT® DCB205C-490 Product,,,,,,,,,,,,,,,,,,,,,,,,,,,,,,,,,,,,,,,,,,,,,,,,,,,,,,,,,,,,,,,,,,,,,,,,,,,,,,,,,,,,,,,,,,,,,,,,,,,,,,,,,,,,,,,,,,,,,,,,,,,,,,,,,,,,,,,,,,,,,,,,,,,,,,,,,,,,,,,,,,,,,,,,,,,,,,,,,,,,,,,,,,,,,,,,,,,,,,,,,,,,,,,,,,,,,,,,,,,,,,,,,
,,,,,,,,,,,DCB518ASTS06G-491,"DCB518ASTS06G Diablo 1/2""x18"" - Sanding Belt 6pc Item #491",,,,Freud Inc (2435),Freud Inc,DIABLO®,,DCB518ASTS06G-491,,unclassified / needs manual mapping,DIABLO® DCB518ASTS06G-491 Product,DIABLO DCB518ASTS06G-491 PRODUCT,DIABLO® DCB518ASTS06G-491 Product,DIABLO® DCB518ASTS06G-491 Product,,,,,,,,,,,,,,,,,,,,,,,,,,,,,,,,,,,,,,,,,,,,,,,,,,,,,,,,,,,,,,,,,,,,,,,,,,,,,,,,,,,,,,,,,,,,,,,,,,,,,,,,,,,,,,,,,,,,,,,,,,,,,,,,,,,,,,,,,,,,,,,,,,,,,,,,,,,,,,,,,,,,,,,,,,,,,,,,,,,,,,,,,,,,,,,,,,,,,,,,,,,,,,,,,,,,,,,,,,,,,,,,,
,,,,,,,,,,,6702-000-492,Moen 6702-000 Genta Single Handle Bathroom Sink Faucet Chrome 1.2 gpm 4in Item #492,,,,Moen Incorporated (MOEN),Moen Incorporated,MOEN®,,6702-000-492,,Plumbing>Faucets>Bathroom Sink Faucets,"MOEN® 6702-000-492 Bathroom Sink Faucets, 2, 1.2 gpm, Chrome",MOEN 6702-000-492 BATHROOM SINK FAUCETS,"MOEN® 6702-000-492 Bathroom Sink Faucets, 2, 1.2 gpm, Chrome","MOEN® 6702-000-492 Bathroom Sink Faucets, 2, 1.2 gpm, Chrome",,,,,,,,,,,,,,,,,,,,,,,,,,,,,Number of Faucet Handles,2,,Flow Rate,1.2,gpm,Finish/Color,Chrome,,,,,,,,,,,,,,,,,,,,,,,,,,,,,,,,,,,,,,,,,,,,,,,,,,,,,,,,,,,,,,,,,,,,,,,,,,,,,,,,,,,,,,,,,,,,,,,,,,,,,,,,,,,,,,,,,,,,,,,,,,,,,,,,,,,,,,,,,,,,,,,,,,30181702,,,,,,,,,,,,,,,,,,,,,,,,,,,,,,,,,,,,,,,,,,,
,,,,,,,,,,,559HA-DST-493,Delta 559HA-DST Trinsic Single Handle Bathroom Sink Faucet Matte Black 1.2 gpm Item #493,,,,Delta Faucet Company (DELTA),Delta Faucet Company,DELTA®,,559HA-DST-493,,Plumbing>Faucets>Bathroom Sink Faucets,"DELTA® 559HA-DST-493 Bathroom Sink Faucets, 2, 1.2 gpm, Matte Black",DELTA 559HA-DST-493 BATHROOM SINK FAUCET,"DELTA® 559HA-DST-493 Bathroom Sink Faucets, 2, 1.2 gpm, Matte Black","DELTA® 559HA-DST-493 Bathroom Sink Faucets, 2, 1.2 gpm, Matte Black",,,,,,,,,,,,,,,,,,,,,,,,,,,,,Number of Faucet Handles,2,,Flow Rate,1.2,gpm,Finish/Color,Matte Black,,,,,,,,,,,,,,,,,,,,,,,,,,,,,,,,,,,,,,,,,,,,,,,,,,,,,,,,,,,,,,,,,,,,,,,,,,,,,,,,,,,,,,,,,,,,,,,,,,,,,,,,,,,,,,,,,,,,,,,,,,,,,,,,,,,,,,,,,,,,,,,,,,30181702,,,,,,,,,,,,,,,,,,,,,,,,,,,,,,,,,,,,,,,,,,,
,,,,,,,,,,,K-596-VS-494,Kohler K-596-VS Simplice Pull-Down Kitchen Faucet Vibrant Stainless 1.5 gpm Item #494,,,,Kohler Co. (KOHLER),Kohler Co.,KOHLER®,,K-596-VS-494,,Plumbing>Faucets>Utility Faucets,KOHLER® K-596-VS-494 Utility Faucets,KOHLER K-596-VS-494 UTILITY FAUCETS,KOHLER® K-596-VS-494 Utility Faucets,KOHLER® K-596-VS-494 Utility Faucets,,,,,,,,,,,,,,,,,,,,,,,,,,,,,,,,,,,,,,,,,,,,,,,,,,,,,,,,,,,,,,,,,,,,,,,,,,,,,,,,,,,,,,,,,,,,,,,,,,,,,,,,,,,,,,,,,,,,,,,,,,,,,,,,,,,,,,,,,,,,,,,,,,,,,,,,,,,,,,,,,,,,,,,,,,,,,,,,,,,,,,30181706,,,,,,,,,,,,,,,,,,,,,,,,,,,,,,,,,,,,,,,,,,,
,,,,,,,,,,,607-1/2-495,Nibco 607 1/2 1/2 in Copper Wrot Pressure 90 Deg Elbow Item #495,,,,Nibco Inc (NIBCO),Nibco Inc,NIBCO®,,607-1/2-495,,"Plumbing>Pipe, Tube & Hose Fittings>Pipe Fittings","NIBCO® 607-1/2-495 Pipe Fittings, Elbow, 1/2 in, Press, Copper",NIBCO 607-1/2-495 PIPE FITTINGS,"NIBCO® 607-1/2-495 Pipe Fittings, Elbow, 1/2 in, Press, Copper","NIBCO® 607-1/2-495 Pipe Fittings, Elbow, 1/2 in, Press, Copper",,,,,,,,,,,,,,,,,,,,,,,,,,,,,Fitting Fitting/Connector Type,Elbow,,Pipe Size,1/2,in,Connection Type,Press,,Fitting Material,Copper,,,,,,,,,,,,,,,,,,,,,,,,,,,,,,,,,,,,,,,,,,,,,,,,,,,,,,,,,,,,,,,,,,,,,,,,,,,,,,,,,,,,,,,,,,,,,,,,,,,,,,,,,,,,,,,,,,,,,,,,,,,,,,,,,,,,,,,,,,,,,,,40172600,,,,,,,,,,,,,,,,,,,,,,,,,,,,,,,,,,,,,,,,,,,
,,,,,,,,,,,U008LF-496,SharkBite U008LF 1/2 in Push-to-Connect Brass Coupling Item #496,,,,SharkBite Plumbing Solutions (SHARK),SharkBite Plumbing Solutions,SHARKBITE®,,U008LF-496,,"Plumbing>Pipe, Tube & Hose Fittings>Pipe Fittings","SHARKBITE® U008LF-496 Pipe Fittings, Coupling, 1/2 in, Push-to-Connect, Brass",SHARKBITE U008LF-496 PIPE FITTINGS,"SHARKBITE® U008LF-496 Pipe Fittings, Coupling, 1/2 in, Push-to-Connect, Brass","SHARKBITE® U008LF-496 Pipe Fittings, Coupling, 1/2 in, Push-to-Connect, Brass",,,,,,,,,,,,,,,,,,,,,,,,,,,,,Fitting Fitting/Connector Type,Coupling,,Pipe Size,1/2,in,Connection Type,Push-to-Connect,,Fitting Material,Brass,,,,,,,,,,,,,,,,,,,,,,,,,,,,,,,,,,,,,,,,,,,,,,,,,,,,,,,,,,,,,,,,,,,,,,,,,,,,,,,,,,,,,,,,,,,,,,,,,,,,,,,,,,,,,,,,,,,,,,,,,,,,,,,,,,,,,,,,,,,,,,,40172600,,,,,,,,,,,,,,,,,,,,,,,,,,,,,,,,,,,,,,,,,,,
,,,,,,,,,,,NIP-050-CLOSE-497,Charlotte Pipe 1/2 in x Close Black Steel Nipple MNPT Item #497,,,,Charlotte Pipe and Foundry (CHARL),Charlotte Pipe and Foundry,CHARLOTTE PIPE®,,NIP-050-CLOSE-497,,"Plumbing>Pipe, Tube & Hose Fittings>Pipe Fittings","CHARLOTTE PIPE® NIP-050-CLOSE-497 Pipe Fittings, Tee, 1/2 in, MNPT",CHARLOTTE PIPE NIP-050-CLOSE-497 PIPE FI,"CHARLOTTE PIPE® NIP-050-CLOSE-497 Pipe Fittings, Tee, 1/2 in, MNPT","CHARLOTTE PIPE® NIP-050-CLOSE-497 Pipe Fittings, Tee, 1/2 in, MNPT",,,,,,,,,,,,,,,,,,,,,,,,,,,,,Fitting Fitting/Connector Type,Tee,,Pipe Size,1/2,in,Connection Type,MNPT,,,,,,,,,,,,,,,,,,,,,,,,,,,,,,,,,,,,,,,,,,,,,,,,,,,,,,,,,,,,,,,,,,,,,,,,,,,,,,,,,,,,,,,,,,,,,,,,,,,,,,,,,,,,,,,,,,,,,,,,,,,,,,,,,,,,,,,,,,,,,,,,,,40172600,,,,,,,,,,,,,,,,,,,,,,,,,,,,,,,,,,,,,,,,,,,
,,,,,,,,,,,PDSH4816AF-498,PDSH4816AF Dishwasher SS - Display Only Item #498,,,,Appliance Dealers Cooperative (APPDE),Appliance Dealers Cooperative,FRIGIDAIRE®,,PDSH4816AF-498,,unclassified / needs manual mapping,FRIGIDAIRE® PDSH4816AF-498 Product,FRIGIDAIRE PDSH4816AF-498 PRODUCT,FRIGIDAIRE® PDSH4816AF-498 Product,FRIGIDAIRE® PDSH4816AF-498 Product,,,,,,,,,,,,,,,,,,,,,,,,,,,,,,,,,,,,,,,,,,,,,,,,,,,,,,,,,,,,,,,,,,,,,,,,,,,,,,,,,,,,,,,,,,,,,,,,,,,,,,,,,,,,,,,,,,,,,,,,,,,,,,,,,,,,,,,,,,,,,,,,,,,,,,,,,,,,,,,,,,,,,,,,,,,,,,,,,,,,,,,,,,,,,,,,,,,,,,,,,,,,,,,,,,,,,,,,,,,,,,,,,
,,,,,,,,,,,WDTS7024RZ-499,WDTS7024RZ Dishwasher SS - Display Only Item #499,,,,Appliance Dealers Cooperative (APPDE),Appliance Dealers Cooperative,FRIGIDAIRE®,,WDTS7024RZ-499,,unclassified / needs manual mapping,FRIGIDAIRE® WDTS7024RZ-499 Product,FRIGIDAIRE WDTS7024RZ-499 PRODUCT,FRIGIDAIRE® WDTS7024RZ-499 Product,FRIGIDAIRE® WDTS7024RZ-499 Product,,,,,,,,,,,,,,,,,,,,,,,,,,,,,,,,,,,,,,,,,,,,,,,,,,,,,,,,,,,,,,,,,,,,,,,,,,,,,,,,,,,,,,,,,,,,,,,,,,,,,,,,,,,,,,,,,,,,,,,,,,,,,,,,,,,,,,,,,,,,,,,,,,,,,,,,,,,,,,,,,,,,,,,,,,,,,,,,,,,,,,,,,,,,,,,,,,,,,,,,,,,,,,,,,,,,,,,,,,,,,,,,,
,,,,,,,,,,,DCB205C-500,Dewalt 20V Max 5.0Ah Starter Kit Item #500,,,,Black & Decker (2585),Black & Decker,DEWALT®,,DCB205C-500,,unclassified / needs manual mapping,DEWALT® DCB205C-500 Product,DEWALT DCB205C-500 PRODUCT,DEWALT® DCB205C-500 Product,DEWALT® DCB205C-500 Product,,,,,,,,,,,,,,,,,,,,,,,,,,,,,,,,,,,,,,,,,,,,,,,,,,,,,,,,,,,,,,,,,,,,,,,,,,,,,,,,,,,,,,,,,,,,,,,,,,,,,,,,,,,,,,,,,,,,,,,,,,,,,,,,,,,,,,,,,,,,,,,,,,,,,,,,,,,,,,,,,,,,,,,,,,,,,,,,,,,,,,,,,,,,,,,,,,,,,,,,,,,,,,,,,,,,,,,,,,,,,,,,,
,,,,,,,,,,,DCB518ASTS06G-501,"DCB518ASTS06G Diablo 1/2""x18"" - Sanding Belt 6pc Item #501",,,,Freud Inc (2435),Freud Inc,DIABLO®,,DCB518ASTS06G-501,,unclassified / needs manual mapping,DIABLO® DCB518ASTS06G-501 Product,DIABLO DCB518ASTS06G-501 PRODUCT,DIABLO® DCB518ASTS06G-501 Product,DIABLO® DCB518ASTS06G-501 Product,,,,,,,,,,,,,,,,,,,,,,,,,,,,,,,,,,,,,,,,,,,,,,,,,,,,,,,,,,,,,,,,,,,,,,,,,,,,,,,,,,,,,,,,,,,,,,,,,,,,,,,,,,,,,,,,,,,,,,,,,,,,,,,,,,,,,,,,,,,,,,,,,,,,,,,,,,,,,,,,,,,,,,,,,,,,,,,,,,,,,,,,,,,,,,,,,,,,,,,,,,,,,,,,,,,,,,,,,,,,,,,,,
,,,,,,,,,,,6702-000-502,Moen 6702-000 Genta Single Handle Bathroom Sink Faucet Chrome 1.2 gpm 4in Item #502,,,,Moen Incorporated (MOEN),Moen Incorporated,MOEN®,,6702-000-502,,Plumbing>Faucets>Bathroom Sink Faucets,"MOEN® 6702-000-502 Bathroom Sink Faucets, 2, 1.2 gpm, Chrome",MOEN 6702-000-502 BATHROOM SINK FAUCETS,"MOEN® 6702-000-502 Bathroom Sink Faucets, 2, 1.2 gpm, Chrome","MOEN® 6702-000-502 Bathroom Sink Faucets, 2, 1.2 gpm, Chrome",,,,,,,,,,,,,,,,,,,,,,,,,,,,,Number of Faucet Handles,2,,Flow Rate,1.2,gpm,Finish/Color,Chrome,,,,,,,,,,,,,,,,,,,,,,,,,,,,,,,,,,,,,,,,,,,,,,,,,,,,,,,,,,,,,,,,,,,,,,,,,,,,,,,,,,,,,,,,,,,,,,,,,,,,,,,,,,,,,,,,,,,,,,,,,,,,,,,,,,,,,,,,,,,,,,,,,,30181702,,,,,,,,,,,,,,,,,,,,,,,,,,,,,,,,,,,,,,,,,,,
,,,,,,,,,,,559HA-DST-503,Delta 559HA-DST Trinsic Single Handle Bathroom Sink Faucet Matte Black 1.2 gpm Item #503,,,,Delta Faucet Company (DELTA),Delta Faucet Company,DELTA®,,559HA-DST-503,,Plumbing>Faucets>Bathroom Sink Faucets,"DELTA® 559HA-DST-503 Bathroom Sink Faucets, 2, 1.2 gpm, Matte Black",DELTA 559HA-DST-503 BATHROOM SINK FAUCET,"DELTA® 559HA-DST-503 Bathroom Sink Faucets, 2, 1.2 gpm, Matte Black","DELTA® 559HA-DST-503 Bathroom Sink Faucets, 2, 1.2 gpm, Matte Black",,,,,,,,,,,,,,,,,,,,,,,,,,,,,Number of Faucet Handles,2,,Flow Rate,1.2,gpm,Finish/Color,Matte Black,,,,,,,,,,,,,,,,,,,,,,,,,,,,,,,,,,,,,,,,,,,,,,,,,,,,,,,,,,,,,,,,,,,,,,,,,,,,,,,,,,,,,,,,,,,,,,,,,,,,,,,,,,,,,,,,,,,,,,,,,,,,,,,,,,,,,,,,,,,,,,,,,,30181702,,,,,,,,,,,,,,,,,,,,,,,,,,,,,,,,,,,,,,,,,,,
,,,,,,,,,,,K-596-VS-504,Kohler K-596-VS Simplice Pull-Down Kitchen Faucet Vibrant Stainless 1.5 gpm Item #504,,,,Kohler Co. (KOHLER),Kohler Co.,KOHLER®,,K-596-VS-504,,Plumbing>Faucets>Utility Faucets,KOHLER® K-596-VS-504 Utility Faucets,KOHLER K-596-VS-504 UTILITY FAUCETS,KOHLER® K-596-VS-504 Utility Faucets,KOHLER® K-596-VS-504 Utility Faucets,,,,,,,,,,,,,,,,,,,,,,,,,,,,,,,,,,,,,,,,,,,,,,,,,,,,,,,,,,,,,,,,,,,,,,,,,,,,,,,,,,,,,,,,,,,,,,,,,,,,,,,,,,,,,,,,,,,,,,,,,,,,,,,,,,,,,,,,,,,,,,,,,,,,,,,,,,,,,,,,,,,,,,,,,,,,,,,,,,,,,,30181706,,,,,,,,,,,,,,,,,,,,,,,,,,,,,,,,,,,,,,,,,,,
,,,,,,,,,,,607-1/2-505,Nibco 607 1/2 1/2 in Copper Wrot Pressure 90 Deg Elbow Item #505,,,,Nibco Inc (NIBCO),Nibco Inc,NIBCO®,,607-1/2-505,,"Plumbing>Pipe, Tube & Hose Fittings>Pipe Fittings","NIBCO® 607-1/2-505 Pipe Fittings, Elbow, 1/2 in, Press, Copper",NIBCO 607-1/2-505 PIPE FITTINGS,"NIBCO® 607-1/2-505 Pipe Fittings, Elbow, 1/2 in, Press, Copper","NIBCO® 607-1/2-505 Pipe Fittings, Elbow, 1/2 in, Press, Copper",,,,,,,,,,,,,,,,,,,,,,,,,,,,,Fitting Fitting/Connector Type,Elbow,,Pipe Size,1/2,in,Connection Type,Press,,Fitting Material,Copper,,,,,,,,,,,,,,,,,,,,,,,,,,,,,,,,,,,,,,,,,,,,,,,,,,,,,,,,,,,,,,,,,,,,,,,,,,,,,,,,,,,,,,,,,,,,,,,,,,,,,,,,,,,,,,,,,,,,,,,,,,,,,,,,,,,,,,,,,,,,,,,40172600,,,,,,,,,,,,,,,,,,,,,,,,,,,,,,,,,,,,,,,,,,,
,,,,,,,,,,,U008LF-506,SharkBite U008LF 1/2 in Push-to-Connect Brass Coupling Item #506,,,,SharkBite Plumbing Solutions (SHARK),SharkBite Plumbing Solutions,SHARKBITE®,,U008LF-506,,"Plumbing>Pipe, Tube & Hose Fittings>Pipe Fittings","SHARKBITE® U008LF-506 Pipe Fittings, Coupling, 1/2 in, Push-to-Connect, Brass",SHARKBITE U008LF-506 PIPE FITTINGS,"SHARKBITE® U008LF-506 Pipe Fittings, Coupling, 1/2 in, Push-to-Connect, Brass","SHARKBITE® U008LF-506 Pipe Fittings, Coupling, 1/2 in, Push-to-Connect, Brass",,,,,,,,,,,,,,,,,,,,,,,,,,,,,Fitting Fitting/Connector Type,Coupling,,Pipe Size,1/2,in,Connection Type,Push-to-Connect,,Fitting Material,Brass,,,,,,,,,,,,,,,,,,,,,,,,,,,,,,,,,,,,,,,,,,,,,,,,,,,,,,,,,,,,,,,,,,,,,,,,,,,,,,,,,,,,,,,,,,,,,,,,,,,,,,,,,,,,,,,,,,,,,,,,,,,,,,,,,,,,,,,,,,,,,,,40172600,,,,,,,,,,,,,,,,,,,,,,,,,,,,,,,,,,,,,,,,,,,
,,,,,,,,,,,NIP-050-CLOSE-507,Charlotte Pipe 1/2 in x Close Black Steel Nipple MNPT Item #507,,,,Charlotte Pipe and Foundry (CHARL),Charlotte Pipe and Foundry,CHARLOTTE PIPE®,,NIP-050-CLOSE-507,,"Plumbing>Pipe, Tube & Hose Fittings>Pipe Fittings","CHARLOTTE PIPE® NIP-050-CLOSE-507 Pipe Fittings, Tee, 1/2 in, MNPT",CHARLOTTE PIPE NIP-050-CLOSE-507 PIPE FI,"CHARLOTTE PIPE® NIP-050-CLOSE-507 Pipe Fittings, Tee, 1/2 in, MNPT","CHARLOTTE PIPE® NIP-050-CLOSE-507 Pipe Fittings, Tee, 1/2 in, MNPT",,,,,,,,,,,,,,,,,,,,,,,,,,,,,Fitting Fitting/Connector Type,Tee,,Pipe Size,1/2,in,Connection Type,MNPT,,,,,,,,,,,,,,,,,,,,,,,,,,,,,,,,,,,,,,,,,,,,,,,,,,,,,,,,,,,,,,,,,,,,,,,,,,,,,,,,,,,,,,,,,,,,,,,,,,,,,,,,,,,,,,,,,,,,,,,,,,,,,,,,,,,,,,,,,,,,,,,,,,40172600,,,,,,,,,,,,,,,,,,,,,,,,,,,,,,,,,,,,,,,,,,,
,,,,,,,,,,,PDSH4816AF-508,PDSH4816AF Dishwasher SS - Display Only Item #508,,,,Appliance Dealers Cooperative (APPDE),Appliance Dealers Cooperative,FRIGIDAIRE®,,PDSH4816AF-508,,unclassified / needs manual mapping,FRIGIDAIRE® PDSH4816AF-508 Product,FRIGIDAIRE PDSH4816AF-508 PRODUCT,FRIGIDAIRE® PDSH4816AF-508 Product,FRIGIDAIRE® PDSH4816AF-508 Product,,,,,,,,,,,,,,,,,,,,,,,,,,,,,,,,,,,,,,,,,,,,,,,,,,,,,,,,,,,,,,,,,,,,,,,,,,,,,,,,,,,,,,,,,,,,,,,,,,,,,,,,,,,,,,,,,,,,,,,,,,,,,,,,,,,,,,,,,,,,,,,,,,,,,,,,,,,,,,,,,,,,,,,,,,,,,,,,,,,,,,,,,,,,,,,,,,,,,,,,,,,,,,,,,,,,,,,,,,,,,,,,,
,,,,,,,,,,,WDTS7024RZ-509,WDTS7024RZ Dishwasher SS - Display Only Item #509,,,,Appliance Dealers Cooperative (APPDE),Appliance Dealers Cooperative,FRIGIDAIRE®,,WDTS7024RZ-509,,unclassified / needs manual mapping,FRIGIDAIRE® WDTS7024RZ-509 Product,FRIGIDAIRE WDTS7024RZ-509 PRODUCT,FRIGIDAIRE® WDTS7024RZ-509 Product,FRIGIDAIRE® WDTS7024RZ-509 Product,,,,,,,,,,,,,,,,,,,,,,,,,,,,,,,,,,,,,,,,,,,,,,,,,,,,,,,,,,,,,,,,,,,,,,,,,,,,,,,,,,,,,,,,,,,,,,,,,,,,,,,,,,,,,,,,,,,,,,,,,,,,,,,,,,,,,,,,,,,,,,,,,,,,,,,,,,,,,,,,,,,,,,,,,,,,,,,,,,,,,,,,,,,,,,,,,,,,,,,,,,,,,,,,,,,,,,,,,,,,,,,,,
,,,,,,,,,,,DCB205C-510,Dewalt 20V Max 5.0Ah Starter Kit Item #510,,,,Black & Decker (2585),Black & Decker,DEWALT®,,DCB205C-510,,unclassified / needs manual mapping,DEWALT® DCB205C-510 Product,DEWALT DCB205C-510 PRODUCT,DEWALT® DCB205C-510 Product,DEWALT® DCB205C-510 Product,,,,,,,,,,,,,,,,,,,,,,,,,,,,,,,,,,,,,,,,,,,,,,,,,,,,,,,,,,,,,,,,,,,,,,,,,,,,,,,,,,,,,,,,,,,,,,,,,,,,,,,,,,,,,,,,,,,,,,,,,,,,,,,,,,,,,,,,,,,,,,,,,,,,,,,,,,,,,,,,,,,,,,,,,,,,,,,,,,,,,,,,,,,,,,,,,,,,,,,,,,,,,,,,,,,,,,,,,,,,,,,,,
,,,,,,,,,,,DCB518ASTS06G-511,"DCB518ASTS06G Diablo 1/2""x18"" - Sanding Belt 6pc Item #511",,,,Freud Inc (2435),Freud Inc,DIABLO®,,DCB518ASTS06G-511,,unclassified / needs manual mapping,DIABLO® DCB518ASTS06G-511 Product,DIABLO DCB518ASTS06G-511 PRODUCT,DIABLO® DCB518ASTS06G-511 Product,DIABLO® DCB518ASTS06G-511 Product,,,,,,,,,,,,,,,,,,,,,,,,,,,,,,,,,,,,,,,,,,,,,,,,,,,,,,,,,,,,,,,,,,,,,,,,,,,,,,,,,,,,,,,,,,,,,,,,,,,,,,,,,,,,,,,,,,,,,,,,,,,,,,,,,,,,,,,,,,,,,,,,,,,,,,,,,,,,,,,,,,,,,,,,,,,,,,,,,,,,,,,,,,,,,,,,,,,,,,,,,,,,,,,,,,,,,,,,,,,,,,,,,
,,,,,,,,,,,6702-000-512,Moen 6702-000 Genta Single Handle Bathroom Sink Faucet Chrome 1.2 gpm 4in Item #512,,,,Moen Incorporated (MOEN),Moen Incorporated,MOEN®,,6702-000-512,,Plumbing>Faucets>Bathroom Sink Faucets,"MOEN® 6702-000-512 Bathroom Sink Faucets, 2, 1.2 gpm, Chrome",MOEN 6702-000-512 BATHROOM SINK FAUCETS,"MOEN® 6702-000-512 Bathroom Sink Faucets, 2, 1.2 gpm, Chrome","MOEN® 6702-000-512 Bathroom Sink Faucets, 2, 1.2 gpm, Chrome",,,,,,,,,,,,,,,,,,,,,,,,,,,,,Number of Faucet Handles,2,,Flow Rate,1.2,gpm,Finish/Color,Chrome,,,,,,,,,,,,,,,,,,,,,,,,,,,,,,,,,,,,,,,,,,,,,,,,,,,,,,,,,,,,,,,,,,,,,,,,,,,,,,,,,,,,,,,,,,,,,,,,,,,,,,,,,,,,,,,,,,,,,,,,,,,,,,,,,,,,,,,,,,,,,,,,,,30181702,,,,,,,,,,,,,,,,,,,,,,,,,,,,,,,,,,,,,,,,,,,
,,,,,,,,,,,559HA-DST-513,Delta 559HA-DST Trinsic Single Handle Bathroom Sink Faucet Matte Black 1.2 gpm Item #513,,,,Delta Faucet Company (DELTA),Delta Faucet Company,DELTA®,,559HA-DST-513,,Plumbing>Faucets>Bathroom Sink Faucets,"DELTA® 559HA-DST-513 Bathroom Sink Faucets, 2, 1.2 gpm, Matte Black",DELTA 559HA-DST-513 BATHROOM SINK FAUCET,"DELTA® 559HA-DST-513 Bathroom Sink Faucets, 2, 1.2 gpm, Matte Black","DELTA® 559HA-DST-513 Bathroom Sink Faucets, 2, 1.2 gpm, Matte Black",,,,,,,,,,,,,,,,,,,,,,,,,,,,,Number of Faucet Handles,2,,Flow Rate,1.2,gpm,Finish/Color,Matte Black,,,,,,,,,,,,,,,,,,,,,,,,,,,,,,,,,,,,,,,,,,,,,,,,,,,,,,,,,,,,,,,,,,,,,,,,,,,,,,,,,,,,,,,,,,,,,,,,,,,,,,,,,,,,,,,,,,,,,,,,,,,,,,,,,,,,,,,,,,,,,,,,,,30181702,,,,,,,,,,,,,,,,,,,,,,,,,,,,,,,,,,,,,,,,,,,
,,,,,,,,,,,K-596-VS-514,Kohler K-596-VS Simplice Pull-Down Kitchen Faucet Vibrant Stainless 1.5 gpm Item #514,,,,Kohler Co. (KOHLER),Kohler Co.,KOHLER®,,K-596-VS-514,,Plumbing>Faucets>Utility Faucets,KOHLER® K-596-VS-514 Utility Faucets,KOHLER K-596-VS-514 UTILITY FAUCETS,KOHLER® K-596-VS-514 Utility Faucets,KOHLER® K-596-VS-514 Utility Faucets,,,,,,,,,,,,,,,,,,,,,,,,,,,,,,,,,,,,,,,,,,,,,,,,,,,,,,,,,,,,,,,,,,,,,,,,,,,,,,,,,,,,,,,,,,,,,,,,,,,,,,,,,,,,,,,,,,,,,,,,,,,,,,,,,,,,,,,,,,,,,,,,,,,,,,,,,,,,,,,,,,,,,,,,,,,,,,,,,,,,,,30181706,,,,,,,,,,,,,,,,,,,,,,,,,,,,,,,,,,,,,,,,,,,
,,,,,,,,,,,607-1/2-515,Nibco 607 1/2 1/2 in Copper Wrot Pressure 90 Deg Elbow Item #515,,,,Nibco Inc (NIBCO),Nibco Inc,NIBCO®,,607-1/2-515,,"Plumbing>Pipe, Tube & Hose Fittings>Pipe Fittings","NIBCO® 607-1/2-515 Pipe Fittings, Elbow, 1/2 in, Press, Copper",NIBCO 607-1/2-515 PIPE FITTINGS,"NIBCO® 607-1/2-515 Pipe Fittings, Elbow, 1/2 in, Press, Copper","NIBCO® 607-1/2-515 Pipe Fittings, Elbow, 1/2 in, Press, Copper",,,,,,,,,,,,,,,,,,,,,,,,,,,,,Fitting Fitting/Connector Type,Elbow,,Pipe Size,1/2,in,Connection Type,Press,,Fitting Material,Copper,,,,,,,,,,,,,,,,,,,,,,,,,,,,,,,,,,,,,,,,,,,,,,,,,,,,,,,,,,,,,,,,,,,,,,,,,,,,,,,,,,,,,,,,,,,,,,,,,,,,,,,,,,,,,,,,,,,,,,,,,,,,,,,,,,,,,,,,,,,,,,,40172600,,,,,,,,,,,,,,,,,,,,,,,,,,,,,,,,,,,,,,,,,,,
,,,,,,,,,,,U008LF-516,SharkBite U008LF 1/2 in Push-to-Connect Brass Coupling Item #516,,,,SharkBite Plumbing Solutions (SHARK),SharkBite Plumbing Solutions,SHARKBITE®,,U008LF-516,,"Plumbing>Pipe, Tube & Hose Fittings>Pipe Fittings","SHARKBITE® U008LF-516 Pipe Fittings, Coupling, 1/2 in, Push-to-Connect, Brass",SHARKBITE U008LF-516 PIPE FITTINGS,"SHARKBITE® U008LF-516 Pipe Fittings, Coupling, 1/2 in, Push-to-Connect, Brass","SHARKBITE® U008LF-516 Pipe Fittings, Coupling, 1/2 in, Push-to-Connect, Brass",,,,,,,,,,,,,,,,,,,,,,,,,,,,,Fitting Fitting/Connector Type,Coupling,,Pipe Size,1/2,in,Connection Type,Push-to-Connect,,Fitting Material,Brass,,,,,,,,,,,,,,,,,,,,,,,,,,,,,,,,,,,,,,,,,,,,,,,,,,,,,,,,,,,,,,,,,,,,,,,,,,,,,,,,,,,,,,,,,,,,,,,,,,,,,,,,,,,,,,,,,,,,,,,,,,,,,,,,,,,,,,,,,,,,,,,40172600,,,,,,,,,,,,,,,,,,,,,,,,,,,,,,,,,,,,,,,,,,,
,,,,,,,,,,,NIP-050-CLOSE-517,Charlotte Pipe 1/2 in x Close Black Steel Nipple MNPT Item #517,,,,Charlotte Pipe and Foundry (CHARL),Charlotte Pipe and Foundry,CHARLOTTE PIPE®,,NIP-050-CLOSE-517,,"Plumbing>Pipe, Tube & Hose Fittings>Pipe Fittings","CHARLOTTE PIPE® NIP-050-CLOSE-517 Pipe Fittings, Tee, 1/2 in, MNPT",CHARLOTTE PIPE NIP-050-CLOSE-517 PIPE FI,"CHARLOTTE PIPE® NIP-050-CLOSE-517 Pipe Fittings, Tee, 1/2 in, MNPT","CHARLOTTE PIPE® NIP-050-CLOSE-517 Pipe Fittings, Tee, 1/2 in, MNPT",,,,,,,,,,,,,,,,,,,,,,,,,,,,,Fitting Fitting/Connector Type,Tee,,Pipe Size,1/2,in,Connection Type,MNPT,,,,,,,,,,,,,,,,,,,,,,,,,,,,,,,,,,,,,,,,,,,,,,,,,,,,,,,,,,,,,,,,,,,,,,,,,,,,,,,,,,,,,,,,,,,,,,,,,,,,,,,,,,,,,,,,,,,,,,,,,,,,,,,,,,,,,,,,,,,,,,,,,,40172600,,,,,,,,,,,,,,,,,,,,,,,,,,,,,,,,,,,,,,,,,,,
,,,,,,,,,,,PDSH4816AF-518,PDSH4816AF Dishwasher SS - Display Only Item #518,,,,Appliance Dealers Cooperative (APPDE),Appliance Dealers Cooperative,FRIGIDAIRE®,,PDSH4816AF-518,,unclassified / needs manual mapping,FRIGIDAIRE® PDSH4816AF-518 Product,FRIGIDAIRE PDSH4816AF-518 PRODUCT,FRIGIDAIRE® PDSH4816AF-518 Product,FRIGIDAIRE® PDSH4816AF-518 Product,,,,,,,,,,,,,,,,,,,,,,,,,,,,,,,,,,,,,,,,,,,,,,,,,,,,,,,,,,,,,,,,,,,,,,,,,,,,,,,,,,,,,,,,,,,,,,,,,,,,,,,,,,,,,,,,,,,,,,,,,,,,,,,,,,,,,,,,,,,,,,,,,,,,,,,,,,,,,,,,,,,,,,,,,,,,,,,,,,,,,,,,,,,,,,,,,,,,,,,,,,,,,,,,,,,,,,,,,,,,,,,,,
,,,,,,,,,,,WDTS7024RZ-519,WDTS7024RZ Dishwasher SS - Display Only Item #519,,,,Appliance Dealers Cooperative (APPDE),Appliance Dealers Cooperative,FRIGIDAIRE®,,WDTS7024RZ-519,,unclassified / needs manual mapping,FRIGIDAIRE® WDTS7024RZ-519 Product,FRIGIDAIRE WDTS7024RZ-519 PRODUCT,FRIGIDAIRE® WDTS7024RZ-519 Product,FRIGIDAIRE® WDTS7024RZ-519 Product,,,,,,,,,,,,,,,,,,,,,,,,,,,,,,,,,,,,,,,,,,,,,,,,,,,,,,,,,,,,,,,,,,,,,,,,,,,,,,,,,,,,,,,,,,,,,,,,,,,,,,,,,,,,,,,,,,,,,,,,,,,,,,,,,,,,,,,,,,,,,,,,,,,,,,,,,,,,,,,,,,,,,,,,,,,,,,,,,,,,,,,,,,,,,,,,,,,,,,,,,,,,,,,,,,,,,,,,,,,,,,,,,
,,,,,,,,,,,DCB205C-520,Dewalt 20V Max 5.0Ah Starter Kit Item #520,,,,Black & Decker (2585),Black & Decker,DEWALT®,,DCB205C-520,,unclassified / needs manual mapping,DEWALT® DCB205C-520 Product,DEWALT DCB205C-520 PRODUCT,DEWALT® DCB205C-520 Product,DEWALT® DCB205C-520 Product,,,,,,,,,,,,,,,,,,,,,,,,,,,,,,,,,,,,,,,,,,,,,,,,,,,,,,,,,,,,,,,,,,,,,,,,,,,,,,,,,,,,,,,,,,,,,,,,,,,,,,,,,,,,,,,,,,,,,,,,,,,,,,,,,,,,,,,,,,,,,,,,,,,,,,,,,,,,,,,,,,,,,,,,,,,,,,,,,,,,,,,,,,,,,,,,,,,,,,,,,,,,,,,,,,,,,,,,,,,,,,,,,
,,,,,,,,,,,DCB518ASTS06G-521,"DCB518ASTS06G Diablo 1/2""x18"" - Sanding Belt 6pc Item #521",,,,Freud Inc (2435),Freud Inc,DIABLO®,,DCB518ASTS06G-521,,unclassified / needs manual mapping,DIABLO® DCB518ASTS06G-521 Product,DIABLO DCB518ASTS06G-521 PRODUCT,DIABLO® DCB518ASTS06G-521 Product,DIABLO® DCB518ASTS06G-521 Product,,,,,,,,,,,,,,,,,,,,,,,,,,,,,,,,,,,,,,,,,,,,,,,,,,,,,,,,,,,,,,,,,,,,,,,,,,,,,,,,,,,,,,,,,,,,,,,,,,,,,,,,,,,,,,,,,,,,,,,,,,,,,,,,,,,,,,,,,,,,,,,,,,,,,,,,,,,,,,,,,,,,,,,,,,,,,,,,,,,,,,,,,,,,,,,,,,,,,,,,,,,,,,,,,,,,,,,,,,,,,,,,,
,,,,,,,,,,,6702-000-522,Moen 6702-000 Genta Single Handle Bathroom Sink Faucet Chrome 1.2 gpm 4in Item #522,,,,Moen Incorporated (MOEN),Moen Incorporated,MOEN®,,6702-000-522,,Plumbing>Faucets>Bathroom Sink Faucets,"MOEN® 6702-000-522 Bathroom Sink Faucets, 2, 1.2 gpm, Chrome",MOEN 6702-000-522 BATHROOM SINK FAUCETS,"MOEN® 6702-000-522 Bathroom Sink Faucets, 2, 1.2 gpm, Chrome","MOEN® 6702-000-522 Bathroom Sink Faucets, 2, 1.2 gpm, Chrome",,,,,,,,,,,,,,,,,,,,,,,,,,,,,Number of Faucet Handles,2,,Flow Rate,1.2,gpm,Finish/Color,Chrome,,,,,,,,,,,,,,,,,,,,,,,,,,,,,,,,,,,,,,,,,,,,,,,,,,,,,,,,,,,,,,,,,,,,,,,,,,,,,,,,,,,,,,,,,,,,,,,,,,,,,,,,,,,,,,,,,,,,,,,,,,,,,,,,,,,,,,,,,,,,,,,,,,30181702,,,,,,,,,,,,,,,,,,,,,,,,,,,,,,,,,,,,,,,,,,,
,,,,,,,,,,,559HA-DST-523,Delta 559HA-DST Trinsic Single Handle Bathroom Sink Faucet Matte Black 1.2 gpm Item #523,,,,Delta Faucet Company (DELTA),Delta Faucet Company,DELTA®,,559HA-DST-523,,Plumbing>Faucets>Bathroom Sink Faucets,"DELTA® 559HA-DST-523 Bathroom Sink Faucets, 2, 1.2 gpm, Matte Black",DELTA 559HA-DST-523 BATHROOM SINK FAUCET,"DELTA® 559HA-DST-523 Bathroom Sink Faucets, 2, 1.2 gpm, Matte Black","DELTA® 559HA-DST-523 Bathroom Sink Faucets, 2, 1.2 gpm, Matte Black",,,,,,,,,,,,,,,,,,,,,,,,,,,,,Number of Faucet Handles,2,,Flow Rate,1.2,gpm,Finish/Color,Matte Black,,,,,,,,,,,,,,,,,,,,,,,,,,,,,,,,,,,,,,,,,,,,,,,,,,,,,,,,,,,,,,,,,,,,,,,,,,,,,,,,,,,,,,,,,,,,,,,,,,,,,,,,,,,,,,,,,,,,,,,,,,,,,,,,,,,,,,,,,,,,,,,,,,30181702,,,,,,,,,,,,,,,,,,,,,,,,,,,,,,,,,,,,,,,,,,,
,,,,,,,,,,,K-596-VS-524,Kohler K-596-VS Simplice Pull-Down Kitchen Faucet Vibrant Stainless 1.5 gpm Item #524,,,,Kohler Co. (KOHLER),Kohler Co.,KOHLER®,,K-596-VS-524,,Plumbing>Faucets>Utility Faucets,KOHLER® K-596-VS-524 Utility Faucets,KOHLER K-596-VS-524 UTILITY FAUCETS,KOHLER® K-596-VS-524 Utility Faucets,KOHLER® K-596-VS-524 Utility Faucets,,,,,,,,,,,,,,,,,,,,,,,,,,,,,,,,,,,,,,,,,,,,,,,,,,,,,,,,,,,,,,,,,,,,,,,,,,,,,,,,,,,,,,,,,,,,,,,,,,,,,,,,,,,,,,,,,,,,,,,,,,,,,,,,,,,,,,,,,,,,,,,,,,,,,,,,,,,,,,,,,,,,,,,,,,,,,,,,,,,,,,30181706,,,,,,,,,,,,,,,,,,,,,,,,,,,,,,,,,,,,,,,,,,,
,,,,,,,,,,,607-1/2-525,Nibco 607 1/2 1/2 in Copper Wrot Pressure 90 Deg Elbow Item #525,,,,Nibco Inc (NIBCO),Nibco Inc,NIBCO®,,607-1/2-525,,"Plumbing>Pipe, Tube & Hose Fittings>Pipe Fittings","NIBCO® 607-1/2-525 Pipe Fittings, Elbow, 1/2 in, Press, Copper",NIBCO 607-1/2-525 PIPE FITTINGS,"NIBCO® 607-1/2-525 Pipe Fittings, Elbow, 1/2 in, Press, Copper","NIBCO® 607-1/2-525 Pipe Fittings, Elbow, 1/2 in, Press, Copper",,,,,,,,,,,,,,,,,,,,,,,,,,,,,Fitting Fitting/Connector Type,Elbow,,Pipe Size,1/2,in,Connection Type,Press,,Fitting Material,Copper,,,,,,,,,,,,,,,,,,,,,,,,,,,,,,,,,,,,,,,,,,,,,,,,,,,,,,,,,,,,,,,,,,,,,,,,,,,,,,,,,,,,,,,,,,,,,,,,,,,,,,,,,,,,,,,,,,,,,,,,,,,,,,,,,,,,,,,,,,,,,,,40172600,,,,,,,,,,,,,,,,,,,,,,,,,,,,,,,,,,,,,,,,,,,
,,,,,,,,,,,U008LF-526,SharkBite U008LF 1/2 in Push-to-Connect Brass Coupling Item #526,,,,SharkBite Plumbing Solutions (SHARK),SharkBite Plumbing Solutions,SHARKBITE®,,U008LF-526,,"Plumbing>Pipe, Tube & Hose Fittings>Pipe Fittings","SHARKBITE® U008LF-526 Pipe Fittings, Coupling, 1/2 in, Push-to-Connect, Brass",SHARKBITE U008LF-526 PIPE FITTINGS,"SHARKBITE® U008LF-526 Pipe Fittings, Coupling, 1/2 in, Push-to-Connect, Brass","SHARKBITE® U008LF-526 Pipe Fittings, Coupling, 1/2 in, Push-to-Connect, Brass",,,,,,,,,,,,,,,,,,,,,,,,,,,,,Fitting Fitting/Connector Type,Coupling,,Pipe Size,1/2,in,Connection Type,Push-to-Connect,,Fitting Material,Brass,,,,,,,,,,,,,,,,,,,,,,,,,,,,,,,,,,,,,,,,,,,,,,,,,,,,,,,,,,,,,,,,,,,,,,,,,,,,,,,,,,,,,,,,,,,,,,,,,,,,,,,,,,,,,,,,,,,,,,,,,,,,,,,,,,,,,,,,,,,,,,,40172600,,,,,,,,,,,,,,,,,,,,,,,,,,,,,,,,,,,,,,,,,,,
,,,,,,,,,,,NIP-050-CLOSE-527,Charlotte Pipe 1/2 in x Close Black Steel Nipple MNPT Item #527,,,,Charlotte Pipe and Foundry (CHARL),Charlotte Pipe and Foundry,CHARLOTTE PIPE®,,NIP-050-CLOSE-527,,"Plumbing>Pipe, Tube & Hose Fittings>Pipe Fittings","CHARLOTTE PIPE® NIP-050-CLOSE-527 Pipe Fittings, Tee, 1/2 in, MNPT",CHARLOTTE PIPE NIP-050-CLOSE-527 PIPE FI,"CHARLOTTE PIPE® NIP-050-CLOSE-527 Pipe Fittings, Tee, 1/2 in, MNPT","CHARLOTTE PIPE® NIP-050-CLOSE-527 Pipe Fittings, Tee, 1/2 in, MNPT",,,,,,,,,,,,,,,,,,,,,,,,,,,,,Fitting Fitting/Connector Type,Tee,,Pipe Size,1/2,in,Connection Type,MNPT,,,,,,,,,,,,,,,,,,,,,,,,,,,,,,,,,,,,,,,,,,,,,,,,,,,,,,,,,,,,,,,,,,,,,,,,,,,,,,,,,,,,,,,,,,,,,,,,,,,,,,,,,,,,,,,,,,,,,,,,,,,,,,,,,,,,,,,,,,,,,,,,,,40172600,,,,,,,,,,,,,,,,,,,,,,,,,,,,,,,,,,,,,,,,,,,
,,,,,,,,,,,PDSH4816AF-528,PDSH4816AF Dishwasher SS - Display Only Item #528,,,,Appliance Dealers Cooperative (APPDE),Appliance Dealers Cooperative,FRIGIDAIRE®,,PDSH4816AF-528,,unclassified / needs manual mapping,FRIGIDAIRE® PDSH4816AF-528 Product,FRIGIDAIRE PDSH4816AF-528 PRODUCT,FRIGIDAIRE® PDSH4816AF-528 Product,FRIGIDAIRE® PDSH4816AF-528 Product,,,,,,,,,,,,,,,,,,,,,,,,,,,,,,,,,,,,,,,,,,,,,,,,,,,,,,,,,,,,,,,,,,,,,,,,,,,,,,,,,,,,,,,,,,,,,,,,,,,,,,,,,,,,,,,,,,,,,,,,,,,,,,,,,,,,,,,,,,,,,,,,,,,,,,,,,,,,,,,,,,,,,,,,,,,,,,,,,,,,,,,,,,,,,,,,,,,,,,,,,,,,,,,,,,,,,,,,,,,,,,,,,
,,,,,,,,,,,WDTS7024RZ-529,WDTS7024RZ Dishwasher SS - Display Only Item #529,,,,Appliance Dealers Cooperative (APPDE),Appliance Dealers Cooperative,FRIGIDAIRE®,,WDTS7024RZ-529,,unclassified / needs manual mapping,FRIGIDAIRE® WDTS7024RZ-529 Product,FRIGIDAIRE WDTS7024RZ-529 PRODUCT,FRIGIDAIRE® WDTS7024RZ-529 Product,FRIGIDAIRE® WDTS7024RZ-529 Product,,,,,,,,,,,,,,,,,,,,,,,,,,,,,,,,,,,,,,,,,,,,,,,,,,,,,,,,,,,,,,,,,,,,,,,,,,,,,,,,,,,,,,,,,,,,,,,,,,,,,,,,,,,,,,,,,,,,,,,,,,,,,,,,,,,,,,,,,,,,,,,,,,,,,,,,,,,,,,,,,,,,,,,,,,,,,,,,,,,,,,,,,,,,,,,,,,,,,,,,,,,,,,,,,,,,,,,,,,,,,,,,,
,,,,,,,,,,,DCB205C-530,Dewalt 20V Max 5.0Ah Starter Kit Item #530,,,,Black & Decker (2585),Black & Decker,DEWALT®,,DCB205C-530,,unclassified / needs manual mapping,DEWALT® DCB205C-530 Product,DEWALT DCB205C-530 PRODUCT,DEWALT® DCB205C-530 Product,DEWALT® DCB205C-530 Product,,,,,,,,,,,,,,,,,,,,,,,,,,,,,,,,,,,,,,,,,,,,,,,,,,,,,,,,,,,,,,,,,,,,,,,,,,,,,,,,,,,,,,,,,,,,,,,,,,,,,,,,,,,,,,,,,,,,,,,,,,,,,,,,,,,,,,,,,,,,,,,,,,,,,,,,,,,,,,,,,,,,,,,,,,,,,,,,,,,,,,,,,,,,,,,,,,,,,,,,,,,,,,,,,,,,,,,,,,,,,,,,,
,,,,,,,,,,,DCB518ASTS06G-531,"DCB518ASTS06G Diablo 1/2""x18"" - Sanding Belt 6pc Item #531",,,,Freud Inc (2435),Freud Inc,DIABLO®,,DCB518ASTS06G-531,,unclassified / needs manual mapping,DIABLO® DCB518ASTS06G-531 Product,DIABLO DCB518ASTS06G-531 PRODUCT,DIABLO® DCB518ASTS06G-531 Product,DIABLO® DCB518ASTS06G-531 Product,,,,,,,,,,,,,,,,,,,,,,,,,,,,,,,,,,,,,,,,,,,,,,,,,,,,,,,,,,,,,,,,,,,,,,,,,,,,,,,,,,,,,,,,,,,,,,,,,,,,,,,,,,,,,,,,,,,,,,,,,,,,,,,,,,,,,,,,,,,,,,,,,,,,,,,,,,,,,,,,,,,,,,,,,,,,,,,,,,,,,,,,,,,,,,,,,,,,,,,,,,,,,,,,,,,,,,,,,,,,,,,,,
,,,,,,,,,,,6702-000-532,Moen 6702-000 Genta Single Handle Bathroom Sink Faucet Chrome 1.2 gpm 4in Item #532,,,,Moen Incorporated (MOEN),Moen Incorporated,MOEN®,,6702-000-532,,Plumbing>Faucets>Bathroom Sink Faucets,"MOEN® 6702-000-532 Bathroom Sink Faucets, 2, 1.2 gpm, Chrome",MOEN 6702-000-532 BATHROOM SINK FAUCETS,"MOEN® 6702-000-532 Bathroom Sink Faucets, 2, 1.2 gpm, Chrome","MOEN® 6702-000-532 Bathroom Sink Faucets, 2, 1.2 gpm, Chrome",,,,,,,,,,,,,,,,,,,,,,,,,,,,,Number of Faucet Handles,2,,Flow Rate,1.2,gpm,Finish/Color,Chrome,,,,,,,,,,,,,,,,,,,,,,,,,,,,,,,,,,,,,,,,,,,,,,,,,,,,,,,,,,,,,,,,,,,,,,,,,,,,,,,,,,,,,,,,,,,,,,,,,,,,,,,,,,,,,,,,,,,,,,,,,,,,,,,,,,,,,,,,,,,,,,,,,,30181702,,,,,,,,,,,,,,,,,,,,,,,,,,,,,,,,,,,,,,,,,,,
,,,,,,,,,,,559HA-DST-533,Delta 559HA-DST Trinsic Single Handle Bathroom Sink Faucet Matte Black 1.2 gpm Item #533,,,,Delta Faucet Company (DELTA),Delta Faucet Company,DELTA®,,559HA-DST-533,,Plumbing>Faucets>Bathroom Sink Faucets,"DELTA® 559HA-DST-533 Bathroom Sink Faucets, 2, 1.2 gpm, Matte Black",DELTA 559HA-DST-533 BATHROOM SINK FAUCET,"DELTA® 559HA-DST-533 Bathroom Sink Faucets, 2, 1.2 gpm, Matte Black","DELTA® 559HA-DST-533 Bathroom Sink Faucets, 2, 1.2 gpm, Matte Black",,,,,,,,,,,,,,,,,,,,,,,,,,,,,Number of Faucet Handles,2,,Flow Rate,1.2,gpm,Finish/Color,Matte Black,,,,,,,,,,,,,,,,,,,,,,,,,,,,,,,,,,,,,,,,,,,,,,,,,,,,,,,,,,,,,,,,,,,,,,,,,,,,,,,,,,,,,,,,,,,,,,,,,,,,,,,,,,,,,,,,,,,,,,,,,,,,,,,,,,,,,,,,,,,,,,,,,,30181702,,,,,,,,,,,,,,,,,,,,,,,,,,,,,,,,,,,,,,,,,,,
,,,,,,,,,,,K-596-VS-534,Kohler K-596-VS Simplice Pull-Down Kitchen Faucet Vibrant Stainless 1.5 gpm Item #534,,,,Kohler Co. (KOHLER),Kohler Co.,KOHLER®,,K-596-VS-534,,Plumbing>Faucets>Utility Faucets,KOHLER® K-596-VS-534 Utility Faucets,KOHLER K-596-VS-534 UTILITY FAUCETS,KOHLER® K-596-VS-534 Utility Faucets,KOHLER® K-596-VS-534 Utility Faucets,,,,,,,,,,,,,,,,,,,,,,,,,,,,,,,,,,,,,,,,,,,,,,,,,,,,,,,,,,,,,,,,,,,,,,,,,,,,,,,,,,,,,,,,,,,,,,,,,,,,,,,,,,,,,,,,,,,,,,,,,,,,,,,,,,,,,,,,,,,,,,,,,,,,,,,,,,,,,,,,,,,,,,,,,,,,,,,,,,,,,,30181706,,,,,,,,,,,,,,,,,,,,,,,,,,,,,,,,,,,,,,,,,,,
,,,,,,,,,,,607-1/2-535,Nibco 607 1/2 1/2 in Copper Wrot Pressure 90 Deg Elbow Item #535,,,,Nibco Inc (NIBCO),Nibco Inc,NIBCO®,,607-1/2-535,,"Plumbing>Pipe, Tube & Hose Fittings>Pipe Fittings","NIBCO® 607-1/2-535 Pipe Fittings, Elbow, 1/2 in, Press, Copper",NIBCO 607-1/2-535 PIPE FITTINGS,"NIBCO® 607-1/2-535 Pipe Fittings, Elbow, 1/2 in, Press, Copper","NIBCO® 607-1/2-535 Pipe Fittings, Elbow, 1/2 in, Press, Copper",,,,,,,,,,,,,,,,,,,,,,,,,,,,,Fitting Fitting/Connector Type,Elbow,,Pipe Size,1/2,in,Connection Type,Press,,Fitting Material,Copper,,,,,,,,,,,,,,,,,,,,,,,,,,,,,,,,,,,,,,,,,,,,,,,,,,,,,,,,,,,,,,,,,,,,,,,,,,,,,,,,,,,,,,,,,,,,,,,,,,,,,,,,,,,,,,,,,,,,,,,,,,,,,,,,,,,,,,,,,,,,,,,40172600,,,,,,,,,,,,,,,,,,,,,,,,,,,,,,,,,,,,,,,,,,,
,,,,,,,,,,,U008LF-536,SharkBite U008LF 1/2 in Push-to-Connect Brass Coupling Item #536,,,,SharkBite Plumbing Solutions (SHARK),SharkBite Plumbing Solutions,SHARKBITE®,,U008LF-536,,"Plumbing>Pipe, Tube & Hose Fittings>Pipe Fittings","SHARKBITE® U008LF-536 Pipe Fittings, Coupling, 1/2 in, Push-to-Connect, Brass",SHARKBITE U008LF-536 PIPE FITTINGS,"SHARKBITE® U008LF-536 Pipe Fittings, Coupling, 1/2 in, Push-to-Connect, Brass","SHARKBITE® U008LF-536 Pipe Fittings, Coupling, 1/2 in, Push-to-Connect, Brass",,,,,,,,,,,,,,,,,,,,,,,,,,,,,Fitting Fitting/Connector Type,Coupling,,Pipe Size,1/2,in,Connection Type,Push-to-Connect,,Fitting Material,Brass,,,,,,,,,,,,,,,,,,,,,,,,,,,,,,,,,,,,,,,,,,,,,,,,,,,,,,,,,,,,,,,,,,,,,,,,,,,,,,,,,,,,,,,,,,,,,,,,,,,,,,,,,,,,,,,,,,,,,,,,,,,,,,,,,,,,,,,,,,,,,,,40172600,,,,,,,,,,,,,,,,,,,,,,,,,,,,,,,,,,,,,,,,,,,
,,,,,,,,,,,NIP-050-CLOSE-537,Charlotte Pipe 1/2 in x Close Black Steel Nipple MNPT Item #537,,,,Charlotte Pipe and Foundry (CHARL),Charlotte Pipe and Foundry,CHARLOTTE PIPE®,,NIP-050-CLOSE-537,,"Plumbing>Pipe, Tube & Hose Fittings>Pipe Fittings","CHARLOTTE PIPE® NIP-050-CLOSE-537 Pipe Fittings, Tee, 1/2 in, MNPT",CHARLOTTE PIPE NIP-050-CLOSE-537 PIPE FI,"CHARLOTTE PIPE® NIP-050-CLOSE-537 Pipe Fittings, Tee, 1/2 in, MNPT","CHARLOTTE PIPE® NIP-050-CLOSE-537 Pipe Fittings, Tee, 1/2 in, MNPT",,,,,,,,,,,,,,,,,,,,,,,,,,,,,Fitting Fitting/Connector Type,Tee,,Pipe Size,1/2,in,Connection Type,MNPT,,,,,,,,,,,,,,,,,,,,,,,,,,,,,,,,,,,,,,,,,,,,,,,,,,,,,,,,,,,,,,,,,,,,,,,,,,,,,,,,,,,,,,,,,,,,,,,,,,,,,,,,,,,,,,,,,,,,,,,,,,,,,,,,,,,,,,,,,,,,,,,,,,40172600,,,,,,,,,,,,,,,,,,,,,,,,,,,,,,,,,,,,,,,,,,,
,,,,,,,,,,,PDSH4816AF-538,PDSH4816AF Dishwasher SS - Display Only Item #538,,,,Appliance Dealers Cooperative (APPDE),Appliance Dealers Cooperative,FRIGIDAIRE®,,PDSH4816AF-538,,unclassified / needs manual mapping,FRIGIDAIRE® PDSH4816AF-538 Product,FRIGIDAIRE PDSH4816AF-538 PRODUCT,FRIGIDAIRE® PDSH4816AF-538 Product,FRIGIDAIRE® PDSH4816AF-538 Product,,,,,,,,,,,,,,,,,,,,,,,,,,,,,,,,,,,,,,,,,,,,,,,,,,,,,,,,,,,,,,,,,,,,,,,,,,,,,,,,,,,,,,,,,,,,,,,,,,,,,,,,,,,,,,,,,,,,,,,,,,,,,,,,,,,,,,,,,,,,,,,,,,,,,,,,,,,,,,,,,,,,,,,,,,,,,,,,,,,,,,,,,,,,,,,,,,,,,,,,,,,,,,,,,,,,,,,,,,,,,,,,,
,,,,,,,,,,,WDTS7024RZ-539,WDTS7024RZ Dishwasher SS - Display Only Item #539,,,,Appliance Dealers Cooperative (APPDE),Appliance Dealers Cooperative,FRIGIDAIRE®,,WDTS7024RZ-539,,unclassified / needs manual mapping,FRIGIDAIRE® WDTS7024RZ-539 Product,FRIGIDAIRE WDTS7024RZ-539 PRODUCT,FRIGIDAIRE® WDTS7024RZ-539 Product,FRIGIDAIRE® WDTS7024RZ-539 Product,,,,,,,,,,,,,,,,,,,,,,,,,,,,,,,,,,,,,,,,,,,,,,,,,,,,,,,,,,,,,,,,,,,,,,,,,,,,,,,,,,,,,,,,,,,,,,,,,,,,,,,,,,,,,,,,,,,,,,,,,,,,,,,,,,,,,,,,,,,,,,,,,,,,,,,,,,,,,,,,,,,,,,,,,,,,,,,,,,,,,,,,,,,,,,,,,,,,,,,,,,,,,,,,,,,,,,,,,,,,,,,,,
,,,,,,,,,,,DCB205C-540,Dewalt 20V Max 5.0Ah Starter Kit Item #540,,,,Black & Decker (2585),Black & Decker,DEWALT®,,DCB205C-540,,unclassified / needs manual mapping,DEWALT® DCB205C-540 Product,DEWALT DCB205C-540 PRODUCT,DEWALT® DCB205C-540 Product,DEWALT® DCB205C-540 Product,,,,,,,,,,,,,,,,,,,,,,,,,,,,,,,,,,,,,,,,,,,,,,,,,,,,,,,,,,,,,,,,,,,,,,,,,,,,,,,,,,,,,,,,,,,,,,,,,,,,,,,,,,,,,,,,,,,,,,,,,,,,,,,,,,,,,,,,,,,,,,,,,,,,,,,,,,,,,,,,,,,,,,,,,,,,,,,,,,,,,,,,,,,,,,,,,,,,,,,,,,,,,,,,,,,,,,,,,,,,,,,,,
,,,,,,,,,,,DCB518ASTS06G-541,"DCB518ASTS06G Diablo 1/2""x18"" - Sanding Belt 6pc Item #541",,,,Freud Inc (2435),Freud Inc,DIABLO®,,DCB518ASTS06G-541,,unclassified / needs manual mapping,DIABLO® DCB518ASTS06G-541 Product,DIABLO DCB518ASTS06G-541 PRODUCT,DIABLO® DCB518ASTS06G-541 Product,DIABLO® DCB518ASTS06G-541 Product,,,,,,,,,,,,,,,,,,,,,,,,,,,,,,,,,,,,,,,,,,,,,,,,,,,,,,,,,,,,,,,,,,,,,,,,,,,,,,,,,,,,,,,,,,,,,,,,,,,,,,,,,,,,,,,,,,,,,,,,,,,,,,,,,,,,,,,,,,,,,,,,,,,,,,,,,,,,,,,,,,,,,,,,,,,,,,,,,,,,,,,,,,,,,,,,,,,,,,,,,,,,,,,,,,,,,,,,,,,,,,,,,
,,,,,,,,,,,6702-000-542,Moen 6702-000 Genta Single Handle Bathroom Sink Faucet Chrome 1.2 gpm 4in Item #542,,,,Moen Incorporated (MOEN),Moen Incorporated,MOEN®,,6702-000-542,,Plumbing>Faucets>Bathroom Sink Faucets,"MOEN® 6702-000-542 Bathroom Sink Faucets, 2, 1.2 gpm, Chrome",MOEN 6702-000-542 BATHROOM SINK FAUCETS,"MOEN® 6702-000-542 Bathroom Sink Faucets, 2, 1.2 gpm, Chrome","MOEN® 6702-000-542 Bathroom Sink Faucets, 2, 1.2 gpm, Chrome",,,,,,,,,,,,,,,,,,,,,,,,,,,,,Number of Faucet Handles,2,,Flow Rate,1.2,gpm,Finish/Color,Chrome,,,,,,,,,,,,,,,,,,,,,,,,,,,,,,,,,,,,,,,,,,,,,,,,,,,,,,,,,,,,,,,,,,,,,,,,,,,,,,,,,,,,,,,,,,,,,,,,,,,,,,,,,,,,,,,,,,,,,,,,,,,,,,,,,,,,,,,,,,,,,,,,,,30181702,,,,,,,,,,,,,,,,,,,,,,,,,,,,,,,,,,,,,,,,,,,
,,,,,,,,,,,559HA-DST-543,Delta 559HA-DST Trinsic Single Handle Bathroom Sink Faucet Matte Black 1.2 gpm Item #543,,,,Delta Faucet Company (DELTA),Delta Faucet Company,DELTA®,,559HA-DST-543,,Plumbing>Faucets>Bathroom Sink Faucets,"DELTA® 559HA-DST-543 Bathroom Sink Faucets, 2, 1.2 gpm, Matte Black",DELTA 559HA-DST-543 BATHROOM SINK FAUCET,"DELTA® 559HA-DST-543 Bathroom Sink Faucets, 2, 1.2 gpm, Matte Black","DELTA® 559HA-DST-543 Bathroom Sink Faucets, 2, 1.2 gpm, Matte Black",,,,,,,,,,,,,,,,,,,,,,,,,,,,,Number of Faucet Handles,2,,Flow Rate,1.2,gpm,Finish/Color,Matte Black,,,,,,,,,,,,,,,,,,,,,,,,,,,,,,,,,,,,,,,,,,,,,,,,,,,,,,,,,,,,,,,,,,,,,,,,,,,,,,,,,,,,,,,,,,,,,,,,,,,,,,,,,,,,,,,,,,,,,,,,,,,,,,,,,,,,,,,,,,,,,,,,,,30181702,,,,,,,,,,,,,,,,,,,,,,,,,,,,,,,,,,,,,,,,,,,
,,,,,,,,,,,K-596-VS-544,Kohler K-596-VS Simplice Pull-Down Kitchen Faucet Vibrant Stainless 1.5 gpm Item #544,,,,Kohler Co. (KOHLER),Kohler Co.,KOHLER®,,K-596-VS-544,,Plumbing>Faucets>Utility Faucets,KOHLER® K-596-VS-544 Utility Faucets,KOHLER K-596-VS-544 UTILITY FAUCETS,KOHLER® K-596-VS-544 Utility Faucets,KOHLER® K-596-VS-544 Utility Faucets,,,,,,,,,,,,,,,,,,,,,,,,,,,,,,,,,,,,,,,,,,,,,,,,,,,,,,,,,,,,,,,,,,,,,,,,,,,,,,,,,,,,,,,,,,,,,,,,,,,,,,,,,,,,,,,,,,,,,,,,,,,,,,,,,,,,,,,,,,,,,,,,,,,,,,,,,,,,,,,,,,,,,,,,,,,,,,,,,,,,,,30181706,,,,,,,,,,,,,,,,,,,,,,,,,,,,,,,,,,,,,,,,,,,
,,,,,,,,,,,607-1/2-545,Nibco 607 1/2 1/2 in Copper Wrot Pressure 90 Deg Elbow Item #545,,,,Nibco Inc (NIBCO),Nibco Inc,NIBCO®,,607-1/2-545,,"Plumbing>Pipe, Tube & Hose Fittings>Pipe Fittings","NIBCO® 607-1/2-545 Pipe Fittings, Elbow, 1/2 in, Press, Copper",NIBCO 607-1/2-545 PIPE FITTINGS,"NIBCO® 607-1/2-545 Pipe Fittings, Elbow, 1/2 in, Press, Copper","NIBCO® 607-1/2-545 Pipe Fittings, Elbow, 1/2 in, Press, Copper",,,,,,,,,,,,,,,,,,,,,,,,,,,,,Fitting Fitting/Connector Type,Elbow,,Pipe Size,1/2,in,Connection Type,Press,,Fitting Material,Copper,,,,,,,,,,,,,,,,,,,,,,,,,,,,,,,,,,,,,,,,,,,,,,,,,,,,,,,,,,,,,,,,,,,,,,,,,,,,,,,,,,,,,,,,,,,,,,,,,,,,,,,,,,,,,,,,,,,,,,,,,,,,,,,,,,,,,,,,,,,,,,,40172600,,,,,,,,,,,,,,,,,,,,,,,,,,,,,,,,,,,,,,,,,,,
,,,,,,,,,,,U008LF-546,SharkBite U008LF 1/2 in Push-to-Connect Brass Coupling Item #546,,,,SharkBite Plumbing Solutions (SHARK),SharkBite Plumbing Solutions,SHARKBITE®,,U008LF-546,,"Plumbing>Pipe, Tube & Hose Fittings>Pipe Fittings","SHARKBITE® U008LF-546 Pipe Fittings, Coupling, 1/2 in, Push-to-Connect, Brass",SHARKBITE U008LF-546 PIPE FITTINGS,"SHARKBITE® U008LF-546 Pipe Fittings, Coupling, 1/2 in, Push-to-Connect, Brass","SHARKBITE® U008LF-546 Pipe Fittings, Coupling, 1/2 in, Push-to-Connect, Brass",,,,,,,,,,,,,,,,,,,,,,,,,,,,,Fitting Fitting/Connector Type,Coupling,,Pipe Size,1/2,in,Connection Type,Push-to-Connect,,Fitting Material,Brass,,,,,,,,,,,,,,,,,,,,,,,,,,,,,,,,,,,,,,,,,,,,,,,,,,,,,,,,,,,,,,,,,,,,,,,,,,,,,,,,,,,,,,,,,,,,,,,,,,,,,,,,,,,,,,,,,,,,,,,,,,,,,,,,,,,,,,,,,,,,,,,40172600,,,,,,,,,,,,,,,,,,,,,,,,,,,,,,,,,,,,,,,,,,,
,,,,,,,,,,,NIP-050-CLOSE-547,Charlotte Pipe 1/2 in x Close Black Steel Nipple MNPT Item #547,,,,Charlotte Pipe and Foundry (CHARL),Charlotte Pipe and Foundry,CHARLOTTE PIPE®,,NIP-050-CLOSE-547,,"Plumbing>Pipe, Tube & Hose Fittings>Pipe Fittings","CHARLOTTE PIPE® NIP-050-CLOSE-547 Pipe Fittings, Tee, 1/2 in, MNPT",CHARLOTTE PIPE NIP-050-CLOSE-547 PIPE FI,"CHARLOTTE PIPE® NIP-050-CLOSE-547 Pipe Fittings, Tee, 1/2 in, MNPT","CHARLOTTE PIPE® NIP-050-CLOSE-547 Pipe Fittings, Tee, 1/2 in, MNPT",,,,,,,,,,,,,,,,,,,,,,,,,,,,,Fitting Fitting/Connector Type,Tee,,Pipe Size,1/2,in,Connection Type,MNPT,,,,,,,,,,,,,,,,,,,,,,,,,,,,,,,,,,,,,,,,,,,,,,,,,,,,,,,,,,,,,,,,,,,,,,,,,,,,,,,,,,,,,,,,,,,,,,,,,,,,,,,,,,,,,,,,,,,,,,,,,,,,,,,,,,,,,,,,,,,,,,,,,,40172600,,,,,,,,,,,,,,,,,,,,,,,,,,,,,,,,,,,,,,,,,,,
,,,,,,,,,,,PDSH4816AF-548,PDSH4816AF Dishwasher SS - Display Only Item #548,,,,Appliance Dealers Cooperative (APPDE),Appliance Dealers Cooperative,FRIGIDAIRE®,,PDSH4816AF-548,,unclassified / needs manual mapping,FRIGIDAIRE® PDSH4816AF-548 Product,FRIGIDAIRE PDSH4816AF-548 PRODUCT,FRIGIDAIRE® PDSH4816AF-548 Product,FRIGIDAIRE® PDSH4816AF-548 Product,,,,,,,,,,,,,,,,,,,,,,,,,,,,,,,,,,,,,,,,,,,,,,,,,,,,,,,,,,,,,,,,,,,,,,,,,,,,,,,,,,,,,,,,,,,,,,,,,,,,,,,,,,,,,,,,,,,,,,,,,,,,,,,,,,,,,,,,,,,,,,,,,,,,,,,,,,,,,,,,,,,,,,,,,,,,,,,,,,,,,,,,,,,,,,,,,,,,,,,,,,,,,,,,,,,,,,,,,,,,,,,,,
,,,,,,,,,,,WDTS7024RZ-549,WDTS7024RZ Dishwasher SS - Display Only Item #549,,,,Appliance Dealers Cooperative (APPDE),Appliance Dealers Cooperative,FRIGIDAIRE®,,WDTS7024RZ-549,,unclassified / needs manual mapping,FRIGIDAIRE® WDTS7024RZ-549 Product,FRIGIDAIRE WDTS7024RZ-549 PRODUCT,FRIGIDAIRE® WDTS7024RZ-549 Product,FRIGIDAIRE® WDTS7024RZ-549 Product,,,,,,,,,,,,,,,,,,,,,,,,,,,,,,,,,,,,,,,,,,,,,,,,,,,,,,,,,,,,,,,,,,,,,,,,,,,,,,,,,,,,,,,,,,,,,,,,,,,,,,,,,,,,,,,,,,,,,,,,,,,,,,,,,,,,,,,,,,,,,,,,,,,,,,,,,,,,,,,,,,,,,,,,,,,,,,,,,,,,,,,,,,,,,,,,,,,,,,,,,,,,,,,,,,,,,,,,,,,,,,,,,
,,,,,,,,,,,DCB205C-550,Dewalt 20V Max 5.0Ah Starter Kit Item #550,,,,Black & Decker (2585),Black & Decker,DEWALT®,,DCB205C-550,,unclassified / needs manual mapping,DEWALT® DCB205C-550 Product,DEWALT DCB205C-550 PRODUCT,DEWALT® DCB205C-550 Product,DEWALT® DCB205C-550 Product,,,,,,,,,,,,,,,,,,,,,,,,,,,,,,,,,,,,,,,,,,,,,,,,,,,,,,,,,,,,,,,,,,,,,,,,,,,,,,,,,,,,,,,,,,,,,,,,,,,,,,,,,,,,,,,,,,,,,,,,,,,,,,,,,,,,,,,,,,,,,,,,,,,,,,,,,,,,,,,,,,,,,,,,,,,,,,,,,,,,,,,,,,,,,,,,,,,,,,,,,,,,,,,,,,,,,,,,,,,,,,,,,
,,,,,,,,,,,DCB518ASTS06G-551,"DCB518ASTS06G Diablo 1/2""x18"" - Sanding Belt 6pc Item #551",,,,Freud Inc (2435),Freud Inc,DIABLO®,,DCB518ASTS06G-551,,unclassified / needs manual mapping,DIABLO® DCB518ASTS06G-551 Product,DIABLO DCB518ASTS06G-551 PRODUCT,DIABLO® DCB518ASTS06G-551 Product,DIABLO® DCB518ASTS06G-551 Product,,,,,,,,,,,,,,,,,,,,,,,,,,,,,,,,,,,,,,,,,,,,,,,,,,,,,,,,,,,,,,,,,,,,,,,,,,,,,,,,,,,,,,,,,,,,,,,,,,,,,,,,,,,,,,,,,,,,,,,,,,,,,,,,,,,,,,,,,,,,,,,,,,,,,,,,,,,,,,,,,,,,,,,,,,,,,,,,,,,,,,,,,,,,,,,,,,,,,,,,,,,,,,,,,,,,,,,,,,,,,,,,,
,,,,,,,,,,,6702-000-552,Moen 6702-000 Genta Single Handle Bathroom Sink Faucet Chrome 1.2 gpm 4in Item #552,,,,Moen Incorporated (MOEN),Moen Incorporated,MOEN®,,6702-000-552,,Plumbing>Faucets>Bathroom Sink Faucets,"MOEN® 6702-000-552 Bathroom Sink Faucets, 2, 1.2 gpm, Chrome",MOEN 6702-000-552 BATHROOM SINK FAUCETS,"MOEN® 6702-000-552 Bathroom Sink Faucets, 2, 1.2 gpm, Chrome","MOEN® 6702-000-552 Bathroom Sink Faucets, 2, 1.2 gpm, Chrome",,,,,,,,,,,,,,,,,,,,,,,,,,,,,Number of Faucet Handles,2,,Flow Rate,1.2,gpm,Finish/Color,Chrome,,,,,,,,,,,,,,,,,,,,,,,,,,,,,,,,,,,,,,,,,,,,,,,,,,,,,,,,,,,,,,,,,,,,,,,,,,,,,,,,,,,,,,,,,,,,,,,,,,,,,,,,,,,,,,,,,,,,,,,,,,,,,,,,,,,,,,,,,,,,,,,,,,30181702,,,,,,,,,,,,,,,,,,,,,,,,,,,,,,,,,,,,,,,,,,,
,,,,,,,,,,,559HA-DST-553,Delta 559HA-DST Trinsic Single Handle Bathroom Sink Faucet Matte Black 1.2 gpm Item #553,,,,Delta Faucet Company (DELTA),Delta Faucet Company,DELTA®,,559HA-DST-553,,Plumbing>Faucets>Bathroom Sink Faucets,"DELTA® 559HA-DST-553 Bathroom Sink Faucets, 2, 1.2 gpm, Matte Black",DELTA 559HA-DST-553 BATHROOM SINK FAUCET,"DELTA® 559HA-DST-553 Bathroom Sink Faucets, 2, 1.2 gpm, Matte Black","DELTA® 559HA-DST-553 Bathroom Sink Faucets, 2, 1.2 gpm, Matte Black",,,,,,,,,,,,,,,,,,,,,,,,,,,,,Number of Faucet Handles,2,,Flow Rate,1.2,gpm,Finish/Color,Matte Black,,,,,,,,,,,,,,,,,,,,,,,,,,,,,,,,,,,,,,,,,,,,,,,,,,,,,,,,,,,,,,,,,,,,,,,,,,,,,,,,,,,,,,,,,,,,,,,,,,,,,,,,,,,,,,,,,,,,,,,,,,,,,,,,,,,,,,,,,,,,,,,,,,30181702,,,,,,,,,,,,,,,,,,,,,,,,,,,,,,,,,,,,,,,,,,,
,,,,,,,,,,,K-596-VS-554,Kohler K-596-VS Simplice Pull-Down Kitchen Faucet Vibrant Stainless 1.5 gpm Item #554,,,,Kohler Co. (KOHLER),Kohler Co.,KOHLER®,,K-596-VS-554,,Plumbing>Faucets>Utility Faucets,KOHLER® K-596-VS-554 Utility Faucets,KOHLER K-596-VS-554 UTILITY FAUCETS,KOHLER® K-596-VS-554 Utility Faucets,KOHLER® K-596-VS-554 Utility Faucets,,,,,,,,,,,,,,,,,,,,,,,,,,,,,,,,,,,,,,,,,,,,,,,,,,,,,,,,,,,,,,,,,,,,,,,,,,,,,,,,,,,,,,,,,,,,,,,,,,,,,,,,,,,,,,,,,,,,,,,,,,,,,,,,,,,,,,,,,,,,,,,,,,,,,,,,,,,,,,,,,,,,,,,,,,,,,,,,,,,,,,30181706,,,,,,,,,,,,,,,,,,,,,,,,,,,,,,,,,,,,,,,,,,,
,,,,,,,,,,,607-1/2-555,Nibco 607 1/2 1/2 in Copper Wrot Pressure 90 Deg Elbow Item #555,,,,Nibco Inc (NIBCO),Nibco Inc,NIBCO®,,607-1/2-555,,"Plumbing>Pipe, Tube & Hose Fittings>Pipe Fittings","NIBCO® 607-1/2-555 Pipe Fittings, Elbow, 1/2 in, Press, Copper",NIBCO 607-1/2-555 PIPE FITTINGS,"NIBCO® 607-1/2-555 Pipe Fittings, Elbow, 1/2 in, Press, Copper","NIBCO® 607-1/2-555 Pipe Fittings, Elbow, 1/2 in, Press, Copper",,,,,,,,,,,,,,,,,,,,,,,,,,,,,Fitting Fitting/Connector Type,Elbow,,Pipe Size,1/2,in,Connection Type,Press,,Fitting Material,Copper,,,,,,,,,,,,,,,,,,,,,,,,,,,,,,,,,,,,,,,,,,,,,,,,,,,,,,,,,,,,,,,,,,,,,,,,,,,,,,,,,,,,,,,,,,,,,,,,,,,,,,,,,,,,,,,,,,,,,,,,,,,,,,,,,,,,,,,,,,,,,,,40172600,,,,,,,,,,,,,,,,,,,,,,,,,,,,,,,,,,,,,,,,,,,
,,,,,,,,,,,U008LF-556,SharkBite U008LF 1/2 in Push-to-Connect Brass Coupling Item #556,,,,SharkBite Plumbing Solutions (SHARK),SharkBite Plumbing Solutions,SHARKBITE®,,U008LF-556,,"Plumbing>Pipe, Tube & Hose Fittings>Pipe Fittings","SHARKBITE® U008LF-556 Pipe Fittings, Coupling, 1/2 in, Push-to-Connect, Brass",SHARKBITE U008LF-556 PIPE FITTINGS,"SHARKBITE® U008LF-556 Pipe Fittings, Coupling, 1/2 in, Push-to-Connect, Brass","SHARKBITE® U008LF-556 Pipe Fittings, Coupling, 1/2 in, Push-to-Connect, Brass",,,,,,,,,,,,,,,,,,,,,,,,,,,,,Fitting Fitting/Connector Type,Coupling,,Pipe Size,1/2,in,Connection Type,Push-to-Connect,,Fitting Material,Brass,,,,,,,,,,,,,,,,,,,,,,,,,,,,,,,,,,,,,,,,,,,,,,,,,,,,,,,,,,,,,,,,,,,,,,,,,,,,,,,,,,,,,,,,,,,,,,,,,,,,,,,,,,,,,,,,,,,,,,,,,,,,,,,,,,,,,,,,,,,,,,,40172600,,,,,,,,,,,,,,,,,,,,,,,,,,,,,,,,,,,,,,,,,,,
,,,,,,,,,,,NIP-050-CLOSE-557,Charlotte Pipe 1/2 in x Close Black Steel Nipple MNPT Item #557,,,,Charlotte Pipe and Foundry (CHARL),Charlotte Pipe and Foundry,CHARLOTTE PIPE®,,NIP-050-CLOSE-557,,"Plumbing>Pipe, Tube & Hose Fittings>Pipe Fittings","CHARLOTTE PIPE® NIP-050-CLOSE-557 Pipe Fittings, Tee, 1/2 in, MNPT",CHARLOTTE PIPE NIP-050-CLOSE-557 PIPE FI,"CHARLOTTE PIPE® NIP-050-CLOSE-557 Pipe Fittings, Tee, 1/2 in, MNPT","CHARLOTTE PIPE® NIP-050-CLOSE-557 Pipe Fittings, Tee, 1/2 in, MNPT",,,,,,,,,,,,,,,,,,,,,,,,,,,,,Fitting Fitting/Connector Type,Tee,,Pipe Size,1/2,in,Connection Type,MNPT,,,,,,,,,,,,,,,,,,,,,,,,,,,,,,,,,,,,,,,,,,,,,,,,,,,,,,,,,,,,,,,,,,,,,,,,,,,,,,,,,,,,,,,,,,,,,,,,,,,,,,,,,,,,,,,,,,,,,,,,,,,,,,,,,,,,,,,,,,,,,,,,,,40172600,,,,,,,,,,,,,,,,,,,,,,,,,,,,,,,,,,,,,,,,,,,
,,,,,,,,,,,PDSH4816AF-558,PDSH4816AF Dishwasher SS - Display Only Item #558,,,,Appliance Dealers Cooperative (APPDE),Appliance Dealers Cooperative,FRIGIDAIRE®,,PDSH4816AF-558,,unclassified / needs manual mapping,FRIGIDAIRE® PDSH4816AF-558 Product,FRIGIDAIRE PDSH4816AF-558 PRODUCT,FRIGIDAIRE® PDSH4816AF-558 Product,FRIGIDAIRE® PDSH4816AF-558 Product,,,,,,,,,,,,,,,,,,,,,,,,,,,,,,,,,,,,,,,,,,,,,,,,,,,,,,,,,,,,,,,,,,,,,,,,,,,,,,,,,,,,,,,,,,,,,,,,,,,,,,,,,,,,,,,,,,,,,,,,,,,,,,,,,,,,,,,,,,,,,,,,,,,,,,,,,,,,,,,,,,,,,,,,,,,,,,,,,,,,,,,,,,,,,,,,,,,,,,,,,,,,,,,,,,,,,,,,,,,,,,,,,
,,,,,,,,,,,WDTS7024RZ-559,WDTS7024RZ Dishwasher SS - Display Only Item #559,,,,Appliance Dealers Cooperative (APPDE),Appliance Dealers Cooperative,FRIGIDAIRE®,,WDTS7024RZ-559,,unclassified / needs manual mapping,FRIGIDAIRE® WDTS7024RZ-559 Product,FRIGIDAIRE WDTS7024RZ-559 PRODUCT,FRIGIDAIRE® WDTS7024RZ-559 Product,FRIGIDAIRE® WDTS7024RZ-559 Product,,,,,,,,,,,,,,,,,,,,,,,,,,,,,,,,,,,,,,,,,,,,,,,,,,,,,,,,,,,,,,,,,,,,,,,,,,,,,,,,,,,,,,,,,,,,,,,,,,,,,,,,,,,,,,,,,,,,,,,,,,,,,,,,,,,,,,,,,,,,,,,,,,,,,,,,,,,,,,,,,,,,,,,,,,,,,,,,,,,,,,,,,,,,,,,,,,,,,,,,,,,,,,,,,,,,,,,,,,,,,,,,,
,,,,,,,,,,,DCB205C-560,Dewalt 20V Max 5.0Ah Starter Kit Item #560,,,,Black & Decker (2585),Black & Decker,DEWALT®,,DCB205C-560,,unclassified / needs manual mapping,DEWALT® DCB205C-560 Product,DEWALT DCB205C-560 PRODUCT,DEWALT® DCB205C-560 Product,DEWALT® DCB205C-560 Product,,,,,,,,,,,,,,,,,,,,,,,,,,,,,,,,,,,,,,,,,,,,,,,,,,,,,,,,,,,,,,,,,,,,,,,,,,,,,,,,,,,,,,,,,,,,,,,,,,,,,,,,,,,,,,,,,,,,,,,,,,,,,,,,,,,,,,,,,,,,,,,,,,,,,,,,,,,,,,,,,,,,,,,,,,,,,,,,,,,,,,,,,,,,,,,,,,,,,,,,,,,,,,,,,,,,,,,,,,,,,,,,,
,,,,,,,,,,,DCB518ASTS06G-561,"DCB518ASTS06G Diablo 1/2""x18"" - Sanding Belt 6pc Item #561",,,,Freud Inc (2435),Freud Inc,DIABLO®,,DCB518ASTS06G-561,,unclassified / needs manual mapping,DIABLO® DCB518ASTS06G-561 Product,DIABLO DCB518ASTS06G-561 PRODUCT,DIABLO® DCB518ASTS06G-561 Product,DIABLO® DCB518ASTS06G-561 Product,,,,,,,,,,,,,,,,,,,,,,,,,,,,,,,,,,,,,,,,,,,,,,,,,,,,,,,,,,,,,,,,,,,,,,,,,,,,,,,,,,,,,,,,,,,,,,,,,,,,,,,,,,,,,,,,,,,,,,,,,,,,,,,,,,,,,,,,,,,,,,,,,,,,,,,,,,,,,,,,,,,,,,,,,,,,,,,,,,,,,,,,,,,,,,,,,,,,,,,,,,,,,,,,,,,,,,,,,,,,,,,,,
,,,,,,,,,,,6702-000-562,Moen 6702-000 Genta Single Handle Bathroom Sink Faucet Chrome 1.2 gpm 4in Item #562,,,,Moen Incorporated (MOEN),Moen Incorporated,MOEN®,,6702-000-562,,Plumbing>Faucets>Bathroom Sink Faucets,"MOEN® 6702-000-562 Bathroom Sink Faucets, 2, 1.2 gpm, Chrome",MOEN 6702-000-562 BATHROOM SINK FAUCETS,"MOEN® 6702-000-562 Bathroom Sink Faucets, 2, 1.2 gpm, Chrome","MOEN® 6702-000-562 Bathroom Sink Faucets, 2, 1.2 gpm, Chrome",,,,,,,,,,,,,,,,,,,,,,,,,,,,,Number of Faucet Handles,2,,Flow Rate,1.2,gpm,Finish/Color,Chrome,,,,,,,,,,,,,,,,,,,,,,,,,,,,,,,,,,,,,,,,,,,,,,,,,,,,,,,,,,,,,,,,,,,,,,,,,,,,,,,,,,,,,,,,,,,,,,,,,,,,,,,,,,,,,,,,,,,,,,,,,,,,,,,,,,,,,,,,,,,,,,,,,,30181702,,,,,,,,,,,,,,,,,,,,,,,,,,,,,,,,,,,,,,,,,,,
,,,,,,,,,,,559HA-DST-563,Delta 559HA-DST Trinsic Single Handle Bathroom Sink Faucet Matte Black 1.2 gpm Item #563,,,,Delta Faucet Company (DELTA),Delta Faucet Company,DELTA®,,559HA-DST-563,,Plumbing>Faucets>Bathroom Sink Faucets,"DELTA® 559HA-DST-563 Bathroom Sink Faucets, 2, 1.2 gpm, Matte Black",DELTA 559HA-DST-563 BATHROOM SINK FAUCET,"DELTA® 559HA-DST-563 Bathroom Sink Faucets, 2, 1.2 gpm, Matte Black","DELTA® 559HA-DST-563 Bathroom Sink Faucets, 2, 1.2 gpm, Matte Black",,,,,,,,,,,,,,,,,,,,,,,,,,,,,Number of Faucet Handles,2,,Flow Rate,1.2,gpm,Finish/Color,Matte Black,,,,,,,,,,,,,,,,,,,,,,,,,,,,,,,,,,,,,,,,,,,,,,,,,,,,,,,,,,,,,,,,,,,,,,,,,,,,,,,,,,,,,,,,,,,,,,,,,,,,,,,,,,,,,,,,,,,,,,,,,,,,,,,,,,,,,,,,,,,,,,,,,,30181702,,,,,,,,,,,,,,,,,,,,,,,,,,,,,,,,,,,,,,,,,,,
,,,,,,,,,,,K-596-VS-564,Kohler K-596-VS Simplice Pull-Down Kitchen Faucet Vibrant Stainless 1.5 gpm Item #564,,,,Kohler Co. (KOHLER),Kohler Co.,KOHLER®,,K-596-VS-564,,Plumbing>Faucets>Utility Faucets,KOHLER® K-596-VS-564 Utility Faucets,KOHLER K-596-VS-564 UTILITY FAUCETS,KOHLER® K-596-VS-564 Utility Faucets,KOHLER® K-596-VS-564 Utility Faucets,,,,,,,,,,,,,,,,,,,,,,,,,,,,,,,,,,,,,,,,,,,,,,,,,,,,,,,,,,,,,,,,,,,,,,,,,,,,,,,,,,,,,,,,,,,,,,,,,,,,,,,,,,,,,,,,,,,,,,,,,,,,,,,,,,,,,,,,,,,,,,,,,,,,,,,,,,,,,,,,,,,,,,,,,,,,,,,,,,,,,,30181706,,,,,,,,,,,,,,,,,,,,,,,,,,,,,,,,,,,,,,,,,,,
,,,,,,,,,,,607-1/2-565,Nibco 607 1/2 1/2 in Copper Wrot Pressure 90 Deg Elbow Item #565,,,,Nibco Inc (NIBCO),Nibco Inc,NIBCO®,,607-1/2-565,,"Plumbing>Pipe, Tube & Hose Fittings>Pipe Fittings","NIBCO® 607-1/2-565 Pipe Fittings, Elbow, 1/2 in, Press, Copper",NIBCO 607-1/2-565 PIPE FITTINGS,"NIBCO® 607-1/2-565 Pipe Fittings, Elbow, 1/2 in, Press, Copper","NIBCO® 607-1/2-565 Pipe Fittings, Elbow, 1/2 in, Press, Copper",,,,,,,,,,,,,,,,,,,,,,,,,,,,,Fitting Fitting/Connector Type,Elbow,,Pipe Size,1/2,in,Connection Type,Press,,Fitting Material,Copper,,,,,,,,,,,,,,,,,,,,,,,,,,,,,,,,,,,,,,,,,,,,,,,,,,,,,,,,,,,,,,,,,,,,,,,,,,,,,,,,,,,,,,,,,,,,,,,,,,,,,,,,,,,,,,,,,,,,,,,,,,,,,,,,,,,,,,,,,,,,,,,40172600,,,,,,,,,,,,,,,,,,,,,,,,,,,,,,,,,,,,,,,,,,,
,,,,,,,,,,,U008LF-566,SharkBite U008LF 1/2 in Push-to-Connect Brass Coupling Item #566,,,,SharkBite Plumbing Solutions (SHARK),SharkBite Plumbing Solutions,SHARKBITE®,,U008LF-566,,"Plumbing>Pipe, Tube & Hose Fittings>Pipe Fittings","SHARKBITE® U008LF-566 Pipe Fittings, Coupling, 1/2 in, Push-to-Connect, Brass",SHARKBITE U008LF-566 PIPE FITTINGS,"SHARKBITE® U008LF-566 Pipe Fittings, Coupling, 1/2 in, Push-to-Connect, Brass","SHARKBITE® U008LF-566 Pipe Fittings, Coupling, 1/2 in, Push-to-Connect, Brass",,,,,,,,,,,,,,,,,,,,,,,,,,,,,Fitting Fitting/Connector Type,Coupling,,Pipe Size,1/2,in,Connection Type,Push-to-Connect,,Fitting Material,Brass,,,,,,,,,,,,,,,,,,,,,,,,,,,,,,,,,,,,,,,,,,,,,,,,,,,,,,,,,,,,,,,,,,,,,,,,,,,,,,,,,,,,,,,,,,,,,,,,,,,,,,,,,,,,,,,,,,,,,,,,,,,,,,,,,,,,,,,,,,,,,,,40172600,,,,,,,,,,,,,,,,,,,,,,,,,,,,,,,,,,,,,,,,,,,
,,,,,,,,,,,NIP-050-CLOSE-567,Charlotte Pipe 1/2 in x Close Black Steel Nipple MNPT Item #567,,,,Charlotte Pipe and Foundry (CHARL),Charlotte Pipe and Foundry,CHARLOTTE PIPE®,,NIP-050-CLOSE-567,,"Plumbing>Pipe, Tube & Hose Fittings>Pipe Fittings","CHARLOTTE PIPE® NIP-050-CLOSE-567 Pipe Fittings, Tee, 1/2 in, MNPT",CHARLOTTE PIPE NIP-050-CLOSE-567 PIPE FI,"CHARLOTTE PIPE® NIP-050-CLOSE-567 Pipe Fittings, Tee, 1/2 in, MNPT","CHARLOTTE PIPE® NIP-050-CLOSE-567 Pipe Fittings, Tee, 1/2 in, MNPT",,,,,,,,,,,,,,,,,,,,,,,,,,,,,Fitting Fitting/Connector Type,Tee,,Pipe Size,1/2,in,Connection Type,MNPT,,,,,,,,,,,,,,,,,,,,,,,,,,,,,,,,,,,,,,,,,,,,,,,,,,,,,,,,,,,,,,,,,,,,,,,,,,,,,,,,,,,,,,,,,,,,,,,,,,,,,,,,,,,,,,,,,,,,,,,,,,,,,,,,,,,,,,,,,,,,,,,,,,40172600,,,,,,,,,,,,,,,,,,,,,,,,,,,,,,,,,,,,,,,,,,,
,,,,,,,,,,,PDSH4816AF-568,PDSH4816AF Dishwasher SS - Display Only Item #568,,,,Appliance Dealers Cooperative (APPDE),Appliance Dealers Cooperative,FRIGIDAIRE®,,PDSH4816AF-568,,unclassified / needs manual mapping,FRIGIDAIRE® PDSH4816AF-568 Product,FRIGIDAIRE PDSH4816AF-568 PRODUCT,FRIGIDAIRE® PDSH4816AF-568 Product,FRIGIDAIRE® PDSH4816AF-568 Product,,,,,,,,,,,,,,,,,,,,,,,,,,,,,,,,,,,,,,,,,,,,,,,,,,,,,,,,,,,,,,,,,,,,,,,,,,,,,,,,,,,,,,,,,,,,,,,,,,,,,,,,,,,,,,,,,,,,,,,,,,,,,,,,,,,,,,,,,,,,,,,,,,,,,,,,,,,,,,,,,,,,,,,,,,,,,,,,,,,,,,,,,,,,,,,,,,,,,,,,,,,,,,,,,,,,,,,,,,,,,,,,,
,,,,,,,,,,,WDTS7024RZ-569,WDTS7024RZ Dishwasher SS - Display Only Item #569,,,,Appliance Dealers Cooperative (APPDE),Appliance Dealers Cooperative,FRIGIDAIRE®,,WDTS7024RZ-569,,unclassified / needs manual mapping,FRIGIDAIRE® WDTS7024RZ-569 Product,FRIGIDAIRE WDTS7024RZ-569 PRODUCT,FRIGIDAIRE® WDTS7024RZ-569 Product,FRIGIDAIRE® WDTS7024RZ-569 Product,,,,,,,,,,,,,,,,,,,,,,,,,,,,,,,,,,,,,,,,,,,,,,,,,,,,,,,,,,,,,,,,,,,,,,,,,,,,,,,,,,,,,,,,,,,,,,,,,,,,,,,,,,,,,,,,,,,,,,,,,,,,,,,,,,,,,,,,,,,,,,,,,,,,,,,,,,,,,,,,,,,,,,,,,,,,,,,,,,,,,,,,,,,,,,,,,,,,,,,,,,,,,,,,,,,,,,,,,,,,,,,,,
,,,,,,,,,,,DCB205C-570,Dewalt 20V Max 5.0Ah Starter Kit Item #570,,,,Black & Decker (2585),Black & Decker,DEWALT®,,DCB205C-570,,unclassified / needs manual mapping,DEWALT® DCB205C-570 Product,DEWALT DCB205C-570 PRODUCT,DEWALT® DCB205C-570 Product,DEWALT® DCB205C-570 Product,,,,,,,,,,,,,,,,,,,,,,,,,,,,,,,,,,,,,,,,,,,,,,,,,,,,,,,,,,,,,,,,,,,,,,,,,,,,,,,,,,,,,,,,,,,,,,,,,,,,,,,,,,,,,,,,,,,,,,,,,,,,,,,,,,,,,,,,,,,,,,,,,,,,,,,,,,,,,,,,,,,,,,,,,,,,,,,,,,,,,,,,,,,,,,,,,,,,,,,,,,,,,,,,,,,,,,,,,,,,,,,,,
,,,,,,,,,,,DCB518ASTS06G-571,"DCB518ASTS06G Diablo 1/2""x18"" - Sanding Belt 6pc Item #571",,,,Freud Inc (2435),Freud Inc,DIABLO®,,DCB518ASTS06G-571,,unclassified / needs manual mapping,DIABLO® DCB518ASTS06G-571 Product,DIABLO DCB518ASTS06G-571 PRODUCT,DIABLO® DCB518ASTS06G-571 Product,DIABLO® DCB518ASTS06G-571 Product,,,,,,,,,,,,,,,,,,,,,,,,,,,,,,,,,,,,,,,,,,,,,,,,,,,,,,,,,,,,,,,,,,,,,,,,,,,,,,,,,,,,,,,,,,,,,,,,,,,,,,,,,,,,,,,,,,,,,,,,,,,,,,,,,,,,,,,,,,,,,,,,,,,,,,,,,,,,,,,,,,,,,,,,,,,,,,,,,,,,,,,,,,,,,,,,,,,,,,,,,,,,,,,,,,,,,,,,,,,,,,,,,
,,,,,,,,,,,6702-000-572,Moen 6702-000 Genta Single Handle Bathroom Sink Faucet Chrome 1.2 gpm 4in Item #572,,,,Moen Incorporated (MOEN),Moen Incorporated,MOEN®,,6702-000-572,,Plumbing>Faucets>Bathroom Sink Faucets,"MOEN® 6702-000-572 Bathroom Sink Faucets, 2, 1.2 gpm, Chrome",MOEN 6702-000-572 BATHROOM SINK FAUCETS,"MOEN® 6702-000-572 Bathroom Sink Faucets, 2, 1.2 gpm, Chrome","MOEN® 6702-000-572 Bathroom Sink Faucets, 2, 1.2 gpm, Chrome",,,,,,,,,,,,,,,,,,,,,,,,,,,,,Number of Faucet Handles,2,,Flow Rate,1.2,gpm,Finish/Color,Chrome,,,,,,,,,,,,,,,,,,,,,,,,,,,,,,,,,,,,,,,,,,,,,,,,,,,,,,,,,,,,,,,,,,,,,,,,,,,,,,,,,,,,,,,,,,,,,,,,,,,,,,,,,,,,,,,,,,,,,,,,,,,,,,,,,,,,,,,,,,,,,,,,,,30181702,,,,,,,,,,,,,,,,,,,,,,,,,,,,,,,,,,,,,,,,,,,
,,,,,,,,,,,559HA-DST-573,Delta 559HA-DST Trinsic Single Handle Bathroom Sink Faucet Matte Black 1.2 gpm Item #573,,,,Delta Faucet Company (DELTA),Delta Faucet Company,DELTA®,,559HA-DST-573,,Plumbing>Faucets>Bathroom Sink Faucets,"DELTA® 559HA-DST-573 Bathroom Sink Faucets, 2, 1.2 gpm, Matte Black",DELTA 559HA-DST-573 BATHROOM SINK FAUCET,"DELTA® 559HA-DST-573 Bathroom Sink Faucets, 2, 1.2 gpm, Matte Black","DELTA® 559HA-DST-573 Bathroom Sink Faucets, 2, 1.2 gpm, Matte Black",,,,,,,,,,,,,,,,,,,,,,,,,,,,,Number of Faucet Handles,2,,Flow Rate,1.2,gpm,Finish/Color,Matte Black,,,,,,,,,,,,,,,,,,,,,,,,,,,,,,,,,,,,,,,,,,,,,,,,,,,,,,,,,,,,,,,,,,,,,,,,,,,,,,,,,,,,,,,,,,,,,,,,,,,,,,,,,,,,,,,,,,,,,,,,,,,,,,,,,,,,,,,,,,,,,,,,,,30181702,,,,,,,,,,,,,,,,,,,,,,,,,,,,,,,,,,,,,,,,,,,
,,,,,,,,,,,K-596-VS-574,Kohler K-596-VS Simplice Pull-Down Kitchen Faucet Vibrant Stainless 1.5 gpm Item #574,,,,Kohler Co. (KOHLER),Kohler Co.,KOHLER®,,K-596-VS-574,,Plumbing>Faucets>Utility Faucets,KOHLER® K-596-VS-574 Utility Faucets,KOHLER K-596-VS-574 UTILITY FAUCETS,KOHLER® K-596-VS-574 Utility Faucets,KOHLER® K-596-VS-574 Utility Faucets,,,,,,,,,,,,,,,,,,,,,,,,,,,,,,,,,,,,,,,,,,,,,,,,,,,,,,,,,,,,,,,,,,,,,,,,,,,,,,,,,,,,,,,,,,,,,,,,,,,,,,,,,,,,,,,,,,,,,,,,,,,,,,,,,,,,,,,,,,,,,,,,,,,,,,,,,,,,,,,,,,,,,,,,,,,,,,,,,,,,,,30181706,,,,,,,,,,,,,,,,,,,,,,,,,,,,,,,,,,,,,,,,,,,
,,,,,,,,,,,607-1/2-575,Nibco 607 1/2 1/2 in Copper Wrot Pressure 90 Deg Elbow Item #575,,,,Nibco Inc (NIBCO),Nibco Inc,NIBCO®,,607-1/2-575,,"Plumbing>Pipe, Tube & Hose Fittings>Pipe Fittings","NIBCO® 607-1/2-575 Pipe Fittings, Elbow, 1/2 in, Press, Copper",NIBCO 607-1/2-575 PIPE FITTINGS,"NIBCO® 607-1/2-575 Pipe Fittings, Elbow, 1/2 in, Press, Copper","NIBCO® 607-1/2-575 Pipe Fittings, Elbow, 1/2 in, Press, Copper",,,,,,,,,,,,,,,,,,,,,,,,,,,,,Fitting Fitting/Connector Type,Elbow,,Pipe Size,1/2,in,Connection Type,Press,,Fitting Material,Copper,,,,,,,,,,,,,,,,,,,,,,,,,,,,,,,,,,,,,,,,,,,,,,,,,,,,,,,,,,,,,,,,,,,,,,,,,,,,,,,,,,,,,,,,,,,,,,,,,,,,,,,,,,,,,,,,,,,,,,,,,,,,,,,,,,,,,,,,,,,,,,,40172600,,,,,,,,,,,,,,,,,,,,,,,,,,,,,,,,,,,,,,,,,,,
,,,,,,,,,,,U008LF-576,SharkBite U008LF 1/2 in Push-to-Connect Brass Coupling Item #576,,,,SharkBite Plumbing Solutions (SHARK),SharkBite Plumbing Solutions,SHARKBITE®,,U008LF-576,,"Plumbing>Pipe, Tube & Hose Fittings>Pipe Fittings","SHARKBITE® U008LF-576 Pipe Fittings, Coupling, 1/2 in, Push-to-Connect, Brass",SHARKBITE U008LF-576 PIPE FITTINGS,"SHARKBITE® U008LF-576 Pipe Fittings, Coupling, 1/2 in, Push-to-Connect, Brass","SHARKBITE® U008LF-576 Pipe Fittings, Coupling, 1/2 in, Push-to-Connect, Brass",,,,,,,,,,,,,,,,,,,,,,,,,,,,,Fitting Fitting/Connector Type,Coupling,,Pipe Size,1/2,in,Connection Type,Push-to-Connect,,Fitting Material,Brass,,,,,,,,,,,,,,,,,,,,,,,,,,,,,,,,,,,,,,,,,,,,,,,,,,,,,,,,,,,,,,,,,,,,,,,,,,,,,,,,,,,,,,,,,,,,,,,,,,,,,,,,,,,,,,,,,,,,,,,,,,,,,,,,,,,,,,,,,,,,,,,40172600,,,,,,,,,,,,,,,,,,,,,,,,,,,,,,,,,,,,,,,,,,,
,,,,,,,,,,,NIP-050-CLOSE-577,Charlotte Pipe 1/2 in x Close Black Steel Nipple MNPT Item #577,,,,Charlotte Pipe and Foundry (CHARL),Charlotte Pipe and Foundry,CHARLOTTE PIPE®,,NIP-050-CLOSE-577,,"Plumbing>Pipe, Tube & Hose Fittings>Pipe Fittings","CHARLOTTE PIPE® NIP-050-CLOSE-577 Pipe Fittings, Tee, 1/2 in, MNPT",CHARLOTTE PIPE NIP-050-CLOSE-577 PIPE FI,"CHARLOTTE PIPE® NIP-050-CLOSE-577 Pipe Fittings, Tee, 1/2 in, MNPT","CHARLOTTE PIPE® NIP-050-CLOSE-577 Pipe Fittings, Tee, 1/2 in, MNPT",,,,,,,,,,,,,,,,,,,,,,,,,,,,,Fitting Fitting/Connector Type,Tee,,Pipe Size,1/2,in,Connection Type,MNPT,,,,,,,,,,,,,,,,,,,,,,,,,,,,,,,,,,,,,,,,,,,,,,,,,,,,,,,,,,,,,,,,,,,,,,,,,,,,,,,,,,,,,,,,,,,,,,,,,,,,,,,,,,,,,,,,,,,,,,,,,,,,,,,,,,,,,,,,,,,,,,,,,,40172600,,,,,,,,,,,,,,,,,,,,,,,,,,,,,,,,,,,,,,,,,,,
,,,,,,,,,,,PDSH4816AF-578,PDSH4816AF Dishwasher SS - Display Only Item #578,,,,Appliance Dealers Cooperative (APPDE),Appliance Dealers Cooperative,FRIGIDAIRE®,,PDSH4816AF-578,,unclassified / needs manual mapping,FRIGIDAIRE® PDSH4816AF-578 Product,FRIGIDAIRE PDSH4816AF-578 PRODUCT,FRIGIDAIRE® PDSH4816AF-578 Product,FRIGIDAIRE® PDSH4816AF-578 Product,,,,,,,,,,,,,,,,,,,,,,,,,,,,,,,,,,,,,,,,,,,,,,,,,,,,,,,,,,,,,,,,,,,,,,,,,,,,,,,,,,,,,,,,,,,,,,,,,,,,,,,,,,,,,,,,,,,,,,,,,,,,,,,,,,,,,,,,,,,,,,,,,,,,,,,,,,,,,,,,,,,,,,,,,,,,,,,,,,,,,,,,,,,,,,,,,,,,,,,,,,,,,,,,,,,,,,,,,,,,,,,,,
,,,,,,,,,,,WDTS7024RZ-579,WDTS7024RZ Dishwasher SS - Display Only Item #579,,,,Appliance Dealers Cooperative (APPDE),Appliance Dealers Cooperative,FRIGIDAIRE®,,WDTS7024RZ-579,,unclassified / needs manual mapping,FRIGIDAIRE® WDTS7024RZ-579 Product,FRIGIDAIRE WDTS7024RZ-579 PRODUCT,FRIGIDAIRE® WDTS7024RZ-579 Product,FRIGIDAIRE® WDTS7024RZ-579 Product,,,,,,,,,,,,,,,,,,,,,,,,,,,,,,,,,,,,,,,,,,,,,,,,,,,,,,,,,,,,,,,,,,,,,,,,,,,,,,,,,,,,,,,,,,,,,,,,,,,,,,,,,,,,,,,,,,,,,,,,,,,,,,,,,,,,,,,,,,,,,,,,,,,,,,,,,,,,,,,,,,,,,,,,,,,,,,,,,,,,,,,,,,,,,,,,,,,,,,,,,,,,,,,,,,,,,,,,,,,,,,,,,
,,,,,,,,,,,DCB205C-580,Dewalt 20V Max 5.0Ah Starter Kit Item #580,,,,Black & Decker (2585),Black & Decker,DEWALT®,,DCB205C-580,,unclassified / needs manual mapping,DEWALT® DCB205C-580 Product,DEWALT DCB205C-580 PRODUCT,DEWALT® DCB205C-580 Product,DEWALT® DCB205C-580 Product,,,,,,,,,,,,,,,,,,,,,,,,,,,,,,,,,,,,,,,,,,,,,,,,,,,,,,,,,,,,,,,,,,,,,,,,,,,,,,,,,,,,,,,,,,,,,,,,,,,,,,,,,,,,,,,,,,,,,,,,,,,,,,,,,,,,,,,,,,,,,,,,,,,,,,,,,,,,,,,,,,,,,,,,,,,,,,,,,,,,,,,,,,,,,,,,,,,,,,,,,,,,,,,,,,,,,,,,,,,,,,,,,
,,,,,,,,,,,DCB518ASTS06G-581,"DCB518ASTS06G Diablo 1/2""x18"" - Sanding Belt 6pc Item #581",,,,Freud Inc (2435),Freud Inc,DIABLO®,,DCB518ASTS06G-581,,unclassified / needs manual mapping,DIABLO® DCB518ASTS06G-581 Product,DIABLO DCB518ASTS06G-581 PRODUCT,DIABLO® DCB518ASTS06G-581 Product,DIABLO® DCB518ASTS06G-581 Product,,,,,,,,,,,,,,,,,,,,,,,,,,,,,,,,,,,,,,,,,,,,,,,,,,,,,,,,,,,,,,,,,,,,,,,,,,,,,,,,,,,,,,,,,,,,,,,,,,,,,,,,,,,,,,,,,,,,,,,,,,,,,,,,,,,,,,,,,,,,,,,,,,,,,,,,,,,,,,,,,,,,,,,,,,,,,,,,,,,,,,,,,,,,,,,,,,,,,,,,,,,,,,,,,,,,,,,,,,,,,,,,,
,,,,,,,,,,,6702-000-582,Moen 6702-000 Genta Single Handle Bathroom Sink Faucet Chrome 1.2 gpm 4in Item #582,,,,Moen Incorporated (MOEN),Moen Incorporated,MOEN®,,6702-000-582,,Plumbing>Faucets>Bathroom Sink Faucets,"MOEN® 6702-000-582 Bathroom Sink Faucets, 2, 1.2 gpm, Chrome",MOEN 6702-000-582 BATHROOM SINK FAUCETS,"MOEN® 6702-000-582 Bathroom Sink Faucets, 2, 1.2 gpm, Chrome","MOEN® 6702-000-582 Bathroom Sink Faucets, 2, 1.2 gpm, Chrome",,,,,,,,,,,,,,,,,,,,,,,,,,,,,Number of Faucet Handles,2,,Flow Rate,1.2,gpm,Finish/Color,Chrome,,,,,,,,,,,,,,,,,,,,,,,,,,,,,,,,,,,,,,,,,,,,,,,,,,,,,,,,,,,,,,,,,,,,,,,,,,,,,,,,,,,,,,,,,,,,,,,,,,,,,,,,,,,,,,,,,,,,,,,,,,,,,,,,,,,,,,,,,,,,,,,,,,30181702,,,,,,,,,,,,,,,,,,,,,,,,,,,,,,,,,,,,,,,,,,,
,,,,,,,,,,,559HA-DST-583,Delta 559HA-DST Trinsic Single Handle Bathroom Sink Faucet Matte Black 1.2 gpm Item #583,,,,Delta Faucet Company (DELTA),Delta Faucet Company,DELTA®,,559HA-DST-583,,Plumbing>Faucets>Bathroom Sink Faucets,"DELTA® 559HA-DST-583 Bathroom Sink Faucets, 2, 1.2 gpm, Matte Black",DELTA 559HA-DST-583 BATHROOM SINK FAUCET,"DELTA® 559HA-DST-583 Bathroom Sink Faucets, 2, 1.2 gpm, Matte Black","DELTA® 559HA-DST-583 Bathroom Sink Faucets, 2, 1.2 gpm, Matte Black",,,,,,,,,,,,,,,,,,,,,,,,,,,,,Number of Faucet Handles,2,,Flow Rate,1.2,gpm,Finish/Color,Matte Black,,,,,,,,,,,,,,,,,,,,,,,,,,,,,,,,,,,,,,,,,,,,,,,,,,,,,,,,,,,,,,,,,,,,,,,,,,,,,,,,,,,,,,,,,,,,,,,,,,,,,,,,,,,,,,,,,,,,,,,,,,,,,,,,,,,,,,,,,,,,,,,,,,30181702,,,,,,,,,,,,,,,,,,,,,,,,,,,,,,,,,,,,,,,,,,,
,,,,,,,,,,,K-596-VS-584,Kohler K-596-VS Simplice Pull-Down Kitchen Faucet Vibrant Stainless 1.5 gpm Item #584,,,,Kohler Co. (KOHLER),Kohler Co.,KOHLER®,,K-596-VS-584,,Plumbing>Faucets>Utility Faucets,KOHLER® K-596-VS-584 Utility Faucets,KOHLER K-596-VS-584 UTILITY FAUCETS,KOHLER® K-596-VS-584 Utility Faucets,KOHLER® K-596-VS-584 Utility Faucets,,,,,,,,,,,,,,,,,,,,,,,,,,,,,,,,,,,,,,,,,,,,,,,,,,,,,,,,,,,,,,,,,,,,,,,,,,,,,,,,,,,,,,,,,,,,,,,,,,,,,,,,,,,,,,,,,,,,,,,,,,,,,,,,,,,,,,,,,,,,,,,,,,,,,,,,,,,,,,,,,,,,,,,,,,,,,,,,,,,,,,30181706,,,,,,,,,,,,,,,,,,,,,,,,,,,,,,,,,,,,,,,,,,,
,,,,,,,,,,,607-1/2-585,Nibco 607 1/2 1/2 in Copper Wrot Pressure 90 Deg Elbow Item #585,,,,Nibco Inc (NIBCO),Nibco Inc,NIBCO®,,607-1/2-585,,"Plumbing>Pipe, Tube & Hose Fittings>Pipe Fittings","NIBCO® 607-1/2-585 Pipe Fittings, Elbow, 1/2 in, Press, Copper",NIBCO 607-1/2-585 PIPE FITTINGS,"NIBCO® 607-1/2-585 Pipe Fittings, Elbow, 1/2 in, Press, Copper","NIBCO® 607-1/2-585 Pipe Fittings, Elbow, 1/2 in, Press, Copper",,,,,,,,,,,,,,,,,,,,,,,,,,,,,Fitting Fitting/Connector Type,Elbow,,Pipe Size,1/2,in,Connection Type,Press,,Fitting Material,Copper,,,,,,,,,,,,,,,,,,,,,,,,,,,,,,,,,,,,,,,,,,,,,,,,,,,,,,,,,,,,,,,,,,,,,,,,,,,,,,,,,,,,,,,,,,,,,,,,,,,,,,,,,,,,,,,,,,,,,,,,,,,,,,,,,,,,,,,,,,,,,,,40172600,,,,,,,,,,,,,,,,,,,,,,,,,,,,,,,,,,,,,,,,,,,
,,,,,,,,,,,U008LF-586,SharkBite U008LF 1/2 in Push-to-Connect Brass Coupling Item #586,,,,SharkBite Plumbing Solutions (SHARK),SharkBite Plumbing Solutions,SHARKBITE®,,U008LF-586,,"Plumbing>Pipe, Tube & Hose Fittings>Pipe Fittings","SHARKBITE® U008LF-586 Pipe Fittings, Coupling, 1/2 in, Push-to-Connect, Brass",SHARKBITE U008LF-586 PIPE FITTINGS,"SHARKBITE® U008LF-586 Pipe Fittings, Coupling, 1/2 in, Push-to-Connect, Brass","SHARKBITE® U008LF-586 Pipe Fittings, Coupling, 1/2 in, Push-to-Connect, Brass",,,,,,,,,,,,,,,,,,,,,,,,,,,,,Fitting Fitting/Connector Type,Coupling,,Pipe Size,1/2,in,Connection Type,Push-to-Connect,,Fitting Material,Brass,,,,,,,,,,,,,,,,,,,,,,,,,,,,,,,,,,,,,,,,,,,,,,,,,,,,,,,,,,,,,,,,,,,,,,,,,,,,,,,,,,,,,,,,,,,,,,,,,,,,,,,,,,,,,,,,,,,,,,,,,,,,,,,,,,,,,,,,,,,,,,,40172600,,,,,,,,,,,,,,,,,,,,,,,,,,,,,,,,,,,,,,,,,,,
,,,,,,,,,,,NIP-050-CLOSE-587,Charlotte Pipe 1/2 in x Close Black Steel Nipple MNPT Item #587,,,,Charlotte Pipe and Foundry (CHARL),Charlotte Pipe and Foundry,CHARLOTTE PIPE®,,NIP-050-CLOSE-587,,"Plumbing>Pipe, Tube & Hose Fittings>Pipe Fittings","CHARLOTTE PIPE® NIP-050-CLOSE-587 Pipe Fittings, Tee, 1/2 in, MNPT",CHARLOTTE PIPE NIP-050-CLOSE-587 PIPE FI,"CHARLOTTE PIPE® NIP-050-CLOSE-587 Pipe Fittings, Tee, 1/2 in, MNPT","CHARLOTTE PIPE® NIP-050-CLOSE-587 Pipe Fittings, Tee, 1/2 in, MNPT",,,,,,,,,,,,,,,,,,,,,,,,,,,,,Fitting Fitting/Connector Type,Tee,,Pipe Size,1/2,in,Connection Type,MNPT,,,,,,,,,,,,,,,,,,,,,,,,,,,,,,,,,,,,,,,,,,,,,,,,,,,,,,,,,,,,,,,,,,,,,,,,,,,,,,,,,,,,,,,,,,,,,,,,,,,,,,,,,,,,,,,,,,,,,,,,,,,,,,,,,,,,,,,,,,,,,,,,,,40172600,,,,,,,,,,,,,,,,,,,,,,,,,,,,,,,,,,,,,,,,,,,
,,,,,,,,,,,PDSH4816AF-588,PDSH4816AF Dishwasher SS - Display Only Item #588,,,,Appliance Dealers Cooperative (APPDE),Appliance Dealers Cooperative,FRIGIDAIRE®,,PDSH4816AF-588,,unclassified / needs manual mapping,FRIGIDAIRE® PDSH4816AF-588 Product,FRIGIDAIRE PDSH4816AF-588 PRODUCT,FRIGIDAIRE® PDSH4816AF-588 Product,FRIGIDAIRE® PDSH4816AF-588 Product,,,,,,,,,,,,,,,,,,,,,,,,,,,,,,,,,,,,,,,,,,,,,,,,,,,,,,,,,,,,,,,,,,,,,,,,,,,,,,,,,,,,,,,,,,,,,,,,,,,,,,,,,,,,,,,,,,,,,,,,,,,,,,,,,,,,,,,,,,,,,,,,,,,,,,,,,,,,,,,,,,,,,,,,,,,,,,,,,,,,,,,,,,,,,,,,,,,,,,,,,,,,,,,,,,,,,,,,,,,,,,,,,
,,,,,,,,,,,WDTS7024RZ-589,WDTS7024RZ Dishwasher SS - Display Only Item #589,,,,Appliance Dealers Cooperative (APPDE),Appliance Dealers Cooperative,FRIGIDAIRE®,,WDTS7024RZ-589,,unclassified / needs manual mapping,FRIGIDAIRE® WDTS7024RZ-589 Product,FRIGIDAIRE WDTS7024RZ-589 PRODUCT,FRIGIDAIRE® WDTS7024RZ-589 Product,FRIGIDAIRE® WDTS7024RZ-589 Product,,,,,,,,,,,,,,,,,,,,,,,,,,,,,,,,,,,,,,,,,,,,,,,,,,,,,,,,,,,,,,,,,,,,,,,,,,,,,,,,,,,,,,,,,,,,,,,,,,,,,,,,,,,,,,,,,,,,,,,,,,,,,,,,,,,,,,,,,,,,,,,,,,,,,,,,,,,,,,,,,,,,,,,,,,,,,,,,,,,,,,,,,,,,,,,,,,,,,,,,,,,,,,,,,,,,,,,,,,,,,,,,,
,,,,,,,,,,,DCB205C-590,Dewalt 20V Max 5.0Ah Starter Kit Item #590,,,,Black & Decker (2585),Black & Decker,DEWALT®,,DCB205C-590,,unclassified / needs manual mapping,DEWALT® DCB205C-590 Product,DEWALT DCB205C-590 PRODUCT,DEWALT® DCB205C-590 Product,DEWALT® DCB205C-590 Product,,,,,,,,,,,,,,,,,,,,,,,,,,,,,,,,,,,,,,,,,,,,,,,,,,,,,,,,,,,,,,,,,,,,,,,,,,,,,,,,,,,,,,,,,,,,,,,,,,,,,,,,,,,,,,,,,,,,,,,,,,,,,,,,,,,,,,,,,,,,,,,,,,,,,,,,,,,,,,,,,,,,,,,,,,,,,,,,,,,,,,,,,,,,,,,,,,,,,,,,,,,,,,,,,,,,,,,,,,,,,,,,,
,,,,,,,,,,,DCB518ASTS06G-591,"DCB518ASTS06G Diablo 1/2""x18"" - Sanding Belt 6pc Item #591",,,,Freud Inc (2435),Freud Inc,DIABLO®,,DCB518ASTS06G-591,,unclassified / needs manual mapping,DIABLO® DCB518ASTS06G-591 Product,DIABLO DCB518ASTS06G-591 PRODUCT,DIABLO® DCB518ASTS06G-591 Product,DIABLO® DCB518ASTS06G-591 Product,,,,,,,,,,,,,,,,,,,,,,,,,,,,,,,,,,,,,,,,,,,,,,,,,,,,,,,,,,,,,,,,,,,,,,,,,,,,,,,,,,,,,,,,,,,,,,,,,,,,,,,,,,,,,,,,,,,,,,,,,,,,,,,,,,,,,,,,,,,,,,,,,,,,,,,,,,,,,,,,,,,,,,,,,,,,,,,,,,,,,,,,,,,,,,,,,,,,,,,,,,,,,,,,,,,,,,,,,,,,,,,,,
,,,,,,,,,,,6702-000-592,Moen 6702-000 Genta Single Handle Bathroom Sink Faucet Chrome 1.2 gpm 4in Item #592,,,,Moen Incorporated (MOEN),Moen Incorporated,MOEN®,,6702-000-592,,Plumbing>Faucets>Bathroom Sink Faucets,"MOEN® 6702-000-592 Bathroom Sink Faucets, 2, 1.2 gpm, Chrome",MOEN 6702-000-592 BATHROOM SINK FAUCETS,"MOEN® 6702-000-592 Bathroom Sink Faucets, 2, 1.2 gpm, Chrome","MOEN® 6702-000-592 Bathroom Sink Faucets, 2, 1.2 gpm, Chrome",,,,,,,,,,,,,,,,,,,,,,,,,,,,,Number of Faucet Handles,2,,Flow Rate,1.2,gpm,Finish/Color,Chrome,,,,,,,,,,,,,,,,,,,,,,,,,,,,,,,,,,,,,,,,,,,,,,,,,,,,,,,,,,,,,,,,,,,,,,,,,,,,,,,,,,,,,,,,,,,,,,,,,,,,,,,,,,,,,,,,,,,,,,,,,,,,,,,,,,,,,,,,,,,,,,,,,,30181702,,,,,,,,,,,,,,,,,,,,,,,,,,,,,,,,,,,,,,,,,,,
,,,,,,,,,,,559HA-DST-593,Delta 559HA-DST Trinsic Single Handle Bathroom Sink Faucet Matte Black 1.2 gpm Item #593,,,,Delta Faucet Company (DELTA),Delta Faucet Company,DELTA®,,559HA-DST-593,,Plumbing>Faucets>Bathroom Sink Faucets,"DELTA® 559HA-DST-593 Bathroom Sink Faucets, 2, 1.2 gpm, Matte Black",DELTA 559HA-DST-593 BATHROOM SINK FAUCET,"DELTA® 559HA-DST-593 Bathroom Sink Faucets, 2, 1.2 gpm, Matte Black","DELTA® 559HA-DST-593 Bathroom Sink Faucets, 2, 1.2 gpm, Matte Black",,,,,,,,,,,,,,,,,,,,,,,,,,,,,Number of Faucet Handles,2,,Flow Rate,1.2,gpm,Finish/Color,Matte Black,,,,,,,,,,,,,,,,,,,,,,,,,,,,,,,,,,,,,,,,,,,,,,,,,,,,,,,,,,,,,,,,,,,,,,,,,,,,,,,,,,,,,,,,,,,,,,,,,,,,,,,,,,,,,,,,,,,,,,,,,,,,,,,,,,,,,,,,,,,,,,,,,,30181702,,,,,,,,,,,,,,,,,,,,,,,,,,,,,,,,,,,,,,,,,,,
,,,,,,,,,,,K-596-VS-594,Kohler K-596-VS Simplice Pull-Down Kitchen Faucet Vibrant Stainless 1.5 gpm Item #594,,,,Kohler Co. (KOHLER),Kohler Co.,KOHLER®,,K-596-VS-594,,Plumbing>Faucets>Utility Faucets,KOHLER® K-596-VS-594 Utility Faucets,KOHLER K-596-VS-594 UTILITY FAUCETS,KOHLER® K-596-VS-594 Utility Faucets,KOHLER® K-596-VS-594 Utility Faucets,,,,,,,,,,,,,,,,,,,,,,,,,,,,,,,,,,,,,,,,,,,,,,,,,,,,,,,,,,,,,,,,,,,,,,,,,,,,,,,,,,,,,,,,,,,,,,,,,,,,,,,,,,,,,,,,,,,,,,,,,,,,,,,,,,,,,,,,,,,,,,,,,,,,,,,,,,,,,,,,,,,,,,,,,,,,,,,,,,,,,,30181706,,,,,,,,,,,,,,,,,,,,,,,,,,,,,,,,,,,,,,,,,,,
,,,,,,,,,,,607-1/2-595,Nibco 607 1/2 1/2 in Copper Wrot Pressure 90 Deg Elbow Item #595,,,,Nibco Inc (NIBCO),Nibco Inc,NIBCO®,,607-1/2-595,,"Plumbing>Pipe, Tube & Hose Fittings>Pipe Fittings","NIBCO® 607-1/2-595 Pipe Fittings, Elbow, 1/2 in, Press, Copper",NIBCO 607-1/2-595 PIPE FITTINGS,"NIBCO® 607-1/2-595 Pipe Fittings, Elbow, 1/2 in, Press, Copper","NIBCO® 607-1/2-595 Pipe Fittings, Elbow, 1/2 in, Press, Copper",,,,,,,,,,,,,,,,,,,,,,,,,,,,,Fitting Fitting/Connector Type,Elbow,,Pipe Size,1/2,in,Connection Type,Press,,Fitting Material,Copper,,,,,,,,,,,,,,,,,,,,,,,,,,,,,,,,,,,,,,,,,,,,,,,,,,,,,,,,,,,,,,,,,,,,,,,,,,,,,,,,,,,,,,,,,,,,,,,,,,,,,,,,,,,,,,,,,,,,,,,,,,,,,,,,,,,,,,,,,,,,,,,40172600,,,,,,,,,,,,,,,,,,,,,,,,,,,,,,,,,,,,,,,,,,,
,,,,,,,,,,,U008LF-596,SharkBite U008LF 1/2 in Push-to-Connect Brass Coupling Item #596,,,,SharkBite Plumbing Solutions (SHARK),SharkBite Plumbing Solutions,SHARKBITE®,,U008LF-596,,"Plumbing>Pipe, Tube & Hose Fittings>Pipe Fittings","SHARKBITE® U008LF-596 Pipe Fittings, Coupling, 1/2 in, Push-to-Connect, Brass",SHARKBITE U008LF-596 PIPE FITTINGS,"SHARKBITE® U008LF-596 Pipe Fittings, Coupling, 1/2 in, Push-to-Connect, Brass","SHARKBITE® U008LF-596 Pipe Fittings, Coupling, 1/2 in, Push-to-Connect, Brass",,,,,,,,,,,,,,,,,,,,,,,,,,,,,Fitting Fitting/Connector Type,Coupling,,Pipe Size,1/2,in,Connection Type,Push-to-Connect,,Fitting Material,Brass,,,,,,,,,,,,,,,,,,,,,,,,,,,,,,,,,,,,,,,,,,,,,,,,,,,,,,,,,,,,,,,,,,,,,,,,,,,,,,,,,,,,,,,,,,,,,,,,,,,,,,,,,,,,,,,,,,,,,,,,,,,,,,,,,,,,,,,,,,,,,,,40172600,,,,,,,,,,,,,,,,,,,,,,,,,,,,,,,,,,,,,,,,,,,
,,,,,,,,,,,NIP-050-CLOSE-597,Charlotte Pipe 1/2 in x Close Black Steel Nipple MNPT Item #597,,,,Charlotte Pipe and Foundry (CHARL),Charlotte Pipe and Foundry,CHARLOTTE PIPE®,,NIP-050-CLOSE-597,,"Plumbing>Pipe, Tube & Hose Fittings>Pipe Fittings","CHARLOTTE PIPE® NIP-050-CLOSE-597 Pipe Fittings, Tee, 1/2 in, MNPT",CHARLOTTE PIPE NIP-050-CLOSE-597 PIPE FI,"CHARLOTTE PIPE® NIP-050-CLOSE-597 Pipe Fittings, Tee, 1/2 in, MNPT","CHARLOTTE PIPE® NIP-050-CLOSE-597 Pipe Fittings, Tee, 1/2 in, MNPT",,,,,,,,,,,,,,,,,,,,,,,,,,,,,Fitting Fitting/Connector Type,Tee,,Pipe Size,1/2,in,Connection Type,MNPT,,,,,,,,,,,,,,,,,,,,,,,,,,,,,,,,,,,,,,,,,,,,,,,,,,,,,,,,,,,,,,,,,,,,,,,,,,,,,,,,,,,,,,,,,,,,,,,,,,,,,,,,,,,,,,,,,,,,,,,,,,,,,,,,,,,,,,,,,,,,,,,,,,40172600,,,,,,,,,,,,,,,,,,,,,,,,,,,,,,,,,,,,,,,,,,,
,,,,,,,,,,,PDSH4816AF-598,PDSH4816AF Dishwasher SS - Display Only Item #598,,,,Appliance Dealers Cooperative (APPDE),Appliance Dealers Cooperative,FRIGIDAIRE®,,PDSH4816AF-598,,unclassified / needs manual mapping,FRIGIDAIRE® PDSH4816AF-598 Product,FRIGIDAIRE PDSH4816AF-598 PRODUCT,FRIGIDAIRE® PDSH4816AF-598 Product,FRIGIDAIRE® PDSH4816AF-598 Product,,,,,,,,,,,,,,,,,,,,,,,,,,,,,,,,,,,,,,,,,,,,,,,,,,,,,,,,,,,,,,,,,,,,,,,,,,,,,,,,,,,,,,,,,,,,,,,,,,,,,,,,,,,,,,,,,,,,,,,,,,,,,,,,,,,,,,,,,,,,,,,,,,,,,,,,,,,,,,,,,,,,,,,,,,,,,,,,,,,,,,,,,,,,,,,,,,,,,,,,,,,,,,,,,,,,,,,,,,,,,,,,,
,,,,,,,,,,,WDTS7024RZ-599,WDTS7024RZ Dishwasher SS - Display Only Item #599,,,,Appliance Dealers Cooperative (APPDE),Appliance Dealers Cooperative,FRIGIDAIRE®,,WDTS7024RZ-599,,unclassified / needs manual mapping,FRIGIDAIRE® WDTS7024RZ-599 Product,FRIGIDAIRE WDTS7024RZ-599 PRODUCT,FRIGIDAIRE® WDTS7024RZ-599 Product,FRIGIDAIRE® WDTS7024RZ-599 Product,,,,,,,,,,,,,,,,,,,,,,,,,,,,,,,,,,,,,,,,,,,,,,,,,,,,,,,,,,,,,,,,,,,,,,,,,,,,,,,,,,,,,,,,,,,,,,,,,,,,,,,,,,,,,,,,,,,,,,,,,,,,,,,,,,,,,,,,,,,,,,,,,,,,,,,,,,,,,,,,,,,,,,,,,,,,,,,,,,,,,,,,,,,,,,,,,,,,,,,,,,,,,,,,,,,,,,,,,,,,,,,,,
,,,,,,,,,,,DCB205C-600,Dewalt 20V Max 5.0Ah Starter Kit Item #600,,,,Black & Decker (2585),Black & Decker,DEWALT®,,DCB205C-600,,unclassified / needs manual mapping,DEWALT® DCB205C-600 Product,DEWALT DCB205C-600 PRODUCT,DEWALT® DCB205C-600 Product,DEWALT® DCB205C-600 Product,,,,,,,,,,,,,,,,,,,,,,,,,,,,,,,,,,,,,,,,,,,,,,,,,,,,,,,,,,,,,,,,,,,,,,,,,,,,,,,,,,,,,,,,,,,,,,,,,,,,,,,,,,,,,,,,,,,,,,,,,,,,,,,,,,,,,,,,,,,,,,,,,,,,,,,,,,,,,,,,,,,,,,,,,,,,,,,,,,,,,,,,,,,,,,,,,,,,,,,,,,,,,,,,,,,,,,,,,,,,,,,,,
,,,,,,,,,,,DCB518ASTS06G-601,"DCB518ASTS06G Diablo 1/2""x18"" - Sanding Belt 6pc Item #601",,,,Freud Inc (2435),Freud Inc,DIABLO®,,DCB518ASTS06G-601,,unclassified / needs manual mapping,DIABLO® DCB518ASTS06G-601 Product,DIABLO DCB518ASTS06G-601 PRODUCT,DIABLO® DCB518ASTS06G-601 Product,DIABLO® DCB518ASTS06G-601 Product,,,,,,,,,,,,,,,,,,,,,,,,,,,,,,,,,,,,,,,,,,,,,,,,,,,,,,,,,,,,,,,,,,,,,,,,,,,,,,,,,,,,,,,,,,,,,,,,,,,,,,,,,,,,,,,,,,,,,,,,,,,,,,,,,,,,,,,,,,,,,,,,,,,,,,,,,,,,,,,,,,,,,,,,,,,,,,,,,,,,,,,,,,,,,,,,,,,,,,,,,,,,,,,,,,,,,,,,,,,,,,,,,
,,,,,,,,,,,6702-000-602,Moen 6702-000 Genta Single Handle Bathroom Sink Faucet Chrome 1.2 gpm 4in Item #602,,,,Moen Incorporated (MOEN),Moen Incorporated,MOEN®,,6702-000-602,,Plumbing>Faucets>Bathroom Sink Faucets,"MOEN® 6702-000-602 Bathroom Sink Faucets, 2, 1.2 gpm, Chrome",MOEN 6702-000-602 BATHROOM SINK FAUCETS,"MOEN® 6702-000-602 Bathroom Sink Faucets, 2, 1.2 gpm, Chrome","MOEN® 6702-000-602 Bathroom Sink Faucets, 2, 1.2 gpm, Chrome",,,,,,,,,,,,,,,,,,,,,,,,,,,,,Number of Faucet Handles,2,,Flow Rate,1.2,gpm,Finish/Color,Chrome,,,,,,,,,,,,,,,,,,,,,,,,,,,,,,,,,,,,,,,,,,,,,,,,,,,,,,,,,,,,,,,,,,,,,,,,,,,,,,,,,,,,,,,,,,,,,,,,,,,,,,,,,,,,,,,,,,,,,,,,,,,,,,,,,,,,,,,,,,,,,,,,,,30181702,,,,,,,,,,,,,,,,,,,,,,,,,,,,,,,,,,,,,,,,,,,
,,,,,,,,,,,559HA-DST-603,Delta 559HA-DST Trinsic Single Handle Bathroom Sink Faucet Matte Black 1.2 gpm Item #603,,,,Delta Faucet Company (DELTA),Delta Faucet Company,DELTA®,,559HA-DST-603,,Plumbing>Faucets>Bathroom Sink Faucets,"DELTA® 559HA-DST-603 Bathroom Sink Faucets, 2, 1.2 gpm, Matte Black",DELTA 559HA-DST-603 BATHROOM SINK FAUCET,"DELTA® 559HA-DST-603 Bathroom Sink Faucets, 2, 1.2 gpm, Matte Black","DELTA® 559HA-DST-603 Bathroom Sink Faucets, 2, 1.2 gpm, Matte Black",,,,,,,,,,,,,,,,,,,,,,,,,,,,,Number of Faucet Handles,2,,Flow Rate,1.2,gpm,Finish/Color,Matte Black,,,,,,,,,,,,,,,,,,,,,,,,,,,,,,,,,,,,,,,,,,,,,,,,,,,,,,,,,,,,,,,,,,,,,,,,,,,,,,,,,,,,,,,,,,,,,,,,,,,,,,,,,,,,,,,,,,,,,,,,,,,,,,,,,,,,,,,,,,,,,,,,,,30181702,,,,,,,,,,,,,,,,,,,,,,,,,,,,,,,,,,,,,,,,,,,
,,,,,,,,,,,K-596-VS-604,Kohler K-596-VS Simplice Pull-Down Kitchen Faucet Vibrant Stainless 1.5 gpm Item #604,,,,Kohler Co. (KOHLER),Kohler Co.,KOHLER®,,K-596-VS-604,,Plumbing>Faucets>Utility Faucets,KOHLER® K-596-VS-604 Utility Faucets,KOHLER K-596-VS-604 UTILITY FAUCETS,KOHLER® K-596-VS-604 Utility Faucets,KOHLER® K-596-VS-604 Utility Faucets,,,,,,,,,,,,,,,,,,,,,,,,,,,,,,,,,,,,,,,,,,,,,,,,,,,,,,,,,,,,,,,,,,,,,,,,,,,,,,,,,,,,,,,,,,,,,,,,,,,,,,,,,,,,,,,,,,,,,,,,,,,,,,,,,,,,,,,,,,,,,,,,,,,,,,,,,,,,,,,,,,,,,,,,,,,,,,,,,,,,,,30181706,,,,,,,,,,,,,,,,,,,,,,,,,,,,,,,,,,,,,,,,,,,
,,,,,,,,,,,607-1/2-605,Nibco 607 1/2 1/2 in Copper Wrot Pressure 90 Deg Elbow Item #605,,,,Nibco Inc (NIBCO),Nibco Inc,NIBCO®,,607-1/2-605,,"Plumbing>Pipe, Tube & Hose Fittings>Pipe Fittings","NIBCO® 607-1/2-605 Pipe Fittings, Elbow, 1/2 in, Press, Copper",NIBCO 607-1/2-605 PIPE FITTINGS,"NIBCO® 607-1/2-605 Pipe Fittings, Elbow, 1/2 in, Press, Copper","NIBCO® 607-1/2-605 Pipe Fittings, Elbow, 1/2 in, Press, Copper",,,,,,,,,,,,,,,,,,,,,,,,,,,,,Fitting Fitting/Connector Type,Elbow,,Pipe Size,1/2,in,Connection Type,Press,,Fitting Material,Copper,,,,,,,,,,,,,,,,,,,,,,,,,,,,,,,,,,,,,,,,,,,,,,,,,,,,,,,,,,,,,,,,,,,,,,,,,,,,,,,,,,,,,,,,,,,,,,,,,,,,,,,,,,,,,,,,,,,,,,,,,,,,,,,,,,,,,,,,,,,,,,,40172600,,,,,,,,,,,,,,,,,,,,,,,,,,,,,,,,,,,,,,,,,,,
,,,,,,,,,,,U008LF-606,SharkBite U008LF 1/2 in Push-to-Connect Brass Coupling Item #606,,,,SharkBite Plumbing Solutions (SHARK),SharkBite Plumbing Solutions,SHARKBITE®,,U008LF-606,,"Plumbing>Pipe, Tube & Hose Fittings>Pipe Fittings","SHARKBITE® U008LF-606 Pipe Fittings, Coupling, 1/2 in, Push-to-Connect, Brass",SHARKBITE U008LF-606 PIPE FITTINGS,"SHARKBITE® U008LF-606 Pipe Fittings, Coupling, 1/2 in, Push-to-Connect, Brass","SHARKBITE® U008LF-606 Pipe Fittings, Coupling, 1/2 in, Push-to-Connect, Brass",,,,,,,,,,,,,,,,,,,,,,,,,,,,,Fitting Fitting/Connector Type,Coupling,,Pipe Size,1/2,in,Connection Type,Push-to-Connect,,Fitting Material,Brass,,,,,,,,,,,,,,,,,,,,,,,,,,,,,,,,,,,,,,,,,,,,,,,,,,,,,,,,,,,,,,,,,,,,,,,,,,,,,,,,,,,,,,,,,,,,,,,,,,,,,,,,,,,,,,,,,,,,,,,,,,,,,,,,,,,,,,,,,,,,,,,40172600,,,,,,,,,,,,,,,,,,,,,,,,,,,,,,,,,,,,,,,,,,,
,,,,,,,,,,,NIP-050-CLOSE-607,Charlotte Pipe 1/2 in x Close Black Steel Nipple MNPT Item #607,,,,Charlotte Pipe and Foundry (CHARL),Charlotte Pipe and Foundry,CHARLOTTE PIPE®,,NIP-050-CLOSE-607,,"Plumbing>Pipe, Tube & Hose Fittings>Pipe Fittings","CHARLOTTE PIPE® NIP-050-CLOSE-607 Pipe Fittings, Tee, 1/2 in, MNPT",CHARLOTTE PIPE NIP-050-CLOSE-607 PIPE FI,"CHARLOTTE PIPE® NIP-050-CLOSE-607 Pipe Fittings, Tee, 1/2 in, MNPT","CHARLOTTE PIPE® NIP-050-CLOSE-607 Pipe Fittings, Tee, 1/2 in, MNPT",,,,,,,,,,,,,,,,,,,,,,,,,,,,,Fitting Fitting/Connector Type,Tee,,Pipe Size,1/2,in,Connection Type,MNPT,,,,,,,,,,,,,,,,,,,,,,,,,,,,,,,,,,,,,,,,,,,,,,,,,,,,,,,,,,,,,,,,,,,,,,,,,,,,,,,,,,,,,,,,,,,,,,,,,,,,,,,,,,,,,,,,,,,,,,,,,,,,,,,,,,,,,,,,,,,,,,,,,,40172600,,,,,,,,,,,,,,,,,,,,,,,,,,,,,,,,,,,,,,,,,,,
,,,,,,,,,,,PDSH4816AF-608,PDSH4816AF Dishwasher SS - Display Only Item #608,,,,Appliance Dealers Cooperative (APPDE),Appliance Dealers Cooperative,FRIGIDAIRE®,,PDSH4816AF-608,,unclassified / needs manual mapping,FRIGIDAIRE® PDSH4816AF-608 Product,FRIGIDAIRE PDSH4816AF-608 PRODUCT,FRIGIDAIRE® PDSH4816AF-608 Product,FRIGIDAIRE® PDSH4816AF-608 Product,,,,,,,,,,,,,,,,,,,,,,,,,,,,,,,,,,,,,,,,,,,,,,,,,,,,,,,,,,,,,,,,,,,,,,,,,,,,,,,,,,,,,,,,,,,,,,,,,,,,,,,,,,,,,,,,,,,,,,,,,,,,,,,,,,,,,,,,,,,,,,,,,,,,,,,,,,,,,,,,,,,,,,,,,,,,,,,,,,,,,,,,,,,,,,,,,,,,,,,,,,,,,,,,,,,,,,,,,,,,,,,,,
,,,,,,,,,,,WDTS7024RZ-609,WDTS7024RZ Dishwasher SS - Display Only Item #609,,,,Appliance Dealers Cooperative (APPDE),Appliance Dealers Cooperative,FRIGIDAIRE®,,WDTS7024RZ-609,,unclassified / needs manual mapping,FRIGIDAIRE® WDTS7024RZ-609 Product,FRIGIDAIRE WDTS7024RZ-609 PRODUCT,FRIGIDAIRE® WDTS7024RZ-609 Product,FRIGIDAIRE® WDTS7024RZ-609 Product,,,,,,,,,,,,,,,,,,,,,,,,,,,,,,,,,,,,,,,,,,,,,,,,,,,,,,,,,,,,,,,,,,,,,,,,,,,,,,,,,,,,,,,,,,,,,,,,,,,,,,,,,,,,,,,,,,,,,,,,,,,,,,,,,,,,,,,,,,,,,,,,,,,,,,,,,,,,,,,,,,,,,,,,,,,,,,,,,,,,,,,,,,,,,,,,,,,,,,,,,,,,,,,,,,,,,,,,,,,,,,,,,
,,,,,,,,,,,DCB205C-610,Dewalt 20V Max 5.0Ah Starter Kit Item #610,,,,Black & Decker (2585),Black & Decker,DEWALT®,,DCB205C-610,,unclassified / needs manual mapping,DEWALT® DCB205C-610 Product,DEWALT DCB205C-610 PRODUCT,DEWALT® DCB205C-610 Product,DEWALT® DCB205C-610 Product,,,,,,,,,,,,,,,,,,,,,,,,,,,,,,,,,,,,,,,,,,,,,,,,,,,,,,,,,,,,,,,,,,,,,,,,,,,,,,,,,,,,,,,,,,,,,,,,,,,,,,,,,,,,,,,,,,,,,,,,,,,,,,,,,,,,,,,,,,,,,,,,,,,,,,,,,,,,,,,,,,,,,,,,,,,,,,,,,,,,,,,,,,,,,,,,,,,,,,,,,,,,,,,,,,,,,,,,,,,,,,,,,
,,,,,,,,,,,DCB518ASTS06G-611,"DCB518ASTS06G Diablo 1/2""x18"" - Sanding Belt 6pc Item #611",,,,Freud Inc (2435),Freud Inc,DIABLO®,,DCB518ASTS06G-611,,unclassified / needs manual mapping,DIABLO® DCB518ASTS06G-611 Product,DIABLO DCB518ASTS06G-611 PRODUCT,DIABLO® DCB518ASTS06G-611 Product,DIABLO® DCB518ASTS06G-611 Product,,,,,,,,,,,,,,,,,,,,,,,,,,,,,,,,,,,,,,,,,,,,,,,,,,,,,,,,,,,,,,,,,,,,,,,,,,,,,,,,,,,,,,,,,,,,,,,,,,,,,,,,,,,,,,,,,,,,,,,,,,,,,,,,,,,,,,,,,,,,,,,,,,,,,,,,,,,,,,,,,,,,,,,,,,,,,,,,,,,,,,,,,,,,,,,,,,,,,,,,,,,,,,,,,,,,,,,,,,,,,,,,,
,,,,,,,,,,,6702-000-612,Moen 6702-000 Genta Single Handle Bathroom Sink Faucet Chrome 1.2 gpm 4in Item #612,,,,Moen Incorporated (MOEN),Moen Incorporated,MOEN®,,6702-000-612,,Plumbing>Faucets>Bathroom Sink Faucets,"MOEN® 6702-000-612 Bathroom Sink Faucets, 2, 1.2 gpm, Chrome",MOEN 6702-000-612 BATHROOM SINK FAUCETS,"MOEN® 6702-000-612 Bathroom Sink Faucets, 2, 1.2 gpm, Chrome","MOEN® 6702-000-612 Bathroom Sink Faucets, 2, 1.2 gpm, Chrome",,,,,,,,,,,,,,,,,,,,,,,,,,,,,Number of Faucet Handles,2,,Flow Rate,1.2,gpm,Finish/Color,Chrome,,,,,,,,,,,,,,,,,,,,,,,,,,,,,,,,,,,,,,,,,,,,,,,,,,,,,,,,,,,,,,,,,,,,,,,,,,,,,,,,,,,,,,,,,,,,,,,,,,,,,,,,,,,,,,,,,,,,,,,,,,,,,,,,,,,,,,,,,,,,,,,,,,30181702,,,,,,,,,,,,,,,,,,,,,,,,,,,,,,,,,,,,,,,,,,,
,,,,,,,,,,,559HA-DST-613,Delta 559HA-DST Trinsic Single Handle Bathroom Sink Faucet Matte Black 1.2 gpm Item #613,,,,Delta Faucet Company (DELTA),Delta Faucet Company,DELTA®,,559HA-DST-613,,Plumbing>Faucets>Bathroom Sink Faucets,"DELTA® 559HA-DST-613 Bathroom Sink Faucets, 2, 1.2 gpm, Matte Black",DELTA 559HA-DST-613 BATHROOM SINK FAUCET,"DELTA® 559HA-DST-613 Bathroom Sink Faucets, 2, 1.2 gpm, Matte Black","DELTA® 559HA-DST-613 Bathroom Sink Faucets, 2, 1.2 gpm, Matte Black",,,,,,,,,,,,,,,,,,,,,,,,,,,,,Number of Faucet Handles,2,,Flow Rate,1.2,gpm,Finish/Color,Matte Black,,,,,,,,,,,,,,,,,,,,,,,,,,,,,,,,,,,,,,,,,,,,,,,,,,,,,,,,,,,,,,,,,,,,,,,,,,,,,,,,,,,,,,,,,,,,,,,,,,,,,,,,,,,,,,,,,,,,,,,,,,,,,,,,,,,,,,,,,,,,,,,,,,30181702,,,,,,,,,,,,,,,,,,,,,,,,,,,,,,,,,,,,,,,,,,,
,,,,,,,,,,,K-596-VS-614,Kohler K-596-VS Simplice Pull-Down Kitchen Faucet Vibrant Stainless 1.5 gpm Item #614,,,,Kohler Co. (KOHLER),Kohler Co.,KOHLER®,,K-596-VS-614,,Plumbing>Faucets>Utility Faucets,KOHLER® K-596-VS-614 Utility Faucets,KOHLER K-596-VS-614 UTILITY FAUCETS,KOHLER® K-596-VS-614 Utility Faucets,KOHLER® K-596-VS-614 Utility Faucets,,,,,,,,,,,,,,,,,,,,,,,,,,,,,,,,,,,,,,,,,,,,,,,,,,,,,,,,,,,,,,,,,,,,,,,,,,,,,,,,,,,,,,,,,,,,,,,,,,,,,,,,,,,,,,,,,,,,,,,,,,,,,,,,,,,,,,,,,,,,,,,,,,,,,,,,,,,,,,,,,,,,,,,,,,,,,,,,,,,,,,30181706,,,,,,,,,,,,,,,,,,,,,,,,,,,,,,,,,,,,,,,,,,,
,,,,,,,,,,,607-1/2-615,Nibco 607 1/2 1/2 in Copper Wrot Pressure 90 Deg Elbow Item #615,,,,Nibco Inc (NIBCO),Nibco Inc,NIBCO®,,607-1/2-615,,"Plumbing>Pipe, Tube & Hose Fittings>Pipe Fittings","NIBCO® 607-1/2-615 Pipe Fittings, Elbow, 1/2 in, Press, Copper",NIBCO 607-1/2-615 PIPE FITTINGS,"NIBCO® 607-1/2-615 Pipe Fittings, Elbow, 1/2 in, Press, Copper","NIBCO® 607-1/2-615 Pipe Fittings, Elbow, 1/2 in, Press, Copper",,,,,,,,,,,,,,,,,,,,,,,,,,,,,Fitting Fitting/Connector Type,Elbow,,Pipe Size,1/2,in,Connection Type,Press,,Fitting Material,Copper,,,,,,,,,,,,,,,,,,,,,,,,,,,,,,,,,,,,,,,,,,,,,,,,,,,,,,,,,,,,,,,,,,,,,,,,,,,,,,,,,,,,,,,,,,,,,,,,,,,,,,,,,,,,,,,,,,,,,,,,,,,,,,,,,,,,,,,,,,,,,,,40172600,,,,,,,,,,,,,,,,,,,,,,,,,,,,,,,,,,,,,,,,,,,
,,,,,,,,,,,U008LF-616,SharkBite U008LF 1/2 in Push-to-Connect Brass Coupling Item #616,,,,SharkBite Plumbing Solutions (SHARK),SharkBite Plumbing Solutions,SHARKBITE®,,U008LF-616,,"Plumbing>Pipe, Tube & Hose Fittings>Pipe Fittings","SHARKBITE® U008LF-616 Pipe Fittings, Coupling, 1/2 in, Push-to-Connect, Brass",SHARKBITE U008LF-616 PIPE FITTINGS,"SHARKBITE® U008LF-616 Pipe Fittings, Coupling, 1/2 in, Push-to-Connect, Brass","SHARKBITE® U008LF-616 Pipe Fittings, Coupling, 1/2 in, Push-to-Connect, Brass",,,,,,,,,,,,,,,,,,,,,,,,,,,,,Fitting Fitting/Connector Type,Coupling,,Pipe Size,1/2,in,Connection Type,Push-to-Connect,,Fitting Material,Brass,,,,,,,,,,,,,,,,,,,,,,,,,,,,,,,,,,,,,,,,,,,,,,,,,,,,,,,,,,,,,,,,,,,,,,,,,,,,,,,,,,,,,,,,,,,,,,,,,,,,,,,,,,,,,,,,,,,,,,,,,,,,,,,,,,,,,,,,,,,,,,,40172600,,,,,,,,,,,,,,,,,,,,,,,,,,,,,,,,,,,,,,,,,,,
,,,,,,,,,,,NIP-050-CLOSE-617,Charlotte Pipe 1/2 in x Close Black Steel Nipple MNPT Item #617,,,,Charlotte Pipe and Foundry (CHARL),Charlotte Pipe and Foundry,CHARLOTTE PIPE®,,NIP-050-CLOSE-617,,"Plumbing>Pipe, Tube & Hose Fittings>Pipe Fittings","CHARLOTTE PIPE® NIP-050-CLOSE-617 Pipe Fittings, Tee, 1/2 in, MNPT",CHARLOTTE PIPE NIP-050-CLOSE-617 PIPE FI,"CHARLOTTE PIPE® NIP-050-CLOSE-617 Pipe Fittings, Tee, 1/2 in, MNPT","CHARLOTTE PIPE® NIP-050-CLOSE-617 Pipe Fittings, Tee, 1/2 in, MNPT",,,,,,,,,,,,,,,,,,,,,,,,,,,,,Fitting Fitting/Connector Type,Tee,,Pipe Size,1/2,in,Connection Type,MNPT,,,,,,,,,,,,,,,,,,,,,,,,,,,,,,,,,,,,,,,,,,,,,,,,,,,,,,,,,,,,,,,,,,,,,,,,,,,,,,,,,,,,,,,,,,,,,,,,,,,,,,,,,,,,,,,,,,,,,,,,,,,,,,,,,,,,,,,,,,,,,,,,,,40172600,,,,,,,,,,,,,,,,,,,,,,,,,,,,,,,,,,,,,,,,,,,
,,,,,,,,,,,PDSH4816AF-618,PDSH4816AF Dishwasher SS - Display Only Item #618,,,,Appliance Dealers Cooperative (APPDE),Appliance Dealers Cooperative,FRIGIDAIRE®,,PDSH4816AF-618,,unclassified / needs manual mapping,FRIGIDAIRE® PDSH4816AF-618 Product,FRIGIDAIRE PDSH4816AF-618 PRODUCT,FRIGIDAIRE® PDSH4816AF-618 Product,FRIGIDAIRE® PDSH4816AF-618 Product,,,,,,,,,,,,,,,,,,,,,,,,,,,,,,,,,,,,,,,,,,,,,,,,,,,,,,,,,,,,,,,,,,,,,,,,,,,,,,,,,,,,,,,,,,,,,,,,,,,,,,,,,,,,,,,,,,,,,,,,,,,,,,,,,,,,,,,,,,,,,,,,,,,,,,,,,,,,,,,,,,,,,,,,,,,,,,,,,,,,,,,,,,,,,,,,,,,,,,,,,,,,,,,,,,,,,,,,,,,,,,,,,
,,,,,,,,,,,WDTS7024RZ-619,WDTS7024RZ Dishwasher SS - Display Only Item #619,,,,Appliance Dealers Cooperative (APPDE),Appliance Dealers Cooperative,FRIGIDAIRE®,,WDTS7024RZ-619,,unclassified / needs manual mapping,FRIGIDAIRE® WDTS7024RZ-619 Product,FRIGIDAIRE WDTS7024RZ-619 PRODUCT,FRIGIDAIRE® WDTS7024RZ-619 Product,FRIGIDAIRE® WDTS7024RZ-619 Product,,,,,,,,,,,,,,,,,,,,,,,,,,,,,,,,,,,,,,,,,,,,,,,,,,,,,,,,,,,,,,,,,,,,,,,,,,,,,,,,,,,,,,,,,,,,,,,,,,,,,,,,,,,,,,,,,,,,,,,,,,,,,,,,,,,,,,,,,,,,,,,,,,,,,,,,,,,,,,,,,,,,,,,,,,,,,,,,,,,,,,,,,,,,,,,,,,,,,,,,,,,,,,,,,,,,,,,,,,,,,,,,,
,,,,,,,,,,,DCB205C-620,Dewalt 20V Max 5.0Ah Starter Kit Item #620,,,,Black & Decker (2585),Black & Decker,DEWALT®,,DCB205C-620,,unclassified / needs manual mapping,DEWALT® DCB205C-620 Product,DEWALT DCB205C-620 PRODUCT,DEWALT® DCB205C-620 Product,DEWALT® DCB205C-620 Product,,,,,,,,,,,,,,,,,,,,,,,,,,,,,,,,,,,,,,,,,,,,,,,,,,,,,,,,,,,,,,,,,,,,,,,,,,,,,,,,,,,,,,,,,,,,,,,,,,,,,,,,,,,,,,,,,,,,,,,,,,,,,,,,,,,,,,,,,,,,,,,,,,,,,,,,,,,,,,,,,,,,,,,,,,,,,,,,,,,,,,,,,,,,,,,,,,,,,,,,,,,,,,,,,,,,,,,,,,,,,,,,,
,,,,,,,,,,,DCB518ASTS06G-621,"DCB518ASTS06G Diablo 1/2""x18"" - Sanding Belt 6pc Item #621",,,,Freud Inc (2435),Freud Inc,DIABLO®,,DCB518ASTS06G-621,,unclassified / needs manual mapping,DIABLO® DCB518ASTS06G-621 Product,DIABLO DCB518ASTS06G-621 PRODUCT,DIABLO® DCB518ASTS06G-621 Product,DIABLO® DCB518ASTS06G-621 Product,,,,,,,,,,,,,,,,,,,,,,,,,,,,,,,,,,,,,,,,,,,,,,,,,,,,,,,,,,,,,,,,,,,,,,,,,,,,,,,,,,,,,,,,,,,,,,,,,,,,,,,,,,,,,,,,,,,,,,,,,,,,,,,,,,,,,,,,,,,,,,,,,,,,,,,,,,,,,,,,,,,,,,,,,,,,,,,,,,,,,,,,,,,,,,,,,,,,,,,,,,,,,,,,,,,,,,,,,,,,,,,,,
,,,,,,,,,,,6702-000-622,Moen 6702-000 Genta Single Handle Bathroom Sink Faucet Chrome 1.2 gpm 4in Item #622,,,,Moen Incorporated (MOEN),Moen Incorporated,MOEN®,,6702-000-622,,Plumbing>Faucets>Bathroom Sink Faucets,"MOEN® 6702-000-622 Bathroom Sink Faucets, 2, 1.2 gpm, Chrome",MOEN 6702-000-622 BATHROOM SINK FAUCETS,"MOEN® 6702-000-622 Bathroom Sink Faucets, 2, 1.2 gpm, Chrome","MOEN® 6702-000-622 Bathroom Sink Faucets, 2, 1.2 gpm, Chrome",,,,,,,,,,,,,,,,,,,,,,,,,,,,,Number of Faucet Handles,2,,Flow Rate,1.2,gpm,Finish/Color,Chrome,,,,,,,,,,,,,,,,,,,,,,,,,,,,,,,,,,,,,,,,,,,,,,,,,,,,,,,,,,,,,,,,,,,,,,,,,,,,,,,,,,,,,,,,,,,,,,,,,,,,,,,,,,,,,,,,,,,,,,,,,,,,,,,,,,,,,,,,,,,,,,,,,,30181702,,,,,,,,,,,,,,,,,,,,,,,,,,,,,,,,,,,,,,,,,,,
,,,,,,,,,,,559HA-DST-623,Delta 559HA-DST Trinsic Single Handle Bathroom Sink Faucet Matte Black 1.2 gpm Item #623,,,,Delta Faucet Company (DELTA),Delta Faucet Company,DELTA®,,559HA-DST-623,,Plumbing>Faucets>Bathroom Sink Faucets,"DELTA® 559HA-DST-623 Bathroom Sink Faucets, 2, 1.2 gpm, Matte Black",DELTA 559HA-DST-623 BATHROOM SINK FAUCET,"DELTA® 559HA-DST-623 Bathroom Sink Faucets, 2, 1.2 gpm, Matte Black","DELTA® 559HA-DST-623 Bathroom Sink Faucets, 2, 1.2 gpm, Matte Black",,,,,,,,,,,,,,,,,,,,,,,,,,,,,Number of Faucet Handles,2,,Flow Rate,1.2,gpm,Finish/Color,Matte Black,,,,,,,,,,,,,,,,,,,,,,,,,,,,,,,,,,,,,,,,,,,,,,,,,,,,,,,,,,,,,,,,,,,,,,,,,,,,,,,,,,,,,,,,,,,,,,,,,,,,,,,,,,,,,,,,,,,,,,,,,,,,,,,,,,,,,,,,,,,,,,,,,,30181702,,,,,,,,,,,,,,,,,,,,,,,,,,,,,,,,,,,,,,,,,,,
,,,,,,,,,,,K-596-VS-624,Kohler K-596-VS Simplice Pull-Down Kitchen Faucet Vibrant Stainless 1.5 gpm Item #624,,,,Kohler Co. (KOHLER),Kohler Co.,KOHLER®,,K-596-VS-624,,Plumbing>Faucets>Utility Faucets,KOHLER® K-596-VS-624 Utility Faucets,KOHLER K-596-VS-624 UTILITY FAUCETS,KOHLER® K-596-VS-624 Utility Faucets,KOHLER® K-596-VS-624 Utility Faucets,,,,,,,,,,,,,,,,,,,,,,,,,,,,,,,,,,,,,,,,,,,,,,,,,,,,,,,,,,,,,,,,,,,,,,,,,,,,,,,,,,,,,,,,,,,,,,,,,,,,,,,,,,,,,,,,,,,,,,,,,,,,,,,,,,,,,,,,,,,,,,,,,,,,,,,,,,,,,,,,,,,,,,,,,,,,,,,,,,,,,,30181706,,,,,,,,,,,,,,,,,,,,,,,,,,,,,,,,,,,,,,,,,,,
,,,,,,,,,,,607-1/2-625,Nibco 607 1/2 1/2 in Copper Wrot Pressure 90 Deg Elbow Item #625,,,,Nibco Inc (NIBCO),Nibco Inc,NIBCO®,,607-1/2-625,,"Plumbing>Pipe, Tube & Hose Fittings>Pipe Fittings","NIBCO® 607-1/2-625 Pipe Fittings, Elbow, 1/2 in, Press, Copper",NIBCO 607-1/2-625 PIPE FITTINGS,"NIBCO® 607-1/2-625 Pipe Fittings, Elbow, 1/2 in, Press, Copper","NIBCO® 607-1/2-625 Pipe Fittings, Elbow, 1/2 in, Press, Copper",,,,,,,,,,,,,,,,,,,,,,,,,,,,,Fitting Fitting/Connector Type,Elbow,,Pipe Size,1/2,in,Connection Type,Press,,Fitting Material,Copper,,,,,,,,,,,,,,,,,,,,,,,,,,,,,,,,,,,,,,,,,,,,,,,,,,,,,,,,,,,,,,,,,,,,,,,,,,,,,,,,,,,,,,,,,,,,,,,,,,,,,,,,,,,,,,,,,,,,,,,,,,,,,,,,,,,,,,,,,,,,,,,40172600,,,,,,,,,,,,,,,,,,,,,,,,,,,,,,,,,,,,,,,,,,,
,,,,,,,,,,,U008LF-626,SharkBite U008LF 1/2 in Push-to-Connect Brass Coupling Item #626,,,,SharkBite Plumbing Solutions (SHARK),SharkBite Plumbing Solutions,SHARKBITE®,,U008LF-626,,"Plumbing>Pipe, Tube & Hose Fittings>Pipe Fittings","SHARKBITE® U008LF-626 Pipe Fittings, Coupling, 1/2 in, Push-to-Connect, Brass",SHARKBITE U008LF-626 PIPE FITTINGS,"SHARKBITE® U008LF-626 Pipe Fittings, Coupling, 1/2 in, Push-to-Connect, Brass","SHARKBITE® U008LF-626 Pipe Fittings, Coupling, 1/2 in, Push-to-Connect, Brass",,,,,,,,,,,,,,,,,,,,,,,,,,,,,Fitting Fitting/Connector Type,Coupling,,Pipe Size,1/2,in,Connection Type,Push-to-Connect,,Fitting Material,Brass,,,,,,,,,,,,,,,,,,,,,,,,,,,,,,,,,,,,,,,,,,,,,,,,,,,,,,,,,,,,,,,,,,,,,,,,,,,,,,,,,,,,,,,,,,,,,,,,,,,,,,,,,,,,,,,,,,,,,,,,,,,,,,,,,,,,,,,,,,,,,,,40172600,,,,,,,,,,,,,,,,,,,,,,,,,,,,,,,,,,,,,,,,,,,
,,,,,,,,,,,NIP-050-CLOSE-627,Charlotte Pipe 1/2 in x Close Black Steel Nipple MNPT Item #627,,,,Charlotte Pipe and Foundry (CHARL),Charlotte Pipe and Foundry,CHARLOTTE PIPE®,,NIP-050-CLOSE-627,,"Plumbing>Pipe, Tube & Hose Fittings>Pipe Fittings","CHARLOTTE PIPE® NIP-050-CLOSE-627 Pipe Fittings, Tee, 1/2 in, MNPT",CHARLOTTE PIPE NIP-050-CLOSE-627 PIPE FI,"CHARLOTTE PIPE® NIP-050-CLOSE-627 Pipe Fittings, Tee, 1/2 in, MNPT","CHARLOTTE PIPE® NIP-050-CLOSE-627 Pipe Fittings, Tee, 1/2 in, MNPT",,,,,,,,,,,,,,,,,,,,,,,,,,,,,Fitting Fitting/Connector Type,Tee,,Pipe Size,1/2,in,Connection Type,MNPT,,,,,,,,,,,,,,,,,,,,,,,,,,,,,,,,,,,,,,,,,,,,,,,,,,,,,,,,,,,,,,,,,,,,,,,,,,,,,,,,,,,,,,,,,,,,,,,,,,,,,,,,,,,,,,,,,,,,,,,,,,,,,,,,,,,,,,,,,,,,,,,,,,40172600,,,,,,,,,,,,,,,,,,,,,,,,,,,,,,,,,,,,,,,,,,,
,,,,,,,,,,,PDSH4816AF-628,PDSH4816AF Dishwasher SS - Display Only Item #628,,,,Appliance Dealers Cooperative (APPDE),Appliance Dealers Cooperative,FRIGIDAIRE®,,PDSH4816AF-628,,unclassified / needs manual mapping,FRIGIDAIRE® PDSH4816AF-628 Product,FRIGIDAIRE PDSH4816AF-628 PRODUCT,FRIGIDAIRE® PDSH4816AF-628 Product,FRIGIDAIRE® PDSH4816AF-628 Product,,,,,,,,,,,,,,,,,,,,,,,,,,,,,,,,,,,,,,,,,,,,,,,,,,,,,,,,,,,,,,,,,,,,,,,,,,,,,,,,,,,,,,,,,,,,,,,,,,,,,,,,,,,,,,,,,,,,,,,,,,,,,,,,,,,,,,,,,,,,,,,,,,,,,,,,,,,,,,,,,,,,,,,,,,,,,,,,,,,,,,,,,,,,,,,,,,,,,,,,,,,,,,,,,,,,,,,,,,,,,,,,,
,,,,,,,,,,,WDTS7024RZ-629,WDTS7024RZ Dishwasher SS - Display Only Item #629,,,,Appliance Dealers Cooperative (APPDE),Appliance Dealers Cooperative,FRIGIDAIRE®,,WDTS7024RZ-629,,unclassified / needs manual mapping,FRIGIDAIRE® WDTS7024RZ-629 Product,FRIGIDAIRE WDTS7024RZ-629 PRODUCT,FRIGIDAIRE® WDTS7024RZ-629 Product,FRIGIDAIRE® WDTS7024RZ-629 Product,,,,,,,,,,,,,,,,,,,,,,,,,,,,,,,,,,,,,,,,,,,,,,,,,,,,,,,,,,,,,,,,,,,,,,,,,,,,,,,,,,,,,,,,,,,,,,,,,,,,,,,,,,,,,,,,,,,,,,,,,,,,,,,,,,,,,,,,,,,,,,,,,,,,,,,,,,,,,,,,,,,,,,,,,,,,,,,,,,,,,,,,,,,,,,,,,,,,,,,,,,,,,,,,,,,,,,,,,,,,,,,,,
,,,,,,,,,,,DCB205C-630,Dewalt 20V Max 5.0Ah Starter Kit Item #630,,,,Black & Decker (2585),Black & Decker,DEWALT®,,DCB205C-630,,unclassified / needs manual mapping,DEWALT® DCB205C-630 Product,DEWALT DCB205C-630 PRODUCT,DEWALT® DCB205C-630 Product,DEWALT® DCB205C-630 Product,,,,,,,,,,,,,,,,,,,,,,,,,,,,,,,,,,,,,,,,,,,,,,,,,,,,,,,,,,,,,,,,,,,,,,,,,,,,,,,,,,,,,,,,,,,,,,,,,,,,,,,,,,,,,,,,,,,,,,,,,,,,,,,,,,,,,,,,,,,,,,,,,,,,,,,,,,,,,,,,,,,,,,,,,,,,,,,,,,,,,,,,,,,,,,,,,,,,,,,,,,,,,,,,,,,,,,,,,,,,,,,,,
,,,,,,,,,,,DCB518ASTS06G-631,"DCB518ASTS06G Diablo 1/2""x18"" - Sanding Belt 6pc Item #631",,,,Freud Inc (2435),Freud Inc,DIABLO®,,DCB518ASTS06G-631,,unclassified / needs manual mapping,DIABLO® DCB518ASTS06G-631 Product,DIABLO DCB518ASTS06G-631 PRODUCT,DIABLO® DCB518ASTS06G-631 Product,DIABLO® DCB518ASTS06G-631 Product,,,,,,,,,,,,,,,,,,,,,,,,,,,,,,,,,,,,,,,,,,,,,,,,,,,,,,,,,,,,,,,,,,,,,,,,,,,,,,,,,,,,,,,,,,,,,,,,,,,,,,,,,,,,,,,,,,,,,,,,,,,,,,,,,,,,,,,,,,,,,,,,,,,,,,,,,,,,,,,,,,,,,,,,,,,,,,,,,,,,,,,,,,,,,,,,,,,,,,,,,,,,,,,,,,,,,,,,,,,,,,,,,
,,,,,,,,,,,6702-000-632,Moen 6702-000 Genta Single Handle Bathroom Sink Faucet Chrome 1.2 gpm 4in Item #632,,,,Moen Incorporated (MOEN),Moen Incorporated,MOEN®,,6702-000-632,,Plumbing>Faucets>Bathroom Sink Faucets,"MOEN® 6702-000-632 Bathroom Sink Faucets, 2, 1.2 gpm, Chrome",MOEN 6702-000-632 BATHROOM SINK FAUCETS,"MOEN® 6702-000-632 Bathroom Sink Faucets, 2, 1.2 gpm, Chrome","MOEN® 6702-000-632 Bathroom Sink Faucets, 2, 1.2 gpm, Chrome",,,,,,,,,,,,,,,,,,,,,,,,,,,,,Number of Faucet Handles,2,,Flow Rate,1.2,gpm,Finish/Color,Chrome,,,,,,,,,,,,,,,,,,,,,,,,,,,,,,,,,,,,,,,,,,,,,,,,,,,,,,,,,,,,,,,,,,,,,,,,,,,,,,,,,,,,,,,,,,,,,,,,,,,,,,,,,,,,,,,,,,,,,,,,,,,,,,,,,,,,,,,,,,,,,,,,,,30181702,,,,,,,,,,,,,,,,,,,,,,,,,,,,,,,,,,,,,,,,,,,
,,,,,,,,,,,559HA-DST-633,Delta 559HA-DST Trinsic Single Handle Bathroom Sink Faucet Matte Black 1.2 gpm Item #633,,,,Delta Faucet Company (DELTA),Delta Faucet Company,DELTA®,,559HA-DST-633,,Plumbing>Faucets>Bathroom Sink Faucets,"DELTA® 559HA-DST-633 Bathroom Sink Faucets, 2, 1.2 gpm, Matte Black",DELTA 559HA-DST-633 BATHROOM SINK FAUCET,"DELTA® 559HA-DST-633 Bathroom Sink Faucets, 2, 1.2 gpm, Matte Black","DELTA® 559HA-DST-633 Bathroom Sink Faucets, 2, 1.2 gpm, Matte Black",,,,,,,,,,,,,,,,,,,,,,,,,,,,,Number of Faucet Handles,2,,Flow Rate,1.2,gpm,Finish/Color,Matte Black,,,,,,,,,,,,,,,,,,,,,,,,,,,,,,,,,,,,,,,,,,,,,,,,,,,,,,,,,,,,,,,,,,,,,,,,,,,,,,,,,,,,,,,,,,,,,,,,,,,,,,,,,,,,,,,,,,,,,,,,,,,,,,,,,,,,,,,,,,,,,,,,,,30181702,,,,,,,,,,,,,,,,,,,,,,,,,,,,,,,,,,,,,,,,,,,
,,,,,,,,,,,K-596-VS-634,Kohler K-596-VS Simplice Pull-Down Kitchen Faucet Vibrant Stainless 1.5 gpm Item #634,,,,Kohler Co. (KOHLER),Kohler Co.,KOHLER®,,K-596-VS-634,,Plumbing>Faucets>Utility Faucets,KOHLER® K-596-VS-634 Utility Faucets,KOHLER K-596-VS-634 UTILITY FAUCETS,KOHLER® K-596-VS-634 Utility Faucets,KOHLER® K-596-VS-634 Utility Faucets,,,,,,,,,,,,,,,,,,,,,,,,,,,,,,,,,,,,,,,,,,,,,,,,,,,,,,,,,,,,,,,,,,,,,,,,,,,,,,,,,,,,,,,,,,,,,,,,,,,,,,,,,,,,,,,,,,,,,,,,,,,,,,,,,,,,,,,,,,,,,,,,,,,,,,,,,,,,,,,,,,,,,,,,,,,,,,,,,,,,,,30181706,,,,,,,,,,,,,,,,,,,,,,,,,,,,,,,,,,,,,,,,,,,
,,,,,,,,,,,607-1/2-635,Nibco 607 1/2 1/2 in Copper Wrot Pressure 90 Deg Elbow Item #635,,,,Nibco Inc (NIBCO),Nibco Inc,NIBCO®,,607-1/2-635,,"Plumbing>Pipe, Tube & Hose Fittings>Pipe Fittings","NIBCO® 607-1/2-635 Pipe Fittings, Elbow, 1/2 in, Press, Copper",NIBCO 607-1/2-635 PIPE FITTINGS,"NIBCO® 607-1/2-635 Pipe Fittings, Elbow, 1/2 in, Press, Copper","NIBCO® 607-1/2-635 Pipe Fittings, Elbow, 1/2 in, Press, Copper",,,,,,,,,,,,,,,,,,,,,,,,,,,,,Fitting Fitting/Connector Type,Elbow,,Pipe Size,1/2,in,Connection Type,Press,,Fitting Material,Copper,,,,,,,,,,,,,,,,,,,,,,,,,,,,,,,,,,,,,,,,,,,,,,,,,,,,,,,,,,,,,,,,,,,,,,,,,,,,,,,,,,,,,,,,,,,,,,,,,,,,,,,,,,,,,,,,,,,,,,,,,,,,,,,,,,,,,,,,,,,,,,,40172600,,,,,,,,,,,,,,,,,,,,,,,,,,,,,,,,,,,,,,,,,,,
,,,,,,,,,,,U008LF-636,SharkBite U008LF 1/2 in Push-to-Connect Brass Coupling Item #636,,,,SharkBite Plumbing Solutions (SHARK),SharkBite Plumbing Solutions,SHARKBITE®,,U008LF-636,,"Plumbing>Pipe, Tube & Hose Fittings>Pipe Fittings","SHARKBITE® U008LF-636 Pipe Fittings, Coupling, 1/2 in, Push-to-Connect, Brass",SHARKBITE U008LF-636 PIPE FITTINGS,"SHARKBITE® U008LF-636 Pipe Fittings, Coupling, 1/2 in, Push-to-Connect, Brass","SHARKBITE® U008LF-636 Pipe Fittings, Coupling, 1/2 in, Push-to-Connect, Brass",,,,,,,,,,,,,,,,,,,,,,,,,,,,,Fitting Fitting/Connector Type,Coupling,,Pipe Size,1/2,in,Connection Type,Push-to-Connect,,Fitting Material,Brass,,,,,,,,,,,,,,,,,,,,,,,,,,,,,,,,,,,,,,,,,,,,,,,,,,,,,,,,,,,,,,,,,,,,,,,,,,,,,,,,,,,,,,,,,,,,,,,,,,,,,,,,,,,,,,,,,,,,,,,,,,,,,,,,,,,,,,,,,,,,,,,40172600,,,,,,,,,,,,,,,,,,,,,,,,,,,,,,,,,,,,,,,,,,,
,,,,,,,,,,,NIP-050-CLOSE-637,Charlotte Pipe 1/2 in x Close Black Steel Nipple MNPT Item #637,,,,Charlotte Pipe and Foundry (CHARL),Charlotte Pipe and Foundry,CHARLOTTE PIPE®,,NIP-050-CLOSE-637,,"Plumbing>Pipe, Tube & Hose Fittings>Pipe Fittings","CHARLOTTE PIPE® NIP-050-CLOSE-637 Pipe Fittings, Tee, 1/2 in, MNPT",CHARLOTTE PIPE NIP-050-CLOSE-637 PIPE FI,"CHARLOTTE PIPE® NIP-050-CLOSE-637 Pipe Fittings, Tee, 1/2 in, MNPT","CHARLOTTE PIPE® NIP-050-CLOSE-637 Pipe Fittings, Tee, 1/2 in, MNPT",,,,,,,,,,,,,,,,,,,,,,,,,,,,,Fitting Fitting/Connector Type,Tee,,Pipe Size,1/2,in,Connection Type,MNPT,,,,,,,,,,,,,,,,,,,,,,,,,,,,,,,,,,,,,,,,,,,,,,,,,,,,,,,,,,,,,,,,,,,,,,,,,,,,,,,,,,,,,,,,,,,,,,,,,,,,,,,,,,,,,,,,,,,,,,,,,,,,,,,,,,,,,,,,,,,,,,,,,,40172600,,,,,,,,,,,,,,,,,,,,,,,,,,,,,,,,,,,,,,,,,,,
,,,,,,,,,,,PDSH4816AF-638,PDSH4816AF Dishwasher SS - Display Only Item #638,,,,Appliance Dealers Cooperative (APPDE),Appliance Dealers Cooperative,FRIGIDAIRE®,,PDSH4816AF-638,,unclassified / needs manual mapping,FRIGIDAIRE® PDSH4816AF-638 Product,FRIGIDAIRE PDSH4816AF-638 PRODUCT,FRIGIDAIRE® PDSH4816AF-638 Product,FRIGIDAIRE® PDSH4816AF-638 Product,,,,,,,,,,,,,,,,,,,,,,,,,,,,,,,,,,,,,,,,,,,,,,,,,,,,,,,,,,,,,,,,,,,,,,,,,,,,,,,,,,,,,,,,,,,,,,,,,,,,,,,,,,,,,,,,,,,,,,,,,,,,,,,,,,,,,,,,,,,,,,,,,,,,,,,,,,,,,,,,,,,,,,,,,,,,,,,,,,,,,,,,,,,,,,,,,,,,,,,,,,,,,,,,,,,,,,,,,,,,,,,,,
,,,,,,,,,,,WDTS7024RZ-639,WDTS7024RZ Dishwasher SS - Display Only Item #639,,,,Appliance Dealers Cooperative (APPDE),Appliance Dealers Cooperative,FRIGIDAIRE®,,WDTS7024RZ-639,,unclassified / needs manual mapping,FRIGIDAIRE® WDTS7024RZ-639 Product,FRIGIDAIRE WDTS7024RZ-639 PRODUCT,FRIGIDAIRE® WDTS7024RZ-639 Product,FRIGIDAIRE® WDTS7024RZ-639 Product,,,,,,,,,,,,,,,,,,,,,,,,,,,,,,,,,,,,,,,,,,,,,,,,,,,,,,,,,,,,,,,,,,,,,,,,,,,,,,,,,,,,,,,,,,,,,,,,,,,,,,,,,,,,,,,,,,,,,,,,,,,,,,,,,,,,,,,,,,,,,,,,,,,,,,,,,,,,,,,,,,,,,,,,,,,,,,,,,,,,,,,,,,,,,,,,,,,,,,,,,,,,,,,,,,,,,,,,,,,,,,,,,
,,,,,,,,,,,DCB205C-640,Dewalt 20V Max 5.0Ah Starter Kit Item #640,,,,Black & Decker (2585),Black & Decker,DEWALT®,,DCB205C-640,,unclassified / needs manual mapping,DEWALT® DCB205C-640 Product,DEWALT DCB205C-640 PRODUCT,DEWALT® DCB205C-640 Product,DEWALT® DCB205C-640 Product,,,,,,,,,,,,,,,,,,,,,,,,,,,,,,,,,,,,,,,,,,,,,,,,,,,,,,,,,,,,,,,,,,,,,,,,,,,,,,,,,,,,,,,,,,,,,,,,,,,,,,,,,,,,,,,,,,,,,,,,,,,,,,,,,,,,,,,,,,,,,,,,,,,,,,,,,,,,,,,,,,,,,,,,,,,,,,,,,,,,,,,,,,,,,,,,,,,,,,,,,,,,,,,,,,,,,,,,,,,,,,,,,
,,,,,,,,,,,DCB518ASTS06G-641,"DCB518ASTS06G Diablo 1/2""x18"" - Sanding Belt 6pc Item #641",,,,Freud Inc (2435),Freud Inc,DIABLO®,,DCB518ASTS06G-641,,unclassified / needs manual mapping,DIABLO® DCB518ASTS06G-641 Product,DIABLO DCB518ASTS06G-641 PRODUCT,DIABLO® DCB518ASTS06G-641 Product,DIABLO® DCB518ASTS06G-641 Product,,,,,,,,,,,,,,,,,,,,,,,,,,,,,,,,,,,,,,,,,,,,,,,,,,,,,,,,,,,,,,,,,,,,,,,,,,,,,,,,,,,,,,,,,,,,,,,,,,,,,,,,,,,,,,,,,,,,,,,,,,,,,,,,,,,,,,,,,,,,,,,,,,,,,,,,,,,,,,,,,,,,,,,,,,,,,,,,,,,,,,,,,,,,,,,,,,,,,,,,,,,,,,,,,,,,,,,,,,,,,,,,,
,,,,,,,,,,,6702-000-642,Moen 6702-000 Genta Single Handle Bathroom Sink Faucet Chrome 1.2 gpm 4in Item #642,,,,Moen Incorporated (MOEN),Moen Incorporated,MOEN®,,6702-000-642,,Plumbing>Faucets>Bathroom Sink Faucets,"MOEN® 6702-000-642 Bathroom Sink Faucets, 2, 1.2 gpm, Chrome",MOEN 6702-000-642 BATHROOM SINK FAUCETS,"MOEN® 6702-000-642 Bathroom Sink Faucets, 2, 1.2 gpm, Chrome","MOEN® 6702-000-642 Bathroom Sink Faucets, 2, 1.2 gpm, Chrome",,,,,,,,,,,,,,,,,,,,,,,,,,,,,Number of Faucet Handles,2,,Flow Rate,1.2,gpm,Finish/Color,Chrome,,,,,,,,,,,,,,,,,,,,,,,,,,,,,,,,,,,,,,,,,,,,,,,,,,,,,,,,,,,,,,,,,,,,,,,,,,,,,,,,,,,,,,,,,,,,,,,,,,,,,,,,,,,,,,,,,,,,,,,,,,,,,,,,,,,,,,,,,,,,,,,,,,30181702,,,,,,,,,,,,,,,,,,,,,,,,,,,,,,,,,,,,,,,,,,,
,,,,,,,,,,,559HA-DST-643,Delta 559HA-DST Trinsic Single Handle Bathroom Sink Faucet Matte Black 1.2 gpm Item #643,,,,Delta Faucet Company (DELTA),Delta Faucet Company,DELTA®,,559HA-DST-643,,Plumbing>Faucets>Bathroom Sink Faucets,"DELTA® 559HA-DST-643 Bathroom Sink Faucets, 2, 1.2 gpm, Matte Black",DELTA 559HA-DST-643 BATHROOM SINK FAUCET,"DELTA® 559HA-DST-643 Bathroom Sink Faucets, 2, 1.2 gpm, Matte Black","DELTA® 559HA-DST-643 Bathroom Sink Faucets, 2, 1.2 gpm, Matte Black",,,,,,,,,,,,,,,,,,,,,,,,,,,,,Number of Faucet Handles,2,,Flow Rate,1.2,gpm,Finish/Color,Matte Black,,,,,,,,,,,,,,,,,,,,,,,,,,,,,,,,,,,,,,,,,,,,,,,,,,,,,,,,,,,,,,,,,,,,,,,,,,,,,,,,,,,,,,,,,,,,,,,,,,,,,,,,,,,,,,,,,,,,,,,,,,,,,,,,,,,,,,,,,,,,,,,,,,30181702,,,,,,,,,,,,,,,,,,,,,,,,,,,,,,,,,,,,,,,,,,,
,,,,,,,,,,,K-596-VS-644,Kohler K-596-VS Simplice Pull-Down Kitchen Faucet Vibrant Stainless 1.5 gpm Item #644,,,,Kohler Co. (KOHLER),Kohler Co.,KOHLER®,,K-596-VS-644,,Plumbing>Faucets>Utility Faucets,KOHLER® K-596-VS-644 Utility Faucets,KOHLER K-596-VS-644 UTILITY FAUCETS,KOHLER® K-596-VS-644 Utility Faucets,KOHLER® K-596-VS-644 Utility Faucets,,,,,,,,,,,,,,,,,,,,,,,,,,,,,,,,,,,,,,,,,,,,,,,,,,,,,,,,,,,,,,,,,,,,,,,,,,,,,,,,,,,,,,,,,,,,,,,,,,,,,,,,,,,,,,,,,,,,,,,,,,,,,,,,,,,,,,,,,,,,,,,,,,,,,,,,,,,,,,,,,,,,,,,,,,,,,,,,,,,,,,30181706,,,,,,,,,,,,,,,,,,,,,,,,,,,,,,,,,,,,,,,,,,,
,,,,,,,,,,,607-1/2-645,Nibco 607 1/2 1/2 in Copper Wrot Pressure 90 Deg Elbow Item #645,,,,Nibco Inc (NIBCO),Nibco Inc,NIBCO®,,607-1/2-645,,"Plumbing>Pipe, Tube & Hose Fittings>Pipe Fittings","NIBCO® 607-1/2-645 Pipe Fittings, Elbow, 1/2 in, Press, Copper",NIBCO 607-1/2-645 PIPE FITTINGS,"NIBCO® 607-1/2-645 Pipe Fittings, Elbow, 1/2 in, Press, Copper","NIBCO® 607-1/2-645 Pipe Fittings, Elbow, 1/2 in, Press, Copper",,,,,,,,,,,,,,,,,,,,,,,,,,,,,Fitting Fitting/Connector Type,Elbow,,Pipe Size,1/2,in,Connection Type,Press,,Fitting Material,Copper,,,,,,,,,,,,,,,,,,,,,,,,,,,,,,,,,,,,,,,,,,,,,,,,,,,,,,,,,,,,,,,,,,,,,,,,,,,,,,,,,,,,,,,,,,,,,,,,,,,,,,,,,,,,,,,,,,,,,,,,,,,,,,,,,,,,,,,,,,,,,,,40172600,,,,,,,,,,,,,,,,,,,,,,,,,,,,,,,,,,,,,,,,,,,
,,,,,,,,,,,U008LF-646,SharkBite U008LF 1/2 in Push-to-Connect Brass Coupling Item #646,,,,SharkBite Plumbing Solutions (SHARK),SharkBite Plumbing Solutions,SHARKBITE®,,U008LF-646,,"Plumbing>Pipe, Tube & Hose Fittings>Pipe Fittings","SHARKBITE® U008LF-646 Pipe Fittings, Coupling, 1/2 in, Push-to-Connect, Brass",SHARKBITE U008LF-646 PIPE FITTINGS,"SHARKBITE® U008LF-646 Pipe Fittings, Coupling, 1/2 in, Push-to-Connect, Brass","SHARKBITE® U008LF-646 Pipe Fittings, Coupling, 1/2 in, Push-to-Connect, Brass",,,,,,,,,,,,,,,,,,,,,,,,,,,,,Fitting Fitting/Connector Type,Coupling,,Pipe Size,1/2,in,Connection Type,Push-to-Connect,,Fitting Material,Brass,,,,,,,,,,,,,,,,,,,,,,,,,,,,,,,,,,,,,,,,,,,,,,,,,,,,,,,,,,,,,,,,,,,,,,,,,,,,,,,,,,,,,,,,,,,,,,,,,,,,,,,,,,,,,,,,,,,,,,,,,,,,,,,,,,,,,,,,,,,,,,,40172600,,,,,,,,,,,,,,,,,,,,,,,,,,,,,,,,,,,,,,,,,,,
,,,,,,,,,,,NIP-050-CLOSE-647,Charlotte Pipe 1/2 in x Close Black Steel Nipple MNPT Item #647,,,,Charlotte Pipe and Foundry (CHARL),Charlotte Pipe and Foundry,CHARLOTTE PIPE®,,NIP-050-CLOSE-647,,"Plumbing>Pipe, Tube & Hose Fittings>Pipe Fittings","CHARLOTTE PIPE® NIP-050-CLOSE-647 Pipe Fittings, Tee, 1/2 in, MNPT",CHARLOTTE PIPE NIP-050-CLOSE-647 PIPE FI,"CHARLOTTE PIPE® NIP-050-CLOSE-647 Pipe Fittings, Tee, 1/2 in, MNPT","CHARLOTTE PIPE® NIP-050-CLOSE-647 Pipe Fittings, Tee, 1/2 in, MNPT",,,,,,,,,,,,,,,,,,,,,,,,,,,,,Fitting Fitting/Connector Type,Tee,,Pipe Size,1/2,in,Connection Type,MNPT,,,,,,,,,,,,,,,,,,,,,,,,,,,,,,,,,,,,,,,,,,,,,,,,,,,,,,,,,,,,,,,,,,,,,,,,,,,,,,,,,,,,,,,,,,,,,,,,,,,,,,,,,,,,,,,,,,,,,,,,,,,,,,,,,,,,,,,,,,,,,,,,,,40172600,,,,,,,,,,,,,,,,,,,,,,,,,,,,,,,,,,,,,,,,,,,
,,,,,,,,,,,PDSH4816AF-648,PDSH4816AF Dishwasher SS - Display Only Item #648,,,,Appliance Dealers Cooperative (APPDE),Appliance Dealers Cooperative,FRIGIDAIRE®,,PDSH4816AF-648,,unclassified / needs manual mapping,FRIGIDAIRE® PDSH4816AF-648 Product,FRIGIDAIRE PDSH4816AF-648 PRODUCT,FRIGIDAIRE® PDSH4816AF-648 Product,FRIGIDAIRE® PDSH4816AF-648 Product,,,,,,,,,,,,,,,,,,,,,,,,,,,,,,,,,,,,,,,,,,,,,,,,,,,,,,,,,,,,,,,,,,,,,,,,,,,,,,,,,,,,,,,,,,,,,,,,,,,,,,,,,,,,,,,,,,,,,,,,,,,,,,,,,,,,,,,,,,,,,,,,,,,,,,,,,,,,,,,,,,,,,,,,,,,,,,,,,,,,,,,,,,,,,,,,,,,,,,,,,,,,,,,,,,,,,,,,,,,,,,,,,
,,,,,,,,,,,WDTS7024RZ-649,WDTS7024RZ Dishwasher SS - Display Only Item #649,,,,Appliance Dealers Cooperative (APPDE),Appliance Dealers Cooperative,FRIGIDAIRE®,,WDTS7024RZ-649,,unclassified / needs manual mapping,FRIGIDAIRE® WDTS7024RZ-649 Product,FRIGIDAIRE WDTS7024RZ-649 PRODUCT,FRIGIDAIRE® WDTS7024RZ-649 Product,FRIGIDAIRE® WDTS7024RZ-649 Product,,,,,,,,,,,,,,,,,,,,,,,,,,,,,,,,,,,,,,,,,,,,,,,,,,,,,,,,,,,,,,,,,,,,,,,,,,,,,,,,,,,,,,,,,,,,,,,,,,,,,,,,,,,,,,,,,,,,,,,,,,,,,,,,,,,,,,,,,,,,,,,,,,,,,,,,,,,,,,,,,,,,,,,,,,,,,,,,,,,,,,,,,,,,,,,,,,,,,,,,,,,,,,,,,,,,,,,,,,,,,,,,,
,,,,,,,,,,,DCB205C-650,Dewalt 20V Max 5.0Ah Starter Kit Item #650,,,,Black & Decker (2585),Black & Decker,DEWALT®,,DCB205C-650,,unclassified / needs manual mapping,DEWALT® DCB205C-650 Product,DEWALT DCB205C-650 PRODUCT,DEWALT® DCB205C-650 Product,DEWALT® DCB205C-650 Product,,,,,,,,,,,,,,,,,,,,,,,,,,,,,,,,,,,,,,,,,,,,,,,,,,,,,,,,,,,,,,,,,,,,,,,,,,,,,,,,,,,,,,,,,,,,,,,,,,,,,,,,,,,,,,,,,,,,,,,,,,,,,,,,,,,,,,,,,,,,,,,,,,,,,,,,,,,,,,,,,,,,,,,,,,,,,,,,,,,,,,,,,,,,,,,,,,,,,,,,,,,,,,,,,,,,,,,,,,,,,,,,,
,,,,,,,,,,,DCB518ASTS06G-651,"DCB518ASTS06G Diablo 1/2""x18"" - Sanding Belt 6pc Item #651",,,,Freud Inc (2435),Freud Inc,DIABLO®,,DCB518ASTS06G-651,,unclassified / needs manual mapping,DIABLO® DCB518ASTS06G-651 Product,DIABLO DCB518ASTS06G-651 PRODUCT,DIABLO® DCB518ASTS06G-651 Product,DIABLO® DCB518ASTS06G-651 Product,,,,,,,,,,,,,,,,,,,,,,,,,,,,,,,,,,,,,,,,,,,,,,,,,,,,,,,,,,,,,,,,,,,,,,,,,,,,,,,,,,,,,,,,,,,,,,,,,,,,,,,,,,,,,,,,,,,,,,,,,,,,,,,,,,,,,,,,,,,,,,,,,,,,,,,,,,,,,,,,,,,,,,,,,,,,,,,,,,,,,,,,,,,,,,,,,,,,,,,,,,,,,,,,,,,,,,,,,,,,,,,,,
,,,,,,,,,,,6702-000-652,Moen 6702-000 Genta Single Handle Bathroom Sink Faucet Chrome 1.2 gpm 4in Item #652,,,,Moen Incorporated (MOEN),Moen Incorporated,MOEN®,,6702-000-652,,Plumbing>Faucets>Bathroom Sink Faucets,"MOEN® 6702-000-652 Bathroom Sink Faucets, 2, 1.2 gpm, Chrome",MOEN 6702-000-652 BATHROOM SINK FAUCETS,"MOEN® 6702-000-652 Bathroom Sink Faucets, 2, 1.2 gpm, Chrome","MOEN® 6702-000-652 Bathroom Sink Faucets, 2, 1.2 gpm, Chrome",,,,,,,,,,,,,,,,,,,,,,,,,,,,,Number of Faucet Handles,2,,Flow Rate,1.2,gpm,Finish/Color,Chrome,,,,,,,,,,,,,,,,,,,,,,,,,,,,,,,,,,,,,,,,,,,,,,,,,,,,,,,,,,,,,,,,,,,,,,,,,,,,,,,,,,,,,,,,,,,,,,,,,,,,,,,,,,,,,,,,,,,,,,,,,,,,,,,,,,,,,,,,,,,,,,,,,,30181702,,,,,,,,,,,,,,,,,,,,,,,,,,,,,,,,,,,,,,,,,,,
,,,,,,,,,,,559HA-DST-653,Delta 559HA-DST Trinsic Single Handle Bathroom Sink Faucet Matte Black 1.2 gpm Item #653,,,,Delta Faucet Company (DELTA),Delta Faucet Company,DELTA®,,559HA-DST-653,,Plumbing>Faucets>Bathroom Sink Faucets,"DELTA® 559HA-DST-653 Bathroom Sink Faucets, 2, 1.2 gpm, Matte Black",DELTA 559HA-DST-653 BATHROOM SINK FAUCET,"DELTA® 559HA-DST-653 Bathroom Sink Faucets, 2, 1.2 gpm, Matte Black","DELTA® 559HA-DST-653 Bathroom Sink Faucets, 2, 1.2 gpm, Matte Black",,,,,,,,,,,,,,,,,,,,,,,,,,,,,Number of Faucet Handles,2,,Flow Rate,1.2,gpm,Finish/Color,Matte Black,,,,,,,,,,,,,,,,,,,,,,,,,,,,,,,,,,,,,,,,,,,,,,,,,,,,,,,,,,,,,,,,,,,,,,,,,,,,,,,,,,,,,,,,,,,,,,,,,,,,,,,,,,,,,,,,,,,,,,,,,,,,,,,,,,,,,,,,,,,,,,,,,,30181702,,,,,,,,,,,,,,,,,,,,,,,,,,,,,,,,,,,,,,,,,,,
,,,,,,,,,,,K-596-VS-654,Kohler K-596-VS Simplice Pull-Down Kitchen Faucet Vibrant Stainless 1.5 gpm Item #654,,,,Kohler Co. (KOHLER),Kohler Co.,KOHLER®,,K-596-VS-654,,Plumbing>Faucets>Utility Faucets,KOHLER® K-596-VS-654 Utility Faucets,KOHLER K-596-VS-654 UTILITY FAUCETS,KOHLER® K-596-VS-654 Utility Faucets,KOHLER® K-596-VS-654 Utility Faucets,,,,,,,,,,,,,,,,,,,,,,,,,,,,,,,,,,,,,,,,,,,,,,,,,,,,,,,,,,,,,,,,,,,,,,,,,,,,,,,,,,,,,,,,,,,,,,,,,,,,,,,,,,,,,,,,,,,,,,,,,,,,,,,,,,,,,,,,,,,,,,,,,,,,,,,,,,,,,,,,,,,,,,,,,,,,,,,,,,,,,,30181706,,,,,,,,,,,,,,,,,,,,,,,,,,,,,,,,,,,,,,,,,,,
,,,,,,,,,,,607-1/2-655,Nibco 607 1/2 1/2 in Copper Wrot Pressure 90 Deg Elbow Item #655,,,,Nibco Inc (NIBCO),Nibco Inc,NIBCO®,,607-1/2-655,,"Plumbing>Pipe, Tube & Hose Fittings>Pipe Fittings","NIBCO® 607-1/2-655 Pipe Fittings, Elbow, 1/2 in, Press, Copper",NIBCO 607-1/2-655 PIPE FITTINGS,"NIBCO® 607-1/2-655 Pipe Fittings, Elbow, 1/2 in, Press, Copper","NIBCO® 607-1/2-655 Pipe Fittings, Elbow, 1/2 in, Press, Copper",,,,,,,,,,,,,,,,,,,,,,,,,,,,,Fitting Fitting/Connector Type,Elbow,,Pipe Size,1/2,in,Connection Type,Press,,Fitting Material,Copper,,,,,,,,,,,,,,,,,,,,,,,,,,,,,,,,,,,,,,,,,,,,,,,,,,,,,,,,,,,,,,,,,,,,,,,,,,,,,,,,,,,,,,,,,,,,,,,,,,,,,,,,,,,,,,,,,,,,,,,,,,,,,,,,,,,,,,,,,,,,,,,40172600,,,,,,,,,,,,,,,,,,,,,,,,,,,,,,,,,,,,,,,,,,,
,,,,,,,,,,,U008LF-656,SharkBite U008LF 1/2 in Push-to-Connect Brass Coupling Item #656,,,,SharkBite Plumbing Solutions (SHARK),SharkBite Plumbing Solutions,SHARKBITE®,,U008LF-656,,"Plumbing>Pipe, Tube & Hose Fittings>Pipe Fittings","SHARKBITE® U008LF-656 Pipe Fittings, Coupling, 1/2 in, Push-to-Connect, Brass",SHARKBITE U008LF-656 PIPE FITTINGS,"SHARKBITE® U008LF-656 Pipe Fittings, Coupling, 1/2 in, Push-to-Connect, Brass","SHARKBITE® U008LF-656 Pipe Fittings, Coupling, 1/2 in, Push-to-Connect, Brass",,,,,,,,,,,,,,,,,,,,,,,,,,,,,Fitting Fitting/Connector Type,Coupling,,Pipe Size,1/2,in,Connection Type,Push-to-Connect,,Fitting Material,Brass,,,,,,,,,,,,,,,,,,,,,,,,,,,,,,,,,,,,,,,,,,,,,,,,,,,,,,,,,,,,,,,,,,,,,,,,,,,,,,,,,,,,,,,,,,,,,,,,,,,,,,,,,,,,,,,,,,,,,,,,,,,,,,,,,,,,,,,,,,,,,,,40172600,,,,,,,,,,,,,,,,,,,,,,,,,,,,,,,,,,,,,,,,,,,
,,,,,,,,,,,NIP-050-CLOSE-657,Charlotte Pipe 1/2 in x Close Black Steel Nipple MNPT Item #657,,,,Charlotte Pipe and Foundry (CHARL),Charlotte Pipe and Foundry,CHARLOTTE PIPE®,,NIP-050-CLOSE-657,,"Plumbing>Pipe, Tube & Hose Fittings>Pipe Fittings","CHARLOTTE PIPE® NIP-050-CLOSE-657 Pipe Fittings, Tee, 1/2 in, MNPT",CHARLOTTE PIPE NIP-050-CLOSE-657 PIPE FI,"CHARLOTTE PIPE® NIP-050-CLOSE-657 Pipe Fittings, Tee, 1/2 in, MNPT","CHARLOTTE PIPE® NIP-050-CLOSE-657 Pipe Fittings, Tee, 1/2 in, MNPT",,,,,,,,,,,,,,,,,,,,,,,,,,,,,Fitting Fitting/Connector Type,Tee,,Pipe Size,1/2,in,Connection Type,MNPT,,,,,,,,,,,,,,,,,,,,,,,,,,,,,,,,,,,,,,,,,,,,,,,,,,,,,,,,,,,,,,,,,,,,,,,,,,,,,,,,,,,,,,,,,,,,,,,,,,,,,,,,,,,,,,,,,,,,,,,,,,,,,,,,,,,,,,,,,,,,,,,,,,40172600,,,,,,,,,,,,,,,,,,,,,,,,,,,,,,,,,,,,,,,,,,,
,,,,,,,,,,,PDSH4816AF-658,PDSH4816AF Dishwasher SS - Display Only Item #658,,,,Appliance Dealers Cooperative (APPDE),Appliance Dealers Cooperative,FRIGIDAIRE®,,PDSH4816AF-658,,unclassified / needs manual mapping,FRIGIDAIRE® PDSH4816AF-658 Product,FRIGIDAIRE PDSH4816AF-658 PRODUCT,FRIGIDAIRE® PDSH4816AF-658 Product,FRIGIDAIRE® PDSH4816AF-658 Product,,,,,,,,,,,,,,,,,,,,,,,,,,,,,,,,,,,,,,,,,,,,,,,,,,,,,,,,,,,,,,,,,,,,,,,,,,,,,,,,,,,,,,,,,,,,,,,,,,,,,,,,,,,,,,,,,,,,,,,,,,,,,,,,,,,,,,,,,,,,,,,,,,,,,,,,,,,,,,,,,,,,,,,,,,,,,,,,,,,,,,,,,,,,,,,,,,,,,,,,,,,,,,,,,,,,,,,,,,,,,,,,,
,,,,,,,,,,,WDTS7024RZ-659,WDTS7024RZ Dishwasher SS - Display Only Item #659,,,,Appliance Dealers Cooperative (APPDE),Appliance Dealers Cooperative,FRIGIDAIRE®,,WDTS7024RZ-659,,unclassified / needs manual mapping,FRIGIDAIRE® WDTS7024RZ-659 Product,FRIGIDAIRE WDTS7024RZ-659 PRODUCT,FRIGIDAIRE® WDTS7024RZ-659 Product,FRIGIDAIRE® WDTS7024RZ-659 Product,,,,,,,,,,,,,,,,,,,,,,,,,,,,,,,,,,,,,,,,,,,,,,,,,,,,,,,,,,,,,,,,,,,,,,,,,,,,,,,,,,,,,,,,,,,,,,,,,,,,,,,,,,,,,,,,,,,,,,,,,,,,,,,,,,,,,,,,,,,,,,,,,,,,,,,,,,,,,,,,,,,,,,,,,,,,,,,,,,,,,,,,,,,,,,,,,,,,,,,,,,,,,,,,,,,,,,,,,,,,,,,,,
,,,,,,,,,,,DCB205C-660,Dewalt 20V Max 5.0Ah Starter Kit Item #660,,,,Black & Decker (2585),Black & Decker,DEWALT®,,DCB205C-660,,unclassified / needs manual mapping,DEWALT® DCB205C-660 Product,DEWALT DCB205C-660 PRODUCT,DEWALT® DCB205C-660 Product,DEWALT® DCB205C-660 Product,,,,,,,,,,,,,,,,,,,,,,,,,,,,,,,,,,,,,,,,,,,,,,,,,,,,,,,,,,,,,,,,,,,,,,,,,,,,,,,,,,,,,,,,,,,,,,,,,,,,,,,,,,,,,,,,,,,,,,,,,,,,,,,,,,,,,,,,,,,,,,,,,,,,,,,,,,,,,,,,,,,,,,,,,,,,,,,,,,,,,,,,,,,,,,,,,,,,,,,,,,,,,,,,,,,,,,,,,,,,,,,,,
,,,,,,,,,,,DCB518ASTS06G-661,"DCB518ASTS06G Diablo 1/2""x18"" - Sanding Belt 6pc Item #661",,,,Freud Inc (2435),Freud Inc,DIABLO®,,DCB518ASTS06G-661,,unclassified / needs manual mapping,DIABLO® DCB518ASTS06G-661 Product,DIABLO DCB518ASTS06G-661 PRODUCT,DIABLO® DCB518ASTS06G-661 Product,DIABLO® DCB518ASTS06G-661 Product,,,,,,,,,,,,,,,,,,,,,,,,,,,,,,,,,,,,,,,,,,,,,,,,,,,,,,,,,,,,,,,,,,,,,,,,,,,,,,,,,,,,,,,,,,,,,,,,,,,,,,,,,,,,,,,,,,,,,,,,,,,,,,,,,,,,,,,,,,,,,,,,,,,,,,,,,,,,,,,,,,,,,,,,,,,,,,,,,,,,,,,,,,,,,,,,,,,,,,,,,,,,,,,,,,,,,,,,,,,,,,,,,
,,,,,,,,,,,6702-000-662,Moen 6702-000 Genta Single Handle Bathroom Sink Faucet Chrome 1.2 gpm 4in Item #662,,,,Moen Incorporated (MOEN),Moen Incorporated,MOEN®,,6702-000-662,,Plumbing>Faucets>Bathroom Sink Faucets,"MOEN® 6702-000-662 Bathroom Sink Faucets, 2, 1.2 gpm, Chrome",MOEN 6702-000-662 BATHROOM SINK FAUCETS,"MOEN® 6702-000-662 Bathroom Sink Faucets, 2, 1.2 gpm, Chrome","MOEN® 6702-000-662 Bathroom Sink Faucets, 2, 1.2 gpm, Chrome",,,,,,,,,,,,,,,,,,,,,,,,,,,,,Number of Faucet Handles,2,,Flow Rate,1.2,gpm,Finish/Color,Chrome,,,,,,,,,,,,,,,,,,,,,,,,,,,,,,,,,,,,,,,,,,,,,,,,,,,,,,,,,,,,,,,,,,,,,,,,,,,,,,,,,,,,,,,,,,,,,,,,,,,,,,,,,,,,,,,,,,,,,,,,,,,,,,,,,,,,,,,,,,,,,,,,,,30181702,,,,,,,,,,,,,,,,,,,,,,,,,,,,,,,,,,,,,,,,,,,
,,,,,,,,,,,559HA-DST-663,Delta 559HA-DST Trinsic Single Handle Bathroom Sink Faucet Matte Black 1.2 gpm Item #663,,,,Delta Faucet Company (DELTA),Delta Faucet Company,DELTA®,,559HA-DST-663,,Plumbing>Faucets>Bathroom Sink Faucets,"DELTA® 559HA-DST-663 Bathroom Sink Faucets, 2, 1.2 gpm, Matte Black",DELTA 559HA-DST-663 BATHROOM SINK FAUCET,"DELTA® 559HA-DST-663 Bathroom Sink Faucets, 2, 1.2 gpm, Matte Black","DELTA® 559HA-DST-663 Bathroom Sink Faucets, 2, 1.2 gpm, Matte Black",,,,,,,,,,,,,,,,,,,,,,,,,,,,,Number of Faucet Handles,2,,Flow Rate,1.2,gpm,Finish/Color,Matte Black,,,,,,,,,,,,,,,,,,,,,,,,,,,,,,,,,,,,,,,,,,,,,,,,,,,,,,,,,,,,,,,,,,,,,,,,,,,,,,,,,,,,,,,,,,,,,,,,,,,,,,,,,,,,,,,,,,,,,,,,,,,,,,,,,,,,,,,,,,,,,,,,,,30181702,,,,,,,,,,,,,,,,,,,,,,,,,,,,,,,,,,,,,,,,,,,
,,,,,,,,,,,K-596-VS-664,Kohler K-596-VS Simplice Pull-Down Kitchen Faucet Vibrant Stainless 1.5 gpm Item #664,,,,Kohler Co. (KOHLER),Kohler Co.,KOHLER®,,K-596-VS-664,,Plumbing>Faucets>Utility Faucets,KOHLER® K-596-VS-664 Utility Faucets,KOHLER K-596-VS-664 UTILITY FAUCETS,KOHLER® K-596-VS-664 Utility Faucets,KOHLER® K-596-VS-664 Utility Faucets,,,,,,,,,,,,,,,,,,,,,,,,,,,,,,,,,,,,,,,,,,,,,,,,,,,,,,,,,,,,,,,,,,,,,,,,,,,,,,,,,,,,,,,,,,,,,,,,,,,,,,,,,,,,,,,,,,,,,,,,,,,,,,,,,,,,,,,,,,,,,,,,,,,,,,,,,,,,,,,,,,,,,,,,,,,,,,,,,,,,,,30181706,,,,,,,,,,,,,,,,,,,,,,,,,,,,,,,,,,,,,,,,,,,
,,,,,,,,,,,607-1/2-665,Nibco 607 1/2 1/2 in Copper Wrot Pressure 90 Deg Elbow Item #665,,,,Nibco Inc (NIBCO),Nibco Inc,NIBCO®,,607-1/2-665,,"Plumbing>Pipe, Tube & Hose Fittings>Pipe Fittings","NIBCO® 607-1/2-665 Pipe Fittings, Elbow, 1/2 in, Press, Copper",NIBCO 607-1/2-665 PIPE FITTINGS,"NIBCO® 607-1/2-665 Pipe Fittings, Elbow, 1/2 in, Press, Copper","NIBCO® 607-1/2-665 Pipe Fittings, Elbow, 1/2 in, Press, Copper",,,,,,,,,,,,,,,,,,,,,,,,,,,,,Fitting Fitting/Connector Type,Elbow,,Pipe Size,1/2,in,Connection Type,Press,,Fitting Material,Copper,,,,,,,,,,,,,,,,,,,,,,,,,,,,,,,,,,,,,,,,,,,,,,,,,,,,,,,,,,,,,,,,,,,,,,,,,,,,,,,,,,,,,,,,,,,,,,,,,,,,,,,,,,,,,,,,,,,,,,,,,,,,,,,,,,,,,,,,,,,,,,,40172600,,,,,,,,,,,,,,,,,,,,,,,,,,,,,,,,,,,,,,,,,,,
,,,,,,,,,,,U008LF-666,SharkBite U008LF 1/2 in Push-to-Connect Brass Coupling Item #666,,,,SharkBite Plumbing Solutions (SHARK),SharkBite Plumbing Solutions,SHARKBITE®,,U008LF-666,,"Plumbing>Pipe, Tube & Hose Fittings>Pipe Fittings","SHARKBITE® U008LF-666 Pipe Fittings, Coupling, 1/2 in, Push-to-Connect, Brass",SHARKBITE U008LF-666 PIPE FITTINGS,"SHARKBITE® U008LF-666 Pipe Fittings, Coupling, 1/2 in, Push-to-Connect, Brass","SHARKBITE® U008LF-666 Pipe Fittings, Coupling, 1/2 in, Push-to-Connect, Brass",,,,,,,,,,,,,,,,,,,,,,,,,,,,,Fitting Fitting/Connector Type,Coupling,,Pipe Size,1/2,in,Connection Type,Push-to-Connect,,Fitting Material,Brass,,,,,,,,,,,,,,,,,,,,,,,,,,,,,,,,,,,,,,,,,,,,,,,,,,,,,,,,,,,,,,,,,,,,,,,,,,,,,,,,,,,,,,,,,,,,,,,,,,,,,,,,,,,,,,,,,,,,,,,,,,,,,,,,,,,,,,,,,,,,,,,40172600,,,,,,,,,,,,,,,,,,,,,,,,,,,,,,,,,,,,,,,,,,,
,,,,,,,,,,,NIP-050-CLOSE-667,Charlotte Pipe 1/2 in x Close Black Steel Nipple MNPT Item #667,,,,Charlotte Pipe and Foundry (CHARL),Charlotte Pipe and Foundry,CHARLOTTE PIPE®,,NIP-050-CLOSE-667,,"Plumbing>Pipe, Tube & Hose Fittings>Pipe Fittings","CHARLOTTE PIPE® NIP-050-CLOSE-667 Pipe Fittings, Tee, 1/2 in, MNPT",CHARLOTTE PIPE NIP-050-CLOSE-667 PIPE FI,"CHARLOTTE PIPE® NIP-050-CLOSE-667 Pipe Fittings, Tee, 1/2 in, MNPT","CHARLOTTE PIPE® NIP-050-CLOSE-667 Pipe Fittings, Tee, 1/2 in, MNPT",,,,,,,,,,,,,,,,,,,,,,,,,,,,,Fitting Fitting/Connector Type,Tee,,Pipe Size,1/2,in,Connection Type,MNPT,,,,,,,,,,,,,,,,,,,,,,,,,,,,,,,,,,,,,,,,,,,,,,,,,,,,,,,,,,,,,,,,,,,,,,,,,,,,,,,,,,,,,,,,,,,,,,,,,,,,,,,,,,,,,,,,,,,,,,,,,,,,,,,,,,,,,,,,,,,,,,,,,,40172600,,,,,,,,,,,,,,,,,,,,,,,,,,,,,,,,,,,,,,,,,,,
,,,,,,,,,,,PDSH4816AF-668,PDSH4816AF Dishwasher SS - Display Only Item #668,,,,Appliance Dealers Cooperative (APPDE),Appliance Dealers Cooperative,FRIGIDAIRE®,,PDSH4816AF-668,,unclassified / needs manual mapping,FRIGIDAIRE® PDSH4816AF-668 Product,FRIGIDAIRE PDSH4816AF-668 PRODUCT,FRIGIDAIRE® PDSH4816AF-668 Product,FRIGIDAIRE® PDSH4816AF-668 Product,,,,,,,,,,,,,,,,,,,,,,,,,,,,,,,,,,,,,,,,,,,,,,,,,,,,,,,,,,,,,,,,,,,,,,,,,,,,,,,,,,,,,,,,,,,,,,,,,,,,,,,,,,,,,,,,,,,,,,,,,,,,,,,,,,,,,,,,,,,,,,,,,,,,,,,,,,,,,,,,,,,,,,,,,,,,,,,,,,,,,,,,,,,,,,,,,,,,,,,,,,,,,,,,,,,,,,,,,,,,,,,,,
,,,,,,,,,,,WDTS7024RZ-669,WDTS7024RZ Dishwasher SS - Display Only Item #669,,,,Appliance Dealers Cooperative (APPDE),Appliance Dealers Cooperative,FRIGIDAIRE®,,WDTS7024RZ-669,,unclassified / needs manual mapping,FRIGIDAIRE® WDTS7024RZ-669 Product,FRIGIDAIRE WDTS7024RZ-669 PRODUCT,FRIGIDAIRE® WDTS7024RZ-669 Product,FRIGIDAIRE® WDTS7024RZ-669 Product,,,,,,,,,,,,,,,,,,,,,,,,,,,,,,,,,,,,,,,,,,,,,,,,,,,,,,,,,,,,,,,,,,,,,,,,,,,,,,,,,,,,,,,,,,,,,,,,,,,,,,,,,,,,,,,,,,,,,,,,,,,,,,,,,,,,,,,,,,,,,,,,,,,,,,,,,,,,,,,,,,,,,,,,,,,,,,,,,,,,,,,,,,,,,,,,,,,,,,,,,,,,,,,,,,,,,,,,,,,,,,,,,
,,,,,,,,,,,DCB205C-670,Dewalt 20V Max 5.0Ah Starter Kit Item #670,,,,Black & Decker (2585),Black & Decker,DEWALT®,,DCB205C-670,,unclassified / needs manual mapping,DEWALT® DCB205C-670 Product,DEWALT DCB205C-670 PRODUCT,DEWALT® DCB205C-670 Product,DEWALT® DCB205C-670 Product,,,,,,,,,,,,,,,,,,,,,,,,,,,,,,,,,,,,,,,,,,,,,,,,,,,,,,,,,,,,,,,,,,,,,,,,,,,,,,,,,,,,,,,,,,,,,,,,,,,,,,,,,,,,,,,,,,,,,,,,,,,,,,,,,,,,,,,,,,,,,,,,,,,,,,,,,,,,,,,,,,,,,,,,,,,,,,,,,,,,,,,,,,,,,,,,,,,,,,,,,,,,,,,,,,,,,,,,,,,,,,,,,
,,,,,,,,,,,DCB518ASTS06G-671,"DCB518ASTS06G Diablo 1/2""x18"" - Sanding Belt 6pc Item #671",,,,Freud Inc (2435),Freud Inc,DIABLO®,,DCB518ASTS06G-671,,unclassified / needs manual mapping,DIABLO® DCB518ASTS06G-671 Product,DIABLO DCB518ASTS06G-671 PRODUCT,DIABLO® DCB518ASTS06G-671 Product,DIABLO® DCB518ASTS06G-671 Product,,,,,,,,,,,,,,,,,,,,,,,,,,,,,,,,,,,,,,,,,,,,,,,,,,,,,,,,,,,,,,,,,,,,,,,,,,,,,,,,,,,,,,,,,,,,,,,,,,,,,,,,,,,,,,,,,,,,,,,,,,,,,,,,,,,,,,,,,,,,,,,,,,,,,,,,,,,,,,,,,,,,,,,,,,,,,,,,,,,,,,,,,,,,,,,,,,,,,,,,,,,,,,,,,,,,,,,,,,,,,,,,,
,,,,,,,,,,,6702-000-672,Moen 6702-000 Genta Single Handle Bathroom Sink Faucet Chrome 1.2 gpm 4in Item #672,,,,Moen Incorporated (MOEN),Moen Incorporated,MOEN®,,6702-000-672,,Plumbing>Faucets>Bathroom Sink Faucets,"MOEN® 6702-000-672 Bathroom Sink Faucets, 2, 1.2 gpm, Chrome",MOEN 6702-000-672 BATHROOM SINK FAUCETS,"MOEN® 6702-000-672 Bathroom Sink Faucets, 2, 1.2 gpm, Chrome","MOEN® 6702-000-672 Bathroom Sink Faucets, 2, 1.2 gpm, Chrome",,,,,,,,,,,,,,,,,,,,,,,,,,,,,Number of Faucet Handles,2,,Flow Rate,1.2,gpm,Finish/Color,Chrome,,,,,,,,,,,,,,,,,,,,,,,,,,,,,,,,,,,,,,,,,,,,,,,,,,,,,,,,,,,,,,,,,,,,,,,,,,,,,,,,,,,,,,,,,,,,,,,,,,,,,,,,,,,,,,,,,,,,,,,,,,,,,,,,,,,,,,,,,,,,,,,,,,30181702,,,,,,,,,,,,,,,,,,,,,,,,,,,,,,,,,,,,,,,,,,,
,,,,,,,,,,,559HA-DST-673,Delta 559HA-DST Trinsic Single Handle Bathroom Sink Faucet Matte Black 1.2 gpm Item #673,,,,Delta Faucet Company (DELTA),Delta Faucet Company,DELTA®,,559HA-DST-673,,Plumbing>Faucets>Bathroom Sink Faucets,"DELTA® 559HA-DST-673 Bathroom Sink Faucets, 2, 1.2 gpm, Matte Black",DELTA 559HA-DST-673 BATHROOM SINK FAUCET,"DELTA® 559HA-DST-673 Bathroom Sink Faucets, 2, 1.2 gpm, Matte Black","DELTA® 559HA-DST-673 Bathroom Sink Faucets, 2, 1.2 gpm, Matte Black",,,,,,,,,,,,,,,,,,,,,,,,,,,,,Number of Faucet Handles,2,,Flow Rate,1.2,gpm,Finish/Color,Matte Black,,,,,,,,,,,,,,,,,,,,,,,,,,,,,,,,,,,,,,,,,,,,,,,,,,,,,,,,,,,,,,,,,,,,,,,,,,,,,,,,,,,,,,,,,,,,,,,,,,,,,,,,,,,,,,,,,,,,,,,,,,,,,,,,,,,,,,,,,,,,,,,,,,30181702,,,,,,,,,,,,,,,,,,,,,,,,,,,,,,,,,,,,,,,,,,,
,,,,,,,,,,,K-596-VS-674,Kohler K-596-VS Simplice Pull-Down Kitchen Faucet Vibrant Stainless 1.5 gpm Item #674,,,,Kohler Co. (KOHLER),Kohler Co.,KOHLER®,,K-596-VS-674,,Plumbing>Faucets>Utility Faucets,KOHLER® K-596-VS-674 Utility Faucets,KOHLER K-596-VS-674 UTILITY FAUCETS,KOHLER® K-596-VS-674 Utility Faucets,KOHLER® K-596-VS-674 Utility Faucets,,,,,,,,,,,,,,,,,,,,,,,,,,,,,,,,,,,,,,,,,,,,,,,,,,,,,,,,,,,,,,,,,,,,,,,,,,,,,,,,,,,,,,,,,,,,,,,,,,,,,,,,,,,,,,,,,,,,,,,,,,,,,,,,,,,,,,,,,,,,,,,,,,,,,,,,,,,,,,,,,,,,,,,,,,,,,,,,,,,,,,30181706,,,,,,,,,,,,,,,,,,,,,,,,,,,,,,,,,,,,,,,,,,,
,,,,,,,,,,,607-1/2-675,Nibco 607 1/2 1/2 in Copper Wrot Pressure 90 Deg Elbow Item #675,,,,Nibco Inc (NIBCO),Nibco Inc,NIBCO®,,607-1/2-675,,"Plumbing>Pipe, Tube & Hose Fittings>Pipe Fittings","NIBCO® 607-1/2-675 Pipe Fittings, Elbow, 1/2 in, Press, Copper",NIBCO 607-1/2-675 PIPE FITTINGS,"NIBCO® 607-1/2-675 Pipe Fittings, Elbow, 1/2 in, Press, Copper","NIBCO® 607-1/2-675 Pipe Fittings, Elbow, 1/2 in, Press, Copper",,,,,,,,,,,,,,,,,,,,,,,,,,,,,Fitting Fitting/Connector Type,Elbow,,Pipe Size,1/2,in,Connection Type,Press,,Fitting Material,Copper,,,,,,,,,,,,,,,,,,,,,,,,,,,,,,,,,,,,,,,,,,,,,,,,,,,,,,,,,,,,,,,,,,,,,,,,,,,,,,,,,,,,,,,,,,,,,,,,,,,,,,,,,,,,,,,,,,,,,,,,,,,,,,,,,,,,,,,,,,,,,,,40172600,,,,,,,,,,,,,,,,,,,,,,,,,,,,,,,,,,,,,,,,,,,
,,,,,,,,,,,U008LF-676,SharkBite U008LF 1/2 in Push-to-Connect Brass Coupling Item #676,,,,SharkBite Plumbing Solutions (SHARK),SharkBite Plumbing Solutions,SHARKBITE®,,U008LF-676,,"Plumbing>Pipe, Tube & Hose Fittings>Pipe Fittings","SHARKBITE® U008LF-676 Pipe Fittings, Coupling, 1/2 in, Push-to-Connect, Brass",SHARKBITE U008LF-676 PIPE FITTINGS,"SHARKBITE® U008LF-676 Pipe Fittings, Coupling, 1/2 in, Push-to-Connect, Brass","SHARKBITE® U008LF-676 Pipe Fittings, Coupling, 1/2 in, Push-to-Connect, Brass",,,,,,,,,,,,,,,,,,,,,,,,,,,,,Fitting Fitting/Connector Type,Coupling,,Pipe Size,1/2,in,Connection Type,Push-to-Connect,,Fitting Material,Brass,,,,,,,,,,,,,,,,,,,,,,,,,,,,,,,,,,,,,,,,,,,,,,,,,,,,,,,,,,,,,,,,,,,,,,,,,,,,,,,,,,,,,,,,,,,,,,,,,,,,,,,,,,,,,,,,,,,,,,,,,,,,,,,,,,,,,,,,,,,,,,,40172600,,,,,,,,,,,,,,,,,,,,,,,,,,,,,,,,,,,,,,,,,,,
,,,,,,,,,,,NIP-050-CLOSE-677,Charlotte Pipe 1/2 in x Close Black Steel Nipple MNPT Item #677,,,,Charlotte Pipe and Foundry (CHARL),Charlotte Pipe and Foundry,CHARLOTTE PIPE®,,NIP-050-CLOSE-677,,"Plumbing>Pipe, Tube & Hose Fittings>Pipe Fittings","CHARLOTTE PIPE® NIP-050-CLOSE-677 Pipe Fittings, Tee, 1/2 in, MNPT",CHARLOTTE PIPE NIP-050-CLOSE-677 PIPE FI,"CHARLOTTE PIPE® NIP-050-CLOSE-677 Pipe Fittings, Tee, 1/2 in, MNPT","CHARLOTTE PIPE® NIP-050-CLOSE-677 Pipe Fittings, Tee, 1/2 in, MNPT",,,,,,,,,,,,,,,,,,,,,,,,,,,,,Fitting Fitting/Connector Type,Tee,,Pipe Size,1/2,in,Connection Type,MNPT,,,,,,,,,,,,,,,,,,,,,,,,,,,,,,,,,,,,,,,,,,,,,,,,,,,,,,,,,,,,,,,,,,,,,,,,,,,,,,,,,,,,,,,,,,,,,,,,,,,,,,,,,,,,,,,,,,,,,,,,,,,,,,,,,,,,,,,,,,,,,,,,,,40172600,,,,,,,,,,,,,,,,,,,,,,,,,,,,,,,,,,,,,,,,,,,
,,,,,,,,,,,PDSH4816AF-678,PDSH4816AF Dishwasher SS - Display Only Item #678,,,,Appliance Dealers Cooperative (APPDE),Appliance Dealers Cooperative,FRIGIDAIRE®,,PDSH4816AF-678,,unclassified / needs manual mapping,FRIGIDAIRE® PDSH4816AF-678 Product,FRIGIDAIRE PDSH4816AF-678 PRODUCT,FRIGIDAIRE® PDSH4816AF-678 Product,FRIGIDAIRE® PDSH4816AF-678 Product,,,,,,,,,,,,,,,,,,,,,,,,,,,,,,,,,,,,,,,,,,,,,,,,,,,,,,,,,,,,,,,,,,,,,,,,,,,,,,,,,,,,,,,,,,,,,,,,,,,,,,,,,,,,,,,,,,,,,,,,,,,,,,,,,,,,,,,,,,,,,,,,,,,,,,,,,,,,,,,,,,,,,,,,,,,,,,,,,,,,,,,,,,,,,,,,,,,,,,,,,,,,,,,,,,,,,,,,,,,,,,,,,
,,,,,,,,,,,WDTS7024RZ-679,WDTS7024RZ Dishwasher SS - Display Only Item #679,,,,Appliance Dealers Cooperative (APPDE),Appliance Dealers Cooperative,FRIGIDAIRE®,,WDTS7024RZ-679,,unclassified / needs manual mapping,FRIGIDAIRE® WDTS7024RZ-679 Product,FRIGIDAIRE WDTS7024RZ-679 PRODUCT,FRIGIDAIRE® WDTS7024RZ-679 Product,FRIGIDAIRE® WDTS7024RZ-679 Product,,,,,,,,,,,,,,,,,,,,,,,,,,,,,,,,,,,,,,,,,,,,,,,,,,,,,,,,,,,,,,,,,,,,,,,,,,,,,,,,,,,,,,,,,,,,,,,,,,,,,,,,,,,,,,,,,,,,,,,,,,,,,,,,,,,,,,,,,,,,,,,,,,,,,,,,,,,,,,,,,,,,,,,,,,,,,,,,,,,,,,,,,,,,,,,,,,,,,,,,,,,,,,,,,,,,,,,,,,,,,,,,,
,,,,,,,,,,,DCB205C-680,Dewalt 20V Max 5.0Ah Starter Kit Item #680,,,,Black & Decker (2585),Black & Decker,DEWALT®,,DCB205C-680,,unclassified / needs manual mapping,DEWALT® DCB205C-680 Product,DEWALT DCB205C-680 PRODUCT,DEWALT® DCB205C-680 Product,DEWALT® DCB205C-680 Product,,,,,,,,,,,,,,,,,,,,,,,,,,,,,,,,,,,,,,,,,,,,,,,,,,,,,,,,,,,,,,,,,,,,,,,,,,,,,,,,,,,,,,,,,,,,,,,,,,,,,,,,,,,,,,,,,,,,,,,,,,,,,,,,,,,,,,,,,,,,,,,,,,,,,,,,,,,,,,,,,,,,,,,,,,,,,,,,,,,,,,,,,,,,,,,,,,,,,,,,,,,,,,,,,,,,,,,,,,,,,,,,,
,,,,,,,,,,,DCB518ASTS06G-681,"DCB518ASTS06G Diablo 1/2""x18"" - Sanding Belt 6pc Item #681",,,,Freud Inc (2435),Freud Inc,DIABLO®,,DCB518ASTS06G-681,,unclassified / needs manual mapping,DIABLO® DCB518ASTS06G-681 Product,DIABLO DCB518ASTS06G-681 PRODUCT,DIABLO® DCB518ASTS06G-681 Product,DIABLO® DCB518ASTS06G-681 Product,,,,,,,,,,,,,,,,,,,,,,,,,,,,,,,,,,,,,,,,,,,,,,,,,,,,,,,,,,,,,,,,,,,,,,,,,,,,,,,,,,,,,,,,,,,,,,,,,,,,,,,,,,,,,,,,,,,,,,,,,,,,,,,,,,,,,,,,,,,,,,,,,,,,,,,,,,,,,,,,,,,,,,,,,,,,,,,,,,,,,,,,,,,,,,,,,,,,,,,,,,,,,,,,,,,,,,,,,,,,,,,,,
,,,,,,,,,,,6702-000-682,Moen 6702-000 Genta Single Handle Bathroom Sink Faucet Chrome 1.2 gpm 4in Item #682,,,,Moen Incorporated (MOEN),Moen Incorporated,MOEN®,,6702-000-682,,Plumbing>Faucets>Bathroom Sink Faucets,"MOEN® 6702-000-682 Bathroom Sink Faucets, 2, 1.2 gpm, Chrome",MOEN 6702-000-682 BATHROOM SINK FAUCETS,"MOEN® 6702-000-682 Bathroom Sink Faucets, 2, 1.2 gpm, Chrome","MOEN® 6702-000-682 Bathroom Sink Faucets, 2, 1.2 gpm, Chrome",,,,,,,,,,,,,,,,,,,,,,,,,,,,,Number of Faucet Handles,2,,Flow Rate,1.2,gpm,Finish/Color,Chrome,,,,,,,,,,,,,,,,,,,,,,,,,,,,,,,,,,,,,,,,,,,,,,,,,,,,,,,,,,,,,,,,,,,,,,,,,,,,,,,,,,,,,,,,,,,,,,,,,,,,,,,,,,,,,,,,,,,,,,,,,,,,,,,,,,,,,,,,,,,,,,,,,,30181702,,,,,,,,,,,,,,,,,,,,,,,,,,,,,,,,,,,,,,,,,,,
,,,,,,,,,,,559HA-DST-683,Delta 559HA-DST Trinsic Single Handle Bathroom Sink Faucet Matte Black 1.2 gpm Item #683,,,,Delta Faucet Company (DELTA),Delta Faucet Company,DELTA®,,559HA-DST-683,,Plumbing>Faucets>Bathroom Sink Faucets,"DELTA® 559HA-DST-683 Bathroom Sink Faucets, 2, 1.2 gpm, Matte Black",DELTA 559HA-DST-683 BATHROOM SINK FAUCET,"DELTA® 559HA-DST-683 Bathroom Sink Faucets, 2, 1.2 gpm, Matte Black","DELTA® 559HA-DST-683 Bathroom Sink Faucets, 2, 1.2 gpm, Matte Black",,,,,,,,,,,,,,,,,,,,,,,,,,,,,Number of Faucet Handles,2,,Flow Rate,1.2,gpm,Finish/Color,Matte Black,,,,,,,,,,,,,,,,,,,,,,,,,,,,,,,,,,,,,,,,,,,,,,,,,,,,,,,,,,,,,,,,,,,,,,,,,,,,,,,,,,,,,,,,,,,,,,,,,,,,,,,,,,,,,,,,,,,,,,,,,,,,,,,,,,,,,,,,,,,,,,,,,,30181702,,,,,,,,,,,,,,,,,,,,,,,,,,,,,,,,,,,,,,,,,,,
,,,,,,,,,,,K-596-VS-684,Kohler K-596-VS Simplice Pull-Down Kitchen Faucet Vibrant Stainless 1.5 gpm Item #684,,,,Kohler Co. (KOHLER),Kohler Co.,KOHLER®,,K-596-VS-684,,Plumbing>Faucets>Utility Faucets,KOHLER® K-596-VS-684 Utility Faucets,KOHLER K-596-VS-684 UTILITY FAUCETS,KOHLER® K-596-VS-684 Utility Faucets,KOHLER® K-596-VS-684 Utility Faucets,,,,,,,,,,,,,,,,,,,,,,,,,,,,,,,,,,,,,,,,,,,,,,,,,,,,,,,,,,,,,,,,,,,,,,,,,,,,,,,,,,,,,,,,,,,,,,,,,,,,,,,,,,,,,,,,,,,,,,,,,,,,,,,,,,,,,,,,,,,,,,,,,,,,,,,,,,,,,,,,,,,,,,,,,,,,,,,,,,,,,,30181706,,,,,,,,,,,,,,,,,,,,,,,,,,,,,,,,,,,,,,,,,,,
,,,,,,,,,,,607-1/2-685,Nibco 607 1/2 1/2 in Copper Wrot Pressure 90 Deg Elbow Item #685,,,,Nibco Inc (NIBCO),Nibco Inc,NIBCO®,,607-1/2-685,,"Plumbing>Pipe, Tube & Hose Fittings>Pipe Fittings","NIBCO® 607-1/2-685 Pipe Fittings, Elbow, 1/2 in, Press, Copper",NIBCO 607-1/2-685 PIPE FITTINGS,"NIBCO® 607-1/2-685 Pipe Fittings, Elbow, 1/2 in, Press, Copper","NIBCO® 607-1/2-685 Pipe Fittings, Elbow, 1/2 in, Press, Copper",,,,,,,,,,,,,,,,,,,,,,,,,,,,,Fitting Fitting/Connector Type,Elbow,,Pipe Size,1/2,in,Connection Type,Press,,Fitting Material,Copper,,,,,,,,,,,,,,,,,,,,,,,,,,,,,,,,,,,,,,,,,,,,,,,,,,,,,,,,,,,,,,,,,,,,,,,,,,,,,,,,,,,,,,,,,,,,,,,,,,,,,,,,,,,,,,,,,,,,,,,,,,,,,,,,,,,,,,,,,,,,,,,40172600,,,,,,,,,,,,,,,,,,,,,,,,,,,,,,,,,,,,,,,,,,,
,,,,,,,,,,,U008LF-686,SharkBite U008LF 1/2 in Push-to-Connect Brass Coupling Item #686,,,,SharkBite Plumbing Solutions (SHARK),SharkBite Plumbing Solutions,SHARKBITE®,,U008LF-686,,"Plumbing>Pipe, Tube & Hose Fittings>Pipe Fittings","SHARKBITE® U008LF-686 Pipe Fittings, Coupling, 1/2 in, Push-to-Connect, Brass",SHARKBITE U008LF-686 PIPE FITTINGS,"SHARKBITE® U008LF-686 Pipe Fittings, Coupling, 1/2 in, Push-to-Connect, Brass","SHARKBITE® U008LF-686 Pipe Fittings, Coupling, 1/2 in, Push-to-Connect, Brass",,,,,,,,,,,,,,,,,,,,,,,,,,,,,Fitting Fitting/Connector Type,Coupling,,Pipe Size,1/2,in,Connection Type,Push-to-Connect,,Fitting Material,Brass,,,,,,,,,,,,,,,,,,,,,,,,,,,,,,,,,,,,,,,,,,,,,,,,,,,,,,,,,,,,,,,,,,,,,,,,,,,,,,,,,,,,,,,,,,,,,,,,,,,,,,,,,,,,,,,,,,,,,,,,,,,,,,,,,,,,,,,,,,,,,,,40172600,,,,,,,,,,,,,,,,,,,,,,,,,,,,,,,,,,,,,,,,,,,
,,,,,,,,,,,NIP-050-CLOSE-687,Charlotte Pipe 1/2 in x Close Black Steel Nipple MNPT Item #687,,,,Charlotte Pipe and Foundry (CHARL),Charlotte Pipe and Foundry,CHARLOTTE PIPE®,,NIP-050-CLOSE-687,,"Plumbing>Pipe, Tube & Hose Fittings>Pipe Fittings","CHARLOTTE PIPE® NIP-050-CLOSE-687 Pipe Fittings, Tee, 1/2 in, MNPT",CHARLOTTE PIPE NIP-050-CLOSE-687 PIPE FI,"CHARLOTTE PIPE® NIP-050-CLOSE-687 Pipe Fittings, Tee, 1/2 in, MNPT","CHARLOTTE PIPE® NIP-050-CLOSE-687 Pipe Fittings, Tee, 1/2 in, MNPT",,,,,,,,,,,,,,,,,,,,,,,,,,,,,Fitting Fitting/Connector Type,Tee,,Pipe Size,1/2,in,Connection Type,MNPT,,,,,,,,,,,,,,,,,,,,,,,,,,,,,,,,,,,,,,,,,,,,,,,,,,,,,,,,,,,,,,,,,,,,,,,,,,,,,,,,,,,,,,,,,,,,,,,,,,,,,,,,,,,,,,,,,,,,,,,,,,,,,,,,,,,,,,,,,,,,,,,,,,40172600,,,,,,,,,,,,,,,,,,,,,,,,,,,,,,,,,,,,,,,,,,,
,,,,,,,,,,,PDSH4816AF-688,PDSH4816AF Dishwasher SS - Display Only Item #688,,,,Appliance Dealers Cooperative (APPDE),Appliance Dealers Cooperative,FRIGIDAIRE®,,PDSH4816AF-688,,unclassified / needs manual mapping,FRIGIDAIRE® PDSH4816AF-688 Product,FRIGIDAIRE PDSH4816AF-688 PRODUCT,FRIGIDAIRE® PDSH4816AF-688 Product,FRIGIDAIRE® PDSH4816AF-688 Product,,,,,,,,,,,,,,,,,,,,,,,,,,,,,,,,,,,,,,,,,,,,,,,,,,,,,,,,,,,,,,,,,,,,,,,,,,,,,,,,,,,,,,,,,,,,,,,,,,,,,,,,,,,,,,,,,,,,,,,,,,,,,,,,,,,,,,,,,,,,,,,,,,,,,,,,,,,,,,,,,,,,,,,,,,,,,,,,,,,,,,,,,,,,,,,,,,,,,,,,,,,,,,,,,,,,,,,,,,,,,,,,,
,,,,,,,,,,,WDTS7024RZ-689,WDTS7024RZ Dishwasher SS - Display Only Item #689,,,,Appliance Dealers Cooperative (APPDE),Appliance Dealers Cooperative,FRIGIDAIRE®,,WDTS7024RZ-689,,unclassified / needs manual mapping,FRIGIDAIRE® WDTS7024RZ-689 Product,FRIGIDAIRE WDTS7024RZ-689 PRODUCT,FRIGIDAIRE® WDTS7024RZ-689 Product,FRIGIDAIRE® WDTS7024RZ-689 Product,,,,,,,,,,,,,,,,,,,,,,,,,,,,,,,,,,,,,,,,,,,,,,,,,,,,,,,,,,,,,,,,,,,,,,,,,,,,,,,,,,,,,,,,,,,,,,,,,,,,,,,,,,,,,,,,,,,,,,,,,,,,,,,,,,,,,,,,,,,,,,,,,,,,,,,,,,,,,,,,,,,,,,,,,,,,,,,,,,,,,,,,,,,,,,,,,,,,,,,,,,,,,,,,,,,,,,,,,,,,,,,,,
,,,,,,,,,,,DCB205C-690,Dewalt 20V Max 5.0Ah Starter Kit Item #690,,,,Black & Decker (2585),Black & Decker,DEWALT®,,DCB205C-690,,unclassified / needs manual mapping,DEWALT® DCB205C-690 Product,DEWALT DCB205C-690 PRODUCT,DEWALT® DCB205C-690 Product,DEWALT® DCB205C-690 Product,,,,,,,,,,,,,,,,,,,,,,,,,,,,,,,,,,,,,,,,,,,,,,,,,,,,,,,,,,,,,,,,,,,,,,,,,,,,,,,,,,,,,,,,,,,,,,,,,,,,,,,,,,,,,,,,,,,,,,,,,,,,,,,,,,,,,,,,,,,,,,,,,,,,,,,,,,,,,,,,,,,,,,,,,,,,,,,,,,,,,,,,,,,,,,,,,,,,,,,,,,,,,,,,,,,,,,,,,,,,,,,,,
,,,,,,,,,,,DCB518ASTS06G-691,"DCB518ASTS06G Diablo 1/2""x18"" - Sanding Belt 6pc Item #691",,,,Freud Inc (2435),Freud Inc,DIABLO®,,DCB518ASTS06G-691,,unclassified / needs manual mapping,DIABLO® DCB518ASTS06G-691 Product,DIABLO DCB518ASTS06G-691 PRODUCT,DIABLO® DCB518ASTS06G-691 Product,DIABLO® DCB518ASTS06G-691 Product,,,,,,,,,,,,,,,,,,,,,,,,,,,,,,,,,,,,,,,,,,,,,,,,,,,,,,,,,,,,,,,,,,,,,,,,,,,,,,,,,,,,,,,,,,,,,,,,,,,,,,,,,,,,,,,,,,,,,,,,,,,,,,,,,,,,,,,,,,,,,,,,,,,,,,,,,,,,,,,,,,,,,,,,,,,,,,,,,,,,,,,,,,,,,,,,,,,,,,,,,,,,,,,,,,,,,,,,,,,,,,,,,
,,,,,,,,,,,6702-000-692,Moen 6702-000 Genta Single Handle Bathroom Sink Faucet Chrome 1.2 gpm 4in Item #692,,,,Moen Incorporated (MOEN),Moen Incorporated,MOEN®,,6702-000-692,,Plumbing>Faucets>Bathroom Sink Faucets,"MOEN® 6702-000-692 Bathroom Sink Faucets, 2, 1.2 gpm, Chrome",MOEN 6702-000-692 BATHROOM SINK FAUCETS,"MOEN® 6702-000-692 Bathroom Sink Faucets, 2, 1.2 gpm, Chrome","MOEN® 6702-000-692 Bathroom Sink Faucets, 2, 1.2 gpm, Chrome",,,,,,,,,,,,,,,,,,,,,,,,,,,,,Number of Faucet Handles,2,,Flow Rate,1.2,gpm,Finish/Color,Chrome,,,,,,,,,,,,,,,,,,,,,,,,,,,,,,,,,,,,,,,,,,,,,,,,,,,,,,,,,,,,,,,,,,,,,,,,,,,,,,,,,,,,,,,,,,,,,,,,,,,,,,,,,,,,,,,,,,,,,,,,,,,,,,,,,,,,,,,,,,,,,,,,,,30181702,,,,,,,,,,,,,,,,,,,,,,,,,,,,,,,,,,,,,,,,,,,
,,,,,,,,,,,559HA-DST-693,Delta 559HA-DST Trinsic Single Handle Bathroom Sink Faucet Matte Black 1.2 gpm Item #693,,,,Delta Faucet Company (DELTA),Delta Faucet Company,DELTA®,,559HA-DST-693,,Plumbing>Faucets>Bathroom Sink Faucets,"DELTA® 559HA-DST-693 Bathroom Sink Faucets, 2, 1.2 gpm, Matte Black",DELTA 559HA-DST-693 BATHROOM SINK FAUCET,"DELTA® 559HA-DST-693 Bathroom Sink Faucets, 2, 1.2 gpm, Matte Black","DELTA® 559HA-DST-693 Bathroom Sink Faucets, 2, 1.2 gpm, Matte Black",,,,,,,,,,,,,,,,,,,,,,,,,,,,,Number of Faucet Handles,2,,Flow Rate,1.2,gpm,Finish/Color,Matte Black,,,,,,,,,,,,,,,,,,,,,,,,,,,,,,,,,,,,,,,,,,,,,,,,,,,,,,,,,,,,,,,,,,,,,,,,,,,,,,,,,,,,,,,,,,,,,,,,,,,,,,,,,,,,,,,,,,,,,,,,,,,,,,,,,,,,,,,,,,,,,,,,,,30181702,,,,,,,,,,,,,,,,,,,,,,,,,,,,,,,,,,,,,,,,,,,
,,,,,,,,,,,K-596-VS-694,Kohler K-596-VS Simplice Pull-Down Kitchen Faucet Vibrant Stainless 1.5 gpm Item #694,,,,Kohler Co. (KOHLER),Kohler Co.,KOHLER®,,K-596-VS-694,,Plumbing>Faucets>Utility Faucets,KOHLER® K-596-VS-694 Utility Faucets,KOHLER K-596-VS-694 UTILITY FAUCETS,KOHLER® K-596-VS-694 Utility Faucets,KOHLER® K-596-VS-694 Utility Faucets,,,,,,,,,,,,,,,,,,,,,,,,,,,,,,,,,,,,,,,,,,,,,,,,,,,,,,,,,,,,,,,,,,,,,,,,,,,,,,,,,,,,,,,,,,,,,,,,,,,,,,,,,,,,,,,,,,,,,,,,,,,,,,,,,,,,,,,,,,,,,,,,,,,,,,,,,,,,,,,,,,,,,,,,,,,,,,,,,,,,,,30181706,,,,,,,,,,,,,,,,,,,,,,,,,,,,,,,,,,,,,,,,,,,
,,,,,,,,,,,607-1/2-695,Nibco 607 1/2 1/2 in Copper Wrot Pressure 90 Deg Elbow Item #695,,,,Nibco Inc (NIBCO),Nibco Inc,NIBCO®,,607-1/2-695,,"Plumbing>Pipe, Tube & Hose Fittings>Pipe Fittings","NIBCO® 607-1/2-695 Pipe Fittings, Elbow, 1/2 in, Press, Copper",NIBCO 607-1/2-695 PIPE FITTINGS,"NIBCO® 607-1/2-695 Pipe Fittings, Elbow, 1/2 in, Press, Copper","NIBCO® 607-1/2-695 Pipe Fittings, Elbow, 1/2 in, Press, Copper",,,,,,,,,,,,,,,,,,,,,,,,,,,,,Fitting Fitting/Connector Type,Elbow,,Pipe Size,1/2,in,Connection Type,Press,,Fitting Material,Copper,,,,,,,,,,,,,,,,,,,,,,,,,,,,,,,,,,,,,,,,,,,,,,,,,,,,,,,,,,,,,,,,,,,,,,,,,,,,,,,,,,,,,,,,,,,,,,,,,,,,,,,,,,,,,,,,,,,,,,,,,,,,,,,,,,,,,,,,,,,,,,,40172600,,,,,,,,,,,,,,,,,,,,,,,,,,,,,,,,,,,,,,,,,,,
,,,,,,,,,,,U008LF-696,SharkBite U008LF 1/2 in Push-to-Connect Brass Coupling Item #696,,,,SharkBite Plumbing Solutions (SHARK),SharkBite Plumbing Solutions,SHARKBITE®,,U008LF-696,,"Plumbing>Pipe, Tube & Hose Fittings>Pipe Fittings","SHARKBITE® U008LF-696 Pipe Fittings, Coupling, 1/2 in, Push-to-Connect, Brass",SHARKBITE U008LF-696 PIPE FITTINGS,"SHARKBITE® U008LF-696 Pipe Fittings, Coupling, 1/2 in, Push-to-Connect, Brass","SHARKBITE® U008LF-696 Pipe Fittings, Coupling, 1/2 in, Push-to-Connect, Brass",,,,,,,,,,,,,,,,,,,,,,,,,,,,,Fitting Fitting/Connector Type,Coupling,,Pipe Size,1/2,in,Connection Type,Push-to-Connect,,Fitting Material,Brass,,,,,,,,,,,,,,,,,,,,,,,,,,,,,,,,,,,,,,,,,,,,,,,,,,,,,,,,,,,,,,,,,,,,,,,,,,,,,,,,,,,,,,,,,,,,,,,,,,,,,,,,,,,,,,,,,,,,,,,,,,,,,,,,,,,,,,,,,,,,,,,40172600,,,,,,,,,,,,,,,,,,,,,,,,,,,,,,,,,,,,,,,,,,,
,,,,,,,,,,,NIP-050-CLOSE-697,Charlotte Pipe 1/2 in x Close Black Steel Nipple MNPT Item #697,,,,Charlotte Pipe and Foundry (CHARL),Charlotte Pipe and Foundry,CHARLOTTE PIPE®,,NIP-050-CLOSE-697,,"Plumbing>Pipe, Tube & Hose Fittings>Pipe Fittings","CHARLOTTE PIPE® NIP-050-CLOSE-697 Pipe Fittings, Tee, 1/2 in, MNPT",CHARLOTTE PIPE NIP-050-CLOSE-697 PIPE FI,"CHARLOTTE PIPE® NIP-050-CLOSE-697 Pipe Fittings, Tee, 1/2 in, MNPT","CHARLOTTE PIPE® NIP-050-CLOSE-697 Pipe Fittings, Tee, 1/2 in, MNPT",,,,,,,,,,,,,,,,,,,,,,,,,,,,,Fitting Fitting/Connector Type,Tee,,Pipe Size,1/2,in,Connection Type,MNPT,,,,,,,,,,,,,,,,,,,,,,,,,,,,,,,,,,,,,,,,,,,,,,,,,,,,,,,,,,,,,,,,,,,,,,,,,,,,,,,,,,,,,,,,,,,,,,,,,,,,,,,,,,,,,,,,,,,,,,,,,,,,,,,,,,,,,,,,,,,,,,,,,,40172600,,,,,,,,,,,,,,,,,,,,,,,,,,,,,,,,,,,,,,,,,,,
,,,,,,,,,,,PDSH4816AF-698,PDSH4816AF Dishwasher SS - Display Only Item #698,,,,Appliance Dealers Cooperative (APPDE),Appliance Dealers Cooperative,FRIGIDAIRE®,,PDSH4816AF-698,,unclassified / needs manual mapping,FRIGIDAIRE® PDSH4816AF-698 Product,FRIGIDAIRE PDSH4816AF-698 PRODUCT,FRIGIDAIRE® PDSH4816AF-698 Product,FRIGIDAIRE® PDSH4816AF-698 Product,,,,,,,,,,,,,,,,,,,,,,,,,,,,,,,,,,,,,,,,,,,,,,,,,,,,,,,,,,,,,,,,,,,,,,,,,,,,,,,,,,,,,,,,,,,,,,,,,,,,,,,,,,,,,,,,,,,,,,,,,,,,,,,,,,,,,,,,,,,,,,,,,,,,,,,,,,,,,,,,,,,,,,,,,,,,,,,,,,,,,,,,,,,,,,,,,,,,,,,,,,,,,,,,,,,,,,,,,,,,,,,,,
,,,,,,,,,,,WDTS7024RZ-699,WDTS7024RZ Dishwasher SS - Display Only Item #699,,,,Appliance Dealers Cooperative (APPDE),Appliance Dealers Cooperative,FRIGIDAIRE®,,WDTS7024RZ-699,,unclassified / needs manual mapping,FRIGIDAIRE® WDTS7024RZ-699 Product,FRIGIDAIRE WDTS7024RZ-699 PRODUCT,FRIGIDAIRE® WDTS7024RZ-699 Product,FRIGIDAIRE® WDTS7024RZ-699 Product,,,,,,,,,,,,,,,,,,,,,,,,,,,,,,,,,,,,,,,,,,,,,,,,,,,,,,,,,,,,,,,,,,,,,,,,,,,,,,,,,,,,,,,,,,,,,,,,,,,,,,,,,,,,,,,,,,,,,,,,,,,,,,,,,,,,,,,,,,,,,,,,,,,,,,,,,,,,,,,,,,,,,,,,,,,,,,,,,,,,,,,,,,,,,,,,,,,,,,,,,,,,,,,,,,,,,,,,,,,,,,,,,
,,,,,,,,,,,DCB205C-700,Dewalt 20V Max 5.0Ah Starter Kit Item #700,,,,Black & Decker (2585),Black & Decker,DEWALT®,,DCB205C-700,,unclassified / needs manual mapping,DEWALT® DCB205C-700 Product,DEWALT DCB205C-700 PRODUCT,DEWALT® DCB205C-700 Product,DEWALT® DCB205C-700 Product,,,,,,,,,,,,,,,,,,,,,,,,,,,,,,,,,,,,,,,,,,,,,,,,,,,,,,,,,,,,,,,,,,,,,,,,,,,,,,,,,,,,,,,,,,,,,,,,,,,,,,,,,,,,,,,,,,,,,,,,,,,,,,,,,,,,,,,,,,,,,,,,,,,,,,,,,,,,,,,,,,,,,,,,,,,,,,,,,,,,,,,,,,,,,,,,,,,,,,,,,,,,,,,,,,,,,,,,,,,,,,,,,
,,,,,,,,,,,DCB518ASTS06G-701,"DCB518ASTS06G Diablo 1/2""x18"" - Sanding Belt 6pc Item #701",,,,Freud Inc (2435),Freud Inc,DIABLO®,,DCB518ASTS06G-701,,unclassified / needs manual mapping,DIABLO® DCB518ASTS06G-701 Product,DIABLO DCB518ASTS06G-701 PRODUCT,DIABLO® DCB518ASTS06G-701 Product,DIABLO® DCB518ASTS06G-701 Product,,,,,,,,,,,,,,,,,,,,,,,,,,,,,,,,,,,,,,,,,,,,,,,,,,,,,,,,,,,,,,,,,,,,,,,,,,,,,,,,,,,,,,,,,,,,,,,,,,,,,,,,,,,,,,,,,,,,,,,,,,,,,,,,,,,,,,,,,,,,,,,,,,,,,,,,,,,,,,,,,,,,,,,,,,,,,,,,,,,,,,,,,,,,,,,,,,,,,,,,,,,,,,,,,,,,,,,,,,,,,,,,,
,,,,,,,,,,,6702-000-702,Moen 6702-000 Genta Single Handle Bathroom Sink Faucet Chrome 1.2 gpm 4in Item #702,,,,Moen Incorporated (MOEN),Moen Incorporated,MOEN®,,6702-000-702,,Plumbing>Faucets>Bathroom Sink Faucets,"MOEN® 6702-000-702 Bathroom Sink Faucets, 2, 1.2 gpm, Chrome",MOEN 6702-000-702 BATHROOM SINK FAUCETS,"MOEN® 6702-000-702 Bathroom Sink Faucets, 2, 1.2 gpm, Chrome","MOEN® 6702-000-702 Bathroom Sink Faucets, 2, 1.2 gpm, Chrome",,,,,,,,,,,,,,,,,,,,,,,,,,,,,Number of Faucet Handles,2,,Flow Rate,1.2,gpm,Finish/Color,Chrome,,,,,,,,,,,,,,,,,,,,,,,,,,,,,,,,,,,,,,,,,,,,,,,,,,,,,,,,,,,,,,,,,,,,,,,,,,,,,,,,,,,,,,,,,,,,,,,,,,,,,,,,,,,,,,,,,,,,,,,,,,,,,,,,,,,,,,,,,,,,,,,,,,30181702,,,,,,,,,,,,,,,,,,,,,,,,,,,,,,,,,,,,,,,,,,,
,,,,,,,,,,,559HA-DST-703,Delta 559HA-DST Trinsic Single Handle Bathroom Sink Faucet Matte Black 1.2 gpm Item #703,,,,Delta Faucet Company (DELTA),Delta Faucet Company,DELTA®,,559HA-DST-703,,Plumbing>Faucets>Bathroom Sink Faucets,"DELTA® 559HA-DST-703 Bathroom Sink Faucets, 2, 1.2 gpm, Matte Black",DELTA 559HA-DST-703 BATHROOM SINK FAUCET,"DELTA® 559HA-DST-703 Bathroom Sink Faucets, 2, 1.2 gpm, Matte Black","DELTA® 559HA-DST-703 Bathroom Sink Faucets, 2, 1.2 gpm, Matte Black",,,,,,,,,,,,,,,,,,,,,,,,,,,,,Number of Faucet Handles,2,,Flow Rate,1.2,gpm,Finish/Color,Matte Black,,,,,,,,,,,,,,,,,,,,,,,,,,,,,,,,,,,,,,,,,,,,,,,,,,,,,,,,,,,,,,,,,,,,,,,,,,,,,,,,,,,,,,,,,,,,,,,,,,,,,,,,,,,,,,,,,,,,,,,,,,,,,,,,,,,,,,,,,,,,,,,,,,30181702,,,,,,,,,,,,,,,,,,,,,,,,,,,,,,,,,,,,,,,,,,,
,,,,,,,,,,,K-596-VS-704,Kohler K-596-VS Simplice Pull-Down Kitchen Faucet Vibrant Stainless 1.5 gpm Item #704,,,,Kohler Co. (KOHLER),Kohler Co.,KOHLER®,,K-596-VS-704,,Plumbing>Faucets>Utility Faucets,KOHLER® K-596-VS-704 Utility Faucets,KOHLER K-596-VS-704 UTILITY FAUCETS,KOHLER® K-596-VS-704 Utility Faucets,KOHLER® K-596-VS-704 Utility Faucets,,,,,,,,,,,,,,,,,,,,,,,,,,,,,,,,,,,,,,,,,,,,,,,,,,,,,,,,,,,,,,,,,,,,,,,,,,,,,,,,,,,,,,,,,,,,,,,,,,,,,,,,,,,,,,,,,,,,,,,,,,,,,,,,,,,,,,,,,,,,,,,,,,,,,,,,,,,,,,,,,,,,,,,,,,,,,,,,,,,,,,30181706,,,,,,,,,,,,,,,,,,,,,,,,,,,,,,,,,,,,,,,,,,,
,,,,,,,,,,,607-1/2-705,Nibco 607 1/2 1/2 in Copper Wrot Pressure 90 Deg Elbow Item #705,,,,Nibco Inc (NIBCO),Nibco Inc,NIBCO®,,607-1/2-705,,"Plumbing>Pipe, Tube & Hose Fittings>Pipe Fittings","NIBCO® 607-1/2-705 Pipe Fittings, Elbow, 1/2 in, Press, Copper",NIBCO 607-1/2-705 PIPE FITTINGS,"NIBCO® 607-1/2-705 Pipe Fittings, Elbow, 1/2 in, Press, Copper","NIBCO® 607-1/2-705 Pipe Fittings, Elbow, 1/2 in, Press, Copper",,,,,,,,,,,,,,,,,,,,,,,,,,,,,Fitting Fitting/Connector Type,Elbow,,Pipe Size,1/2,in,Connection Type,Press,,Fitting Material,Copper,,,,,,,,,,,,,,,,,,,,,,,,,,,,,,,,,,,,,,,,,,,,,,,,,,,,,,,,,,,,,,,,,,,,,,,,,,,,,,,,,,,,,,,,,,,,,,,,,,,,,,,,,,,,,,,,,,,,,,,,,,,,,,,,,,,,,,,,,,,,,,,40172600,,,,,,,,,,,,,,,,,,,,,,,,,,,,,,,,,,,,,,,,,,,
,,,,,,,,,,,U008LF-706,SharkBite U008LF 1/2 in Push-to-Connect Brass Coupling Item #706,,,,SharkBite Plumbing Solutions (SHARK),SharkBite Plumbing Solutions,SHARKBITE®,,U008LF-706,,"Plumbing>Pipe, Tube & Hose Fittings>Pipe Fittings","SHARKBITE® U008LF-706 Pipe Fittings, Coupling, 1/2 in, Push-to-Connect, Brass",SHARKBITE U008LF-706 PIPE FITTINGS,"SHARKBITE® U008LF-706 Pipe Fittings, Coupling, 1/2 in, Push-to-Connect, Brass","SHARKBITE® U008LF-706 Pipe Fittings, Coupling, 1/2 in, Push-to-Connect, Brass",,,,,,,,,,,,,,,,,,,,,,,,,,,,,Fitting Fitting/Connector Type,Coupling,,Pipe Size,1/2,in,Connection Type,Push-to-Connect,,Fitting Material,Brass,,,,,,,,,,,,,,,,,,,,,,,,,,,,,,,,,,,,,,,,,,,,,,,,,,,,,,,,,,,,,,,,,,,,,,,,,,,,,,,,,,,,,,,,,,,,,,,,,,,,,,,,,,,,,,,,,,,,,,,,,,,,,,,,,,,,,,,,,,,,,,,40172600,,,,,,,,,,,,,,,,,,,,,,,,,,,,,,,,,,,,,,,,,,,
,,,,,,,,,,,NIP-050-CLOSE-707,Charlotte Pipe 1/2 in x Close Black Steel Nipple MNPT Item #707,,,,Charlotte Pipe and Foundry (CHARL),Charlotte Pipe and Foundry,CHARLOTTE PIPE®,,NIP-050-CLOSE-707,,"Plumbing>Pipe, Tube & Hose Fittings>Pipe Fittings","CHARLOTTE PIPE® NIP-050-CLOSE-707 Pipe Fittings, Tee, 1/2 in, MNPT",CHARLOTTE PIPE NIP-050-CLOSE-707 PIPE FI,"CHARLOTTE PIPE® NIP-050-CLOSE-707 Pipe Fittings, Tee, 1/2 in, MNPT","CHARLOTTE PIPE® NIP-050-CLOSE-707 Pipe Fittings, Tee, 1/2 in, MNPT",,,,,,,,,,,,,,,,,,,,,,,,,,,,,Fitting Fitting/Connector Type,Tee,,Pipe Size,1/2,in,Connection Type,MNPT,,,,,,,,,,,,,,,,,,,,,,,,,,,,,,,,,,,,,,,,,,,,,,,,,,,,,,,,,,,,,,,,,,,,,,,,,,,,,,,,,,,,,,,,,,,,,,,,,,,,,,,,,,,,,,,,,,,,,,,,,,,,,,,,,,,,,,,,,,,,,,,,,,40172600,,,,,,,,,,,,,,,,,,,,,,,,,,,,,,,,,,,,,,,,,,,
,,,,,,,,,,,PDSH4816AF-708,PDSH4816AF Dishwasher SS - Display Only Item #708,,,,Appliance Dealers Cooperative (APPDE),Appliance Dealers Cooperative,FRIGIDAIRE®,,PDSH4816AF-708,,unclassified / needs manual mapping,FRIGIDAIRE® PDSH4816AF-708 Product,FRIGIDAIRE PDSH4816AF-708 PRODUCT,FRIGIDAIRE® PDSH4816AF-708 Product,FRIGIDAIRE® PDSH4816AF-708 Product,,,,,,,,,,,,,,,,,,,,,,,,,,,,,,,,,,,,,,,,,,,,,,,,,,,,,,,,,,,,,,,,,,,,,,,,,,,,,,,,,,,,,,,,,,,,,,,,,,,,,,,,,,,,,,,,,,,,,,,,,,,,,,,,,,,,,,,,,,,,,,,,,,,,,,,,,,,,,,,,,,,,,,,,,,,,,,,,,,,,,,,,,,,,,,,,,,,,,,,,,,,,,,,,,,,,,,,,,,,,,,,,,
,,,,,,,,,,,WDTS7024RZ-709,WDTS7024RZ Dishwasher SS - Display Only Item #709,,,,Appliance Dealers Cooperative (APPDE),Appliance Dealers Cooperative,FRIGIDAIRE®,,WDTS7024RZ-709,,unclassified / needs manual mapping,FRIGIDAIRE® WDTS7024RZ-709 Product,FRIGIDAIRE WDTS7024RZ-709 PRODUCT,FRIGIDAIRE® WDTS7024RZ-709 Product,FRIGIDAIRE® WDTS7024RZ-709 Product,,,,,,,,,,,,,,,,,,,,,,,,,,,,,,,,,,,,,,,,,,,,,,,,,,,,,,,,,,,,,,,,,,,,,,,,,,,,,,,,,,,,,,,,,,,,,,,,,,,,,,,,,,,,,,,,,,,,,,,,,,,,,,,,,,,,,,,,,,,,,,,,,,,,,,,,,,,,,,,,,,,,,,,,,,,,,,,,,,,,,,,,,,,,,,,,,,,,,,,,,,,,,,,,,,,,,,,,,,,,,,,,,
,,,,,,,,,,,DCB205C-710,Dewalt 20V Max 5.0Ah Starter Kit Item #710,,,,Black & Decker (2585),Black & Decker,DEWALT®,,DCB205C-710,,unclassified / needs manual mapping,DEWALT® DCB205C-710 Product,DEWALT DCB205C-710 PRODUCT,DEWALT® DCB205C-710 Product,DEWALT® DCB205C-710 Product,,,,,,,,,,,,,,,,,,,,,,,,,,,,,,,,,,,,,,,,,,,,,,,,,,,,,,,,,,,,,,,,,,,,,,,,,,,,,,,,,,,,,,,,,,,,,,,,,,,,,,,,,,,,,,,,,,,,,,,,,,,,,,,,,,,,,,,,,,,,,,,,,,,,,,,,,,,,,,,,,,,,,,,,,,,,,,,,,,,,,,,,,,,,,,,,,,,,,,,,,,,,,,,,,,,,,,,,,,,,,,,,,
,,,,,,,,,,,DCB518ASTS06G-711,"DCB518ASTS06G Diablo 1/2""x18"" - Sanding Belt 6pc Item #711",,,,Freud Inc (2435),Freud Inc,DIABLO®,,DCB518ASTS06G-711,,unclassified / needs manual mapping,DIABLO® DCB518ASTS06G-711 Product,DIABLO DCB518ASTS06G-711 PRODUCT,DIABLO® DCB518ASTS06G-711 Product,DIABLO® DCB518ASTS06G-711 Product,,,,,,,,,,,,,,,,,,,,,,,,,,,,,,,,,,,,,,,,,,,,,,,,,,,,,,,,,,,,,,,,,,,,,,,,,,,,,,,,,,,,,,,,,,,,,,,,,,,,,,,,,,,,,,,,,,,,,,,,,,,,,,,,,,,,,,,,,,,,,,,,,,,,,,,,,,,,,,,,,,,,,,,,,,,,,,,,,,,,,,,,,,,,,,,,,,,,,,,,,,,,,,,,,,,,,,,,,,,,,,,,,
,,,,,,,,,,,6702-000-712,Moen 6702-000 Genta Single Handle Bathroom Sink Faucet Chrome 1.2 gpm 4in Item #712,,,,Moen Incorporated (MOEN),Moen Incorporated,MOEN®,,6702-000-712,,Plumbing>Faucets>Bathroom Sink Faucets,"MOEN® 6702-000-712 Bathroom Sink Faucets, 2, 1.2 gpm, Chrome",MOEN 6702-000-712 BATHROOM SINK FAUCETS,"MOEN® 6702-000-712 Bathroom Sink Faucets, 2, 1.2 gpm, Chrome","MOEN® 6702-000-712 Bathroom Sink Faucets, 2, 1.2 gpm, Chrome",,,,,,,,,,,,,,,,,,,,,,,,,,,,,Number of Faucet Handles,2,,Flow Rate,1.2,gpm,Finish/Color,Chrome,,,,,,,,,,,,,,,,,,,,,,,,,,,,,,,,,,,,,,,,,,,,,,,,,,,,,,,,,,,,,,,,,,,,,,,,,,,,,,,,,,,,,,,,,,,,,,,,,,,,,,,,,,,,,,,,,,,,,,,,,,,,,,,,,,,,,,,,,,,,,,,,,,30181702,,,,,,,,,,,,,,,,,,,,,,,,,,,,,,,,,,,,,,,,,,,
,,,,,,,,,,,559HA-DST-713,Delta 559HA-DST Trinsic Single Handle Bathroom Sink Faucet Matte Black 1.2 gpm Item #713,,,,Delta Faucet Company (DELTA),Delta Faucet Company,DELTA®,,559HA-DST-713,,Plumbing>Faucets>Bathroom Sink Faucets,"DELTA® 559HA-DST-713 Bathroom Sink Faucets, 2, 1.2 gpm, Matte Black",DELTA 559HA-DST-713 BATHROOM SINK FAUCET,"DELTA® 559HA-DST-713 Bathroom Sink Faucets, 2, 1.2 gpm, Matte Black","DELTA® 559HA-DST-713 Bathroom Sink Faucets, 2, 1.2 gpm, Matte Black",,,,,,,,,,,,,,,,,,,,,,,,,,,,,Number of Faucet Handles,2,,Flow Rate,1.2,gpm,Finish/Color,Matte Black,,,,,,,,,,,,,,,,,,,,,,,,,,,,,,,,,,,,,,,,,,,,,,,,,,,,,,,,,,,,,,,,,,,,,,,,,,,,,,,,,,,,,,,,,,,,,,,,,,,,,,,,,,,,,,,,,,,,,,,,,,,,,,,,,,,,,,,,,,,,,,,,,,30181702,,,,,,,,,,,,,,,,,,,,,,,,,,,,,,,,,,,,,,,,,,,
,,,,,,,,,,,K-596-VS-714,Kohler K-596-VS Simplice Pull-Down Kitchen Faucet Vibrant Stainless 1.5 gpm Item #714,,,,Kohler Co. (KOHLER),Kohler Co.,KOHLER®,,K-596-VS-714,,Plumbing>Faucets>Utility Faucets,KOHLER® K-596-VS-714 Utility Faucets,KOHLER K-596-VS-714 UTILITY FAUCETS,KOHLER® K-596-VS-714 Utility Faucets,KOHLER® K-596-VS-714 Utility Faucets,,,,,,,,,,,,,,,,,,,,,,,,,,,,,,,,,,,,,,,,,,,,,,,,,,,,,,,,,,,,,,,,,,,,,,,,,,,,,,,,,,,,,,,,,,,,,,,,,,,,,,,,,,,,,,,,,,,,,,,,,,,,,,,,,,,,,,,,,,,,,,,,,,,,,,,,,,,,,,,,,,,,,,,,,,,,,,,,,,,,,,30181706,,,,,,,,,,,,,,,,,,,,,,,,,,,,,,,,,,,,,,,,,,,
,,,,,,,,,,,607-1/2-715,Nibco 607 1/2 1/2 in Copper Wrot Pressure 90 Deg Elbow Item #715,,,,Nibco Inc (NIBCO),Nibco Inc,NIBCO®,,607-1/2-715,,"Plumbing>Pipe, Tube & Hose Fittings>Pipe Fittings","NIBCO® 607-1/2-715 Pipe Fittings, Elbow, 1/2 in, Press, Copper",NIBCO 607-1/2-715 PIPE FITTINGS,"NIBCO® 607-1/2-715 Pipe Fittings, Elbow, 1/2 in, Press, Copper","NIBCO® 607-1/2-715 Pipe Fittings, Elbow, 1/2 in, Press, Copper",,,,,,,,,,,,,,,,,,,,,,,,,,,,,Fitting Fitting/Connector Type,Elbow,,Pipe Size,1/2,in,Connection Type,Press,,Fitting Material,Copper,,,,,,,,,,,,,,,,,,,,,,,,,,,,,,,,,,,,,,,,,,,,,,,,,,,,,,,,,,,,,,,,,,,,,,,,,,,,,,,,,,,,,,,,,,,,,,,,,,,,,,,,,,,,,,,,,,,,,,,,,,,,,,,,,,,,,,,,,,,,,,,40172600,,,,,,,,,,,,,,,,,,,,,,,,,,,,,,,,,,,,,,,,,,,
,,,,,,,,,,,U008LF-716,SharkBite U008LF 1/2 in Push-to-Connect Brass Coupling Item #716,,,,SharkBite Plumbing Solutions (SHARK),SharkBite Plumbing Solutions,SHARKBITE®,,U008LF-716,,"Plumbing>Pipe, Tube & Hose Fittings>Pipe Fittings","SHARKBITE® U008LF-716 Pipe Fittings, Coupling, 1/2 in, Push-to-Connect, Brass",SHARKBITE U008LF-716 PIPE FITTINGS,"SHARKBITE® U008LF-716 Pipe Fittings, Coupling, 1/2 in, Push-to-Connect, Brass","SHARKBITE® U008LF-716 Pipe Fittings, Coupling, 1/2 in, Push-to-Connect, Brass",,,,,,,,,,,,,,,,,,,,,,,,,,,,,Fitting Fitting/Connector Type,Coupling,,Pipe Size,1/2,in,Connection Type,Push-to-Connect,,Fitting Material,Brass,,,,,,,,,,,,,,,,,,,,,,,,,,,,,,,,,,,,,,,,,,,,,,,,,,,,,,,,,,,,,,,,,,,,,,,,,,,,,,,,,,,,,,,,,,,,,,,,,,,,,,,,,,,,,,,,,,,,,,,,,,,,,,,,,,,,,,,,,,,,,,,40172600,,,,,,,,,,,,,,,,,,,,,,,,,,,,,,,,,,,,,,,,,,,
,,,,,,,,,,,NIP-050-CLOSE-717,Charlotte Pipe 1/2 in x Close Black Steel Nipple MNPT Item #717,,,,Charlotte Pipe and Foundry (CHARL),Charlotte Pipe and Foundry,CHARLOTTE PIPE®,,NIP-050-CLOSE-717,,"Plumbing>Pipe, Tube & Hose Fittings>Pipe Fittings","CHARLOTTE PIPE® NIP-050-CLOSE-717 Pipe Fittings, Tee, 1/2 in, MNPT",CHARLOTTE PIPE NIP-050-CLOSE-717 PIPE FI,"CHARLOTTE PIPE® NIP-050-CLOSE-717 Pipe Fittings, Tee, 1/2 in, MNPT","CHARLOTTE PIPE® NIP-050-CLOSE-717 Pipe Fittings, Tee, 1/2 in, MNPT",,,,,,,,,,,,,,,,,,,,,,,,,,,,,Fitting Fitting/Connector Type,Tee,,Pipe Size,1/2,in,Connection Type,MNPT,,,,,,,,,,,,,,,,,,,,,,,,,,,,,,,,,,,,,,,,,,,,,,,,,,,,,,,,,,,,,,,,,,,,,,,,,,,,,,,,,,,,,,,,,,,,,,,,,,,,,,,,,,,,,,,,,,,,,,,,,,,,,,,,,,,,,,,,,,,,,,,,,,40172600,,,,,,,,,,,,,,,,,,,,,,,,,,,,,,,,,,,,,,,,,,,
,,,,,,,,,,,PDSH4816AF-718,PDSH4816AF Dishwasher SS - Display Only Item #718,,,,Appliance Dealers Cooperative (APPDE),Appliance Dealers Cooperative,FRIGIDAIRE®,,PDSH4816AF-718,,unclassified / needs manual mapping,FRIGIDAIRE® PDSH4816AF-718 Product,FRIGIDAIRE PDSH4816AF-718 PRODUCT,FRIGIDAIRE® PDSH4816AF-718 Product,FRIGIDAIRE® PDSH4816AF-718 Product,,,,,,,,,,,,,,,,,,,,,,,,,,,,,,,,,,,,,,,,,,,,,,,,,,,,,,,,,,,,,,,,,,,,,,,,,,,,,,,,,,,,,,,,,,,,,,,,,,,,,,,,,,,,,,,,,,,,,,,,,,,,,,,,,,,,,,,,,,,,,,,,,,,,,,,,,,,,,,,,,,,,,,,,,,,,,,,,,,,,,,,,,,,,,,,,,,,,,,,,,,,,,,,,,,,,,,,,,,,,,,,,,
,,,,,,,,,,,WDTS7024RZ-719,WDTS7024RZ Dishwasher SS - Display Only Item #719,,,,Appliance Dealers Cooperative (APPDE),Appliance Dealers Cooperative,FRIGIDAIRE®,,WDTS7024RZ-719,,unclassified / needs manual mapping,FRIGIDAIRE® WDTS7024RZ-719 Product,FRIGIDAIRE WDTS7024RZ-719 PRODUCT,FRIGIDAIRE® WDTS7024RZ-719 Product,FRIGIDAIRE® WDTS7024RZ-719 Product,,,,,,,,,,,,,,,,,,,,,,,,,,,,,,,,,,,,,,,,,,,,,,,,,,,,,,,,,,,,,,,,,,,,,,,,,,,,,,,,,,,,,,,,,,,,,,,,,,,,,,,,,,,,,,,,,,,,,,,,,,,,,,,,,,,,,,,,,,,,,,,,,,,,,,,,,,,,,,,,,,,,,,,,,,,,,,,,,,,,,,,,,,,,,,,,,,,,,,,,,,,,,,,,,,,,,,,,,,,,,,,,,
,,,,,,,,,,,DCB205C-720,Dewalt 20V Max 5.0Ah Starter Kit Item #720,,,,Black & Decker (2585),Black & Decker,DEWALT®,,DCB205C-720,,unclassified / needs manual mapping,DEWALT® DCB205C-720 Product,DEWALT DCB205C-720 PRODUCT,DEWALT® DCB205C-720 Product,DEWALT® DCB205C-720 Product,,,,,,,,,,,,,,,,,,,,,,,,,,,,,,,,,,,,,,,,,,,,,,,,,,,,,,,,,,,,,,,,,,,,,,,,,,,,,,,,,,,,,,,,,,,,,,,,,,,,,,,,,,,,,,,,,,,,,,,,,,,,,,,,,,,,,,,,,,,,,,,,,,,,,,,,,,,,,,,,,,,,,,,,,,,,,,,,,,,,,,,,,,,,,,,,,,,,,,,,,,,,,,,,,,,,,,,,,,,,,,,,,
,,,,,,,,,,,DCB518ASTS06G-721,"DCB518ASTS06G Diablo 1/2""x18"" - Sanding Belt 6pc Item #721",,,,Freud Inc (2435),Freud Inc,DIABLO®,,DCB518ASTS06G-721,,unclassified / needs manual mapping,DIABLO® DCB518ASTS06G-721 Product,DIABLO DCB518ASTS06G-721 PRODUCT,DIABLO® DCB518ASTS06G-721 Product,DIABLO® DCB518ASTS06G-721 Product,,,,,,,,,,,,,,,,,,,,,,,,,,,,,,,,,,,,,,,,,,,,,,,,,,,,,,,,,,,,,,,,,,,,,,,,,,,,,,,,,,,,,,,,,,,,,,,,,,,,,,,,,,,,,,,,,,,,,,,,,,,,,,,,,,,,,,,,,,,,,,,,,,,,,,,,,,,,,,,,,,,,,,,,,,,,,,,,,,,,,,,,,,,,,,,,,,,,,,,,,,,,,,,,,,,,,,,,,,,,,,,,,
,,,,,,,,,,,6702-000-722,Moen 6702-000 Genta Single Handle Bathroom Sink Faucet Chrome 1.2 gpm 4in Item #722,,,,Moen Incorporated (MOEN),Moen Incorporated,MOEN®,,6702-000-722,,Plumbing>Faucets>Bathroom Sink Faucets,"MOEN® 6702-000-722 Bathroom Sink Faucets, 2, 1.2 gpm, Chrome",MOEN 6702-000-722 BATHROOM SINK FAUCETS,"MOEN® 6702-000-722 Bathroom Sink Faucets, 2, 1.2 gpm, Chrome","MOEN® 6702-000-722 Bathroom Sink Faucets, 2, 1.2 gpm, Chrome",,,,,,,,,,,,,,,,,,,,,,,,,,,,,Number of Faucet Handles,2,,Flow Rate,1.2,gpm,Finish/Color,Chrome,,,,,,,,,,,,,,,,,,,,,,,,,,,,,,,,,,,,,,,,,,,,,,,,,,,,,,,,,,,,,,,,,,,,,,,,,,,,,,,,,,,,,,,,,,,,,,,,,,,,,,,,,,,,,,,,,,,,,,,,,,,,,,,,,,,,,,,,,,,,,,,,,,30181702,,,,,,,,,,,,,,,,,,,,,,,,,,,,,,,,,,,,,,,,,,,
,,,,,,,,,,,559HA-DST-723,Delta 559HA-DST Trinsic Single Handle Bathroom Sink Faucet Matte Black 1.2 gpm Item #723,,,,Delta Faucet Company (DELTA),Delta Faucet Company,DELTA®,,559HA-DST-723,,Plumbing>Faucets>Bathroom Sink Faucets,"DELTA® 559HA-DST-723 Bathroom Sink Faucets, 2, 1.2 gpm, Matte Black",DELTA 559HA-DST-723 BATHROOM SINK FAUCET,"DELTA® 559HA-DST-723 Bathroom Sink Faucets, 2, 1.2 gpm, Matte Black","DELTA® 559HA-DST-723 Bathroom Sink Faucets, 2, 1.2 gpm, Matte Black",,,,,,,,,,,,,,,,,,,,,,,,,,,,,Number of Faucet Handles,2,,Flow Rate,1.2,gpm,Finish/Color,Matte Black,,,,,,,,,,,,,,,,,,,,,,,,,,,,,,,,,,,,,,,,,,,,,,,,,,,,,,,,,,,,,,,,,,,,,,,,,,,,,,,,,,,,,,,,,,,,,,,,,,,,,,,,,,,,,,,,,,,,,,,,,,,,,,,,,,,,,,,,,,,,,,,,,,30181702,,,,,,,,,,,,,,,,,,,,,,,,,,,,,,,,,,,,,,,,,,,
,,,,,,,,,,,K-596-VS-724,Kohler K-596-VS Simplice Pull-Down Kitchen Faucet Vibrant Stainless 1.5 gpm Item #724,,,,Kohler Co. (KOHLER),Kohler Co.,KOHLER®,,K-596-VS-724,,Plumbing>Faucets>Utility Faucets,KOHLER® K-596-VS-724 Utility Faucets,KOHLER K-596-VS-724 UTILITY FAUCETS,KOHLER® K-596-VS-724 Utility Faucets,KOHLER® K-596-VS-724 Utility Faucets,,,,,,,,,,,,,,,,,,,,,,,,,,,,,,,,,,,,,,,,,,,,,,,,,,,,,,,,,,,,,,,,,,,,,,,,,,,,,,,,,,,,,,,,,,,,,,,,,,,,,,,,,,,,,,,,,,,,,,,,,,,,,,,,,,,,,,,,,,,,,,,,,,,,,,,,,,,,,,,,,,,,,,,,,,,,,,,,,,,,,,30181706,,,,,,,,,,,,,,,,,,,,,,,,,,,,,,,,,,,,,,,,,,,
,,,,,,,,,,,607-1/2-725,Nibco 607 1/2 1/2 in Copper Wrot Pressure 90 Deg Elbow Item #725,,,,Nibco Inc (NIBCO),Nibco Inc,NIBCO®,,607-1/2-725,,"Plumbing>Pipe, Tube & Hose Fittings>Pipe Fittings","NIBCO® 607-1/2-725 Pipe Fittings, Elbow, 1/2 in, Press, Copper",NIBCO 607-1/2-725 PIPE FITTINGS,"NIBCO® 607-1/2-725 Pipe Fittings, Elbow, 1/2 in, Press, Copper","NIBCO® 607-1/2-725 Pipe Fittings, Elbow, 1/2 in, Press, Copper",,,,,,,,,,,,,,,,,,,,,,,,,,,,,Fitting Fitting/Connector Type,Elbow,,Pipe Size,1/2,in,Connection Type,Press,,Fitting Material,Copper,,,,,,,,,,,,,,,,,,,,,,,,,,,,,,,,,,,,,,,,,,,,,,,,,,,,,,,,,,,,,,,,,,,,,,,,,,,,,,,,,,,,,,,,,,,,,,,,,,,,,,,,,,,,,,,,,,,,,,,,,,,,,,,,,,,,,,,,,,,,,,,40172600,,,,,,,,,,,,,,,,,,,,,,,,,,,,,,,,,,,,,,,,,,,
,,,,,,,,,,,U008LF-726,SharkBite U008LF 1/2 in Push-to-Connect Brass Coupling Item #726,,,,SharkBite Plumbing Solutions (SHARK),SharkBite Plumbing Solutions,SHARKBITE®,,U008LF-726,,"Plumbing>Pipe, Tube & Hose Fittings>Pipe Fittings","SHARKBITE® U008LF-726 Pipe Fittings, Coupling, 1/2 in, Push-to-Connect, Brass",SHARKBITE U008LF-726 PIPE FITTINGS,"SHARKBITE® U008LF-726 Pipe Fittings, Coupling, 1/2 in, Push-to-Connect, Brass","SHARKBITE® U008LF-726 Pipe Fittings, Coupling, 1/2 in, Push-to-Connect, Brass",,,,,,,,,,,,,,,,,,,,,,,,,,,,,Fitting Fitting/Connector Type,Coupling,,Pipe Size,1/2,in,Connection Type,Push-to-Connect,,Fitting Material,Brass,,,,,,,,,,,,,,,,,,,,,,,,,,,,,,,,,,,,,,,,,,,,,,,,,,,,,,,,,,,,,,,,,,,,,,,,,,,,,,,,,,,,,,,,,,,,,,,,,,,,,,,,,,,,,,,,,,,,,,,,,,,,,,,,,,,,,,,,,,,,,,,40172600,,,,,,,,,,,,,,,,,,,,,,,,,,,,,,,,,,,,,,,,,,,
,,,,,,,,,,,NIP-050-CLOSE-727,Charlotte Pipe 1/2 in x Close Black Steel Nipple MNPT Item #727,,,,Charlotte Pipe and Foundry (CHARL),Charlotte Pipe and Foundry,CHARLOTTE PIPE®,,NIP-050-CLOSE-727,,"Plumbing>Pipe, Tube & Hose Fittings>Pipe Fittings","CHARLOTTE PIPE® NIP-050-CLOSE-727 Pipe Fittings, Tee, 1/2 in, MNPT",CHARLOTTE PIPE NIP-050-CLOSE-727 PIPE FI,"CHARLOTTE PIPE® NIP-050-CLOSE-727 Pipe Fittings, Tee, 1/2 in, MNPT","CHARLOTTE PIPE® NIP-050-CLOSE-727 Pipe Fittings, Tee, 1/2 in, MNPT",,,,,,,,,,,,,,,,,,,,,,,,,,,,,Fitting Fitting/Connector Type,Tee,,Pipe Size,1/2,in,Connection Type,MNPT,,,,,,,,,,,,,,,,,,,,,,,,,,,,,,,,,,,,,,,,,,,,,,,,,,,,,,,,,,,,,,,,,,,,,,,,,,,,,,,,,,,,,,,,,,,,,,,,,,,,,,,,,,,,,,,,,,,,,,,,,,,,,,,,,,,,,,,,,,,,,,,,,,40172600,,,,,,,,,,,,,,,,,,,,,,,,,,,,,,,,,,,,,,,,,,,
,,,,,,,,,,,PDSH4816AF-728,PDSH4816AF Dishwasher SS - Display Only Item #728,,,,Appliance Dealers Cooperative (APPDE),Appliance Dealers Cooperative,FRIGIDAIRE®,,PDSH4816AF-728,,unclassified / needs manual mapping,FRIGIDAIRE® PDSH4816AF-728 Product,FRIGIDAIRE PDSH4816AF-728 PRODUCT,FRIGIDAIRE® PDSH4816AF-728 Product,FRIGIDAIRE® PDSH4816AF-728 Product,,,,,,,,,,,,,,,,,,,,,,,,,,,,,,,,,,,,,,,,,,,,,,,,,,,,,,,,,,,,,,,,,,,,,,,,,,,,,,,,,,,,,,,,,,,,,,,,,,,,,,,,,,,,,,,,,,,,,,,,,,,,,,,,,,,,,,,,,,,,,,,,,,,,,,,,,,,,,,,,,,,,,,,,,,,,,,,,,,,,,,,,,,,,,,,,,,,,,,,,,,,,,,,,,,,,,,,,,,,,,,,,,
,,,,,,,,,,,WDTS7024RZ-729,WDTS7024RZ Dishwasher SS - Display Only Item #729,,,,Appliance Dealers Cooperative (APPDE),Appliance Dealers Cooperative,FRIGIDAIRE®,,WDTS7024RZ-729,,unclassified / needs manual mapping,FRIGIDAIRE® WDTS7024RZ-729 Product,FRIGIDAIRE WDTS7024RZ-729 PRODUCT,FRIGIDAIRE® WDTS7024RZ-729 Product,FRIGIDAIRE® WDTS7024RZ-729 Product,,,,,,,,,,,,,,,,,,,,,,,,,,,,,,,,,,,,,,,,,,,,,,,,,,,,,,,,,,,,,,,,,,,,,,,,,,,,,,,,,,,,,,,,,,,,,,,,,,,,,,,,,,,,,,,,,,,,,,,,,,,,,,,,,,,,,,,,,,,,,,,,,,,,,,,,,,,,,,,,,,,,,,,,,,,,,,,,,,,,,,,,,,,,,,,,,,,,,,,,,,,,,,,,,,,,,,,,,,,,,,,,,
,,,,,,,,,,,DCB205C-730,Dewalt 20V Max 5.0Ah Starter Kit Item #730,,,,Black & Decker (2585),Black & Decker,DEWALT®,,DCB205C-730,,unclassified / needs manual mapping,DEWALT® DCB205C-730 Product,DEWALT DCB205C-730 PRODUCT,DEWALT® DCB205C-730 Product,DEWALT® DCB205C-730 Product,,,,,,,,,,,,,,,,,,,,,,,,,,,,,,,,,,,,,,,,,,,,,,,,,,,,,,,,,,,,,,,,,,,,,,,,,,,,,,,,,,,,,,,,,,,,,,,,,,,,,,,,,,,,,,,,,,,,,,,,,,,,,,,,,,,,,,,,,,,,,,,,,,,,,,,,,,,,,,,,,,,,,,,,,,,,,,,,,,,,,,,,,,,,,,,,,,,,,,,,,,,,,,,,,,,,,,,,,,,,,,,,,
,,,,,,,,,,,DCB518ASTS06G-731,"DCB518ASTS06G Diablo 1/2""x18"" - Sanding Belt 6pc Item #731",,,,Freud Inc (2435),Freud Inc,DIABLO®,,DCB518ASTS06G-731,,unclassified / needs manual mapping,DIABLO® DCB518ASTS06G-731 Product,DIABLO DCB518ASTS06G-731 PRODUCT,DIABLO® DCB518ASTS06G-731 Product,DIABLO® DCB518ASTS06G-731 Product,,,,,,,,,,,,,,,,,,,,,,,,,,,,,,,,,,,,,,,,,,,,,,,,,,,,,,,,,,,,,,,,,,,,,,,,,,,,,,,,,,,,,,,,,,,,,,,,,,,,,,,,,,,,,,,,,,,,,,,,,,,,,,,,,,,,,,,,,,,,,,,,,,,,,,,,,,,,,,,,,,,,,,,,,,,,,,,,,,,,,,,,,,,,,,,,,,,,,,,,,,,,,,,,,,,,,,,,,,,,,,,,,
,,,,,,,,,,,6702-000-732,Moen 6702-000 Genta Single Handle Bathroom Sink Faucet Chrome 1.2 gpm 4in Item #732,,,,Moen Incorporated (MOEN),Moen Incorporated,MOEN®,,6702-000-732,,Plumbing>Faucets>Bathroom Sink Faucets,"MOEN® 6702-000-732 Bathroom Sink Faucets, 2, 1.2 gpm, Chrome",MOEN 6702-000-732 BATHROOM SINK FAUCETS,"MOEN® 6702-000-732 Bathroom Sink Faucets, 2, 1.2 gpm, Chrome","MOEN® 6702-000-732 Bathroom Sink Faucets, 2, 1.2 gpm, Chrome",,,,,,,,,,,,,,,,,,,,,,,,,,,,,Number of Faucet Handles,2,,Flow Rate,1.2,gpm,Finish/Color,Chrome,,,,,,,,,,,,,,,,,,,,,,,,,,,,,,,,,,,,,,,,,,,,,,,,,,,,,,,,,,,,,,,,,,,,,,,,,,,,,,,,,,,,,,,,,,,,,,,,,,,,,,,,,,,,,,,,,,,,,,,,,,,,,,,,,,,,,,,,,,,,,,,,,,30181702,,,,,,,,,,,,,,,,,,,,,,,,,,,,,,,,,,,,,,,,,,,
,,,,,,,,,,,559HA-DST-733,Delta 559HA-DST Trinsic Single Handle Bathroom Sink Faucet Matte Black 1.2 gpm Item #733,,,,Delta Faucet Company (DELTA),Delta Faucet Company,DELTA®,,559HA-DST-733,,Plumbing>Faucets>Bathroom Sink Faucets,"DELTA® 559HA-DST-733 Bathroom Sink Faucets, 2, 1.2 gpm, Matte Black",DELTA 559HA-DST-733 BATHROOM SINK FAUCET,"DELTA® 559HA-DST-733 Bathroom Sink Faucets, 2, 1.2 gpm, Matte Black","DELTA® 559HA-DST-733 Bathroom Sink Faucets, 2, 1.2 gpm, Matte Black",,,,,,,,,,,,,,,,,,,,,,,,,,,,,Number of Faucet Handles,2,,Flow Rate,1.2,gpm,Finish/Color,Matte Black,,,,,,,,,,,,,,,,,,,,,,,,,,,,,,,,,,,,,,,,,,,,,,,,,,,,,,,,,,,,,,,,,,,,,,,,,,,,,,,,,,,,,,,,,,,,,,,,,,,,,,,,,,,,,,,,,,,,,,,,,,,,,,,,,,,,,,,,,,,,,,,,,,30181702,,,,,,,,,,,,,,,,,,,,,,,,,,,,,,,,,,,,,,,,,,,
,,,,,,,,,,,K-596-VS-734,Kohler K-596-VS Simplice Pull-Down Kitchen Faucet Vibrant Stainless 1.5 gpm Item #734,,,,Kohler Co. (KOHLER),Kohler Co.,KOHLER®,,K-596-VS-734,,Plumbing>Faucets>Utility Faucets,KOHLER® K-596-VS-734 Utility Faucets,KOHLER K-596-VS-734 UTILITY FAUCETS,KOHLER® K-596-VS-734 Utility Faucets,KOHLER® K-596-VS-734 Utility Faucets,,,,,,,,,,,,,,,,,,,,,,,,,,,,,,,,,,,,,,,,,,,,,,,,,,,,,,,,,,,,,,,,,,,,,,,,,,,,,,,,,,,,,,,,,,,,,,,,,,,,,,,,,,,,,,,,,,,,,,,,,,,,,,,,,,,,,,,,,,,,,,,,,,,,,,,,,,,,,,,,,,,,,,,,,,,,,,,,,,,,,,30181706,,,,,,,,,,,,,,,,,,,,,,,,,,,,,,,,,,,,,,,,,,,
,,,,,,,,,,,607-1/2-735,Nibco 607 1/2 1/2 in Copper Wrot Pressure 90 Deg Elbow Item #735,,,,Nibco Inc (NIBCO),Nibco Inc,NIBCO®,,607-1/2-735,,"Plumbing>Pipe, Tube & Hose Fittings>Pipe Fittings","NIBCO® 607-1/2-735 Pipe Fittings, Elbow, 1/2 in, Press, Copper",NIBCO 607-1/2-735 PIPE FITTINGS,"NIBCO® 607-1/2-735 Pipe Fittings, Elbow, 1/2 in, Press, Copper","NIBCO® 607-1/2-735 Pipe Fittings, Elbow, 1/2 in, Press, Copper",,,,,,,,,,,,,,,,,,,,,,,,,,,,,Fitting Fitting/Connector Type,Elbow,,Pipe Size,1/2,in,Connection Type,Press,,Fitting Material,Copper,,,,,,,,,,,,,,,,,,,,,,,,,,,,,,,,,,,,,,,,,,,,,,,,,,,,,,,,,,,,,,,,,,,,,,,,,,,,,,,,,,,,,,,,,,,,,,,,,,,,,,,,,,,,,,,,,,,,,,,,,,,,,,,,,,,,,,,,,,,,,,,40172600,,,,,,,,,,,,,,,,,,,,,,,,,,,,,,,,,,,,,,,,,,,
,,,,,,,,,,,U008LF-736,SharkBite U008LF 1/2 in Push-to-Connect Brass Coupling Item #736,,,,SharkBite Plumbing Solutions (SHARK),SharkBite Plumbing Solutions,SHARKBITE®,,U008LF-736,,"Plumbing>Pipe, Tube & Hose Fittings>Pipe Fittings","SHARKBITE® U008LF-736 Pipe Fittings, Coupling, 1/2 in, Push-to-Connect, Brass",SHARKBITE U008LF-736 PIPE FITTINGS,"SHARKBITE® U008LF-736 Pipe Fittings, Coupling, 1/2 in, Push-to-Connect, Brass","SHARKBITE® U008LF-736 Pipe Fittings, Coupling, 1/2 in, Push-to-Connect, Brass",,,,,,,,,,,,,,,,,,,,,,,,,,,,,Fitting Fitting/Connector Type,Coupling,,Pipe Size,1/2,in,Connection Type,Push-to-Connect,,Fitting Material,Brass,,,,,,,,,,,,,,,,,,,,,,,,,,,,,,,,,,,,,,,,,,,,,,,,,,,,,,,,,,,,,,,,,,,,,,,,,,,,,,,,,,,,,,,,,,,,,,,,,,,,,,,,,,,,,,,,,,,,,,,,,,,,,,,,,,,,,,,,,,,,,,,40172600,,,,,,,,,,,,,,,,,,,,,,,,,,,,,,,,,,,,,,,,,,,
,,,,,,,,,,,NIP-050-CLOSE-737,Charlotte Pipe 1/2 in x Close Black Steel Nipple MNPT Item #737,,,,Charlotte Pipe and Foundry (CHARL),Charlotte Pipe and Foundry,CHARLOTTE PIPE®,,NIP-050-CLOSE-737,,"Plumbing>Pipe, Tube & Hose Fittings>Pipe Fittings","CHARLOTTE PIPE® NIP-050-CLOSE-737 Pipe Fittings, Tee, 1/2 in, MNPT",CHARLOTTE PIPE NIP-050-CLOSE-737 PIPE FI,"CHARLOTTE PIPE® NIP-050-CLOSE-737 Pipe Fittings, Tee, 1/2 in, MNPT","CHARLOTTE PIPE® NIP-050-CLOSE-737 Pipe Fittings, Tee, 1/2 in, MNPT",,,,,,,,,,,,,,,,,,,,,,,,,,,,,Fitting Fitting/Connector Type,Tee,,Pipe Size,1/2,in,Connection Type,MNPT,,,,,,,,,,,,,,,,,,,,,,,,,,,,,,,,,,,,,,,,,,,,,,,,,,,,,,,,,,,,,,,,,,,,,,,,,,,,,,,,,,,,,,,,,,,,,,,,,,,,,,,,,,,,,,,,,,,,,,,,,,,,,,,,,,,,,,,,,,,,,,,,,,40172600,,,,,,,,,,,,,,,,,,,,,,,,,,,,,,,,,,,,,,,,,,,
,,,,,,,,,,,PDSH4816AF-738,PDSH4816AF Dishwasher SS - Display Only Item #738,,,,Appliance Dealers Cooperative (APPDE),Appliance Dealers Cooperative,FRIGIDAIRE®,,PDSH4816AF-738,,unclassified / needs manual mapping,FRIGIDAIRE® PDSH4816AF-738 Product,FRIGIDAIRE PDSH4816AF-738 PRODUCT,FRIGIDAIRE® PDSH4816AF-738 Product,FRIGIDAIRE® PDSH4816AF-738 Product,,,,,,,,,,,,,,,,,,,,,,,,,,,,,,,,,,,,,,,,,,,,,,,,,,,,,,,,,,,,,,,,,,,,,,,,,,,,,,,,,,,,,,,,,,,,,,,,,,,,,,,,,,,,,,,,,,,,,,,,,,,,,,,,,,,,,,,,,,,,,,,,,,,,,,,,,,,,,,,,,,,,,,,,,,,,,,,,,,,,,,,,,,,,,,,,,,,,,,,,,,,,,,,,,,,,,,,,,,,,,,,,,
,,,,,,,,,,,WDTS7024RZ-739,WDTS7024RZ Dishwasher SS - Display Only Item #739,,,,Appliance Dealers Cooperative (APPDE),Appliance Dealers Cooperative,FRIGIDAIRE®,,WDTS7024RZ-739,,unclassified / needs manual mapping,FRIGIDAIRE® WDTS7024RZ-739 Product,FRIGIDAIRE WDTS7024RZ-739 PRODUCT,FRIGIDAIRE® WDTS7024RZ-739 Product,FRIGIDAIRE® WDTS7024RZ-739 Product,,,,,,,,,,,,,,,,,,,,,,,,,,,,,,,,,,,,,,,,,,,,,,,,,,,,,,,,,,,,,,,,,,,,,,,,,,,,,,,,,,,,,,,,,,,,,,,,,,,,,,,,,,,,,,,,,,,,,,,,,,,,,,,,,,,,,,,,,,,,,,,,,,,,,,,,,,,,,,,,,,,,,,,,,,,,,,,,,,,,,,,,,,,,,,,,,,,,,,,,,,,,,,,,,,,,,,,,,,,,,,,,,
,,,,,,,,,,,DCB205C-740,Dewalt 20V Max 5.0Ah Starter Kit Item #740,,,,Black & Decker (2585),Black & Decker,DEWALT®,,DCB205C-740,,unclassified / needs manual mapping,DEWALT® DCB205C-740 Product,DEWALT DCB205C-740 PRODUCT,DEWALT® DCB205C-740 Product,DEWALT® DCB205C-740 Product,,,,,,,,,,,,,,,,,,,,,,,,,,,,,,,,,,,,,,,,,,,,,,,,,,,,,,,,,,,,,,,,,,,,,,,,,,,,,,,,,,,,,,,,,,,,,,,,,,,,,,,,,,,,,,,,,,,,,,,,,,,,,,,,,,,,,,,,,,,,,,,,,,,,,,,,,,,,,,,,,,,,,,,,,,,,,,,,,,,,,,,,,,,,,,,,,,,,,,,,,,,,,,,,,,,,,,,,,,,,,,,,,
,,,,,,,,,,,DCB518ASTS06G-741,"DCB518ASTS06G Diablo 1/2""x18"" - Sanding Belt 6pc Item #741",,,,Freud Inc (2435),Freud Inc,DIABLO®,,DCB518ASTS06G-741,,unclassified / needs manual mapping,DIABLO® DCB518ASTS06G-741 Product,DIABLO DCB518ASTS06G-741 PRODUCT,DIABLO® DCB518ASTS06G-741 Product,DIABLO® DCB518ASTS06G-741 Product,,,,,,,,,,,,,,,,,,,,,,,,,,,,,,,,,,,,,,,,,,,,,,,,,,,,,,,,,,,,,,,,,,,,,,,,,,,,,,,,,,,,,,,,,,,,,,,,,,,,,,,,,,,,,,,,,,,,,,,,,,,,,,,,,,,,,,,,,,,,,,,,,,,,,,,,,,,,,,,,,,,,,,,,,,,,,,,,,,,,,,,,,,,,,,,,,,,,,,,,,,,,,,,,,,,,,,,,,,,,,,,,,
,,,,,,,,,,,6702-000-742,Moen 6702-000 Genta Single Handle Bathroom Sink Faucet Chrome 1.2 gpm 4in Item #742,,,,Moen Incorporated (MOEN),Moen Incorporated,MOEN®,,6702-000-742,,Plumbing>Faucets>Bathroom Sink Faucets,"MOEN® 6702-000-742 Bathroom Sink Faucets, 2, 1.2 gpm, Chrome",MOEN 6702-000-742 BATHROOM SINK FAUCETS,"MOEN® 6702-000-742 Bathroom Sink Faucets, 2, 1.2 gpm, Chrome","MOEN® 6702-000-742 Bathroom Sink Faucets, 2, 1.2 gpm, Chrome",,,,,,,,,,,,,,,,,,,,,,,,,,,,,Number of Faucet Handles,2,,Flow Rate,1.2,gpm,Finish/Color,Chrome,,,,,,,,,,,,,,,,,,,,,,,,,,,,,,,,,,,,,,,,,,,,,,,,,,,,,,,,,,,,,,,,,,,,,,,,,,,,,,,,,,,,,,,,,,,,,,,,,,,,,,,,,,,,,,,,,,,,,,,,,,,,,,,,,,,,,,,,,,,,,,,,,,30181702,,,,,,,,,,,,,,,,,,,,,,,,,,,,,,,,,,,,,,,,,,,
,,,,,,,,,,,559HA-DST-743,Delta 559HA-DST Trinsic Single Handle Bathroom Sink Faucet Matte Black 1.2 gpm Item #743,,,,Delta Faucet Company (DELTA),Delta Faucet Company,DELTA®,,559HA-DST-743,,Plumbing>Faucets>Bathroom Sink Faucets,"DELTA® 559HA-DST-743 Bathroom Sink Faucets, 2, 1.2 gpm, Matte Black",DELTA 559HA-DST-743 BATHROOM SINK FAUCET,"DELTA® 559HA-DST-743 Bathroom Sink Faucets, 2, 1.2 gpm, Matte Black","DELTA® 559HA-DST-743 Bathroom Sink Faucets, 2, 1.2 gpm, Matte Black",,,,,,,,,,,,,,,,,,,,,,,,,,,,,Number of Faucet Handles,2,,Flow Rate,1.2,gpm,Finish/Color,Matte Black,,,,,,,,,,,,,,,,,,,,,,,,,,,,,,,,,,,,,,,,,,,,,,,,,,,,,,,,,,,,,,,,,,,,,,,,,,,,,,,,,,,,,,,,,,,,,,,,,,,,,,,,,,,,,,,,,,,,,,,,,,,,,,,,,,,,,,,,,,,,,,,,,,30181702,,,,,,,,,,,,,,,,,,,,,,,,,,,,,,,,,,,,,,,,,,,
,,,,,,,,,,,K-596-VS-744,Kohler K-596-VS Simplice Pull-Down Kitchen Faucet Vibrant Stainless 1.5 gpm Item #744,,,,Kohler Co. (KOHLER),Kohler Co.,KOHLER®,,K-596-VS-744,,Plumbing>Faucets>Utility Faucets,KOHLER® K-596-VS-744 Utility Faucets,KOHLER K-596-VS-744 UTILITY FAUCETS,KOHLER® K-596-VS-744 Utility Faucets,KOHLER® K-596-VS-744 Utility Faucets,,,,,,,,,,,,,,,,,,,,,,,,,,,,,,,,,,,,,,,,,,,,,,,,,,,,,,,,,,,,,,,,,,,,,,,,,,,,,,,,,,,,,,,,,,,,,,,,,,,,,,,,,,,,,,,,,,,,,,,,,,,,,,,,,,,,,,,,,,,,,,,,,,,,,,,,,,,,,,,,,,,,,,,,,,,,,,,,,,,,,,30181706,,,,,,,,,,,,,,,,,,,,,,,,,,,,,,,,,,,,,,,,,,,
,,,,,,,,,,,607-1/2-745,Nibco 607 1/2 1/2 in Copper Wrot Pressure 90 Deg Elbow Item #745,,,,Nibco Inc (NIBCO),Nibco Inc,NIBCO®,,607-1/2-745,,"Plumbing>Pipe, Tube & Hose Fittings>Pipe Fittings","NIBCO® 607-1/2-745 Pipe Fittings, Elbow, 1/2 in, Press, Copper",NIBCO 607-1/2-745 PIPE FITTINGS,"NIBCO® 607-1/2-745 Pipe Fittings, Elbow, 1/2 in, Press, Copper","NIBCO® 607-1/2-745 Pipe Fittings, Elbow, 1/2 in, Press, Copper",,,,,,,,,,,,,,,,,,,,,,,,,,,,,Fitting Fitting/Connector Type,Elbow,,Pipe Size,1/2,in,Connection Type,Press,,Fitting Material,Copper,,,,,,,,,,,,,,,,,,,,,,,,,,,,,,,,,,,,,,,,,,,,,,,,,,,,,,,,,,,,,,,,,,,,,,,,,,,,,,,,,,,,,,,,,,,,,,,,,,,,,,,,,,,,,,,,,,,,,,,,,,,,,,,,,,,,,,,,,,,,,,,40172600,,,,,,,,,,,,,,,,,,,,,,,,,,,,,,,,,,,,,,,,,,,
,,,,,,,,,,,U008LF-746,SharkBite U008LF 1/2 in Push-to-Connect Brass Coupling Item #746,,,,SharkBite Plumbing Solutions (SHARK),SharkBite Plumbing Solutions,SHARKBITE®,,U008LF-746,,"Plumbing>Pipe, Tube & Hose Fittings>Pipe Fittings","SHARKBITE® U008LF-746 Pipe Fittings, Coupling, 1/2 in, Push-to-Connect, Brass",SHARKBITE U008LF-746 PIPE FITTINGS,"SHARKBITE® U008LF-746 Pipe Fittings, Coupling, 1/2 in, Push-to-Connect, Brass","SHARKBITE® U008LF-746 Pipe Fittings, Coupling, 1/2 in, Push-to-Connect, Brass",,,,,,,,,,,,,,,,,,,,,,,,,,,,,Fitting Fitting/Connector Type,Coupling,,Pipe Size,1/2,in,Connection Type,Push-to-Connect,,Fitting Material,Brass,,,,,,,,,,,,,,,,,,,,,,,,,,,,,,,,,,,,,,,,,,,,,,,,,,,,,,,,,,,,,,,,,,,,,,,,,,,,,,,,,,,,,,,,,,,,,,,,,,,,,,,,,,,,,,,,,,,,,,,,,,,,,,,,,,,,,,,,,,,,,,,40172600,,,,,,,,,,,,,,,,,,,,,,,,,,,,,,,,,,,,,,,,,,,
,,,,,,,,,,,NIP-050-CLOSE-747,Charlotte Pipe 1/2 in x Close Black Steel Nipple MNPT Item #747,,,,Charlotte Pipe and Foundry (CHARL),Charlotte Pipe and Foundry,CHARLOTTE PIPE®,,NIP-050-CLOSE-747,,"Plumbing>Pipe, Tube & Hose Fittings>Pipe Fittings","CHARLOTTE PIPE® NIP-050-CLOSE-747 Pipe Fittings, Tee, 1/2 in, MNPT",CHARLOTTE PIPE NIP-050-CLOSE-747 PIPE FI,"CHARLOTTE PIPE® NIP-050-CLOSE-747 Pipe Fittings, Tee, 1/2 in, MNPT","CHARLOTTE PIPE® NIP-050-CLOSE-747 Pipe Fittings, Tee, 1/2 in, MNPT",,,,,,,,,,,,,,,,,,,,,,,,,,,,,Fitting Fitting/Connector Type,Tee,,Pipe Size,1/2,in,Connection Type,MNPT,,,,,,,,,,,,,,,,,,,,,,,,,,,,,,,,,,,,,,,,,,,,,,,,,,,,,,,,,,,,,,,,,,,,,,,,,,,,,,,,,,,,,,,,,,,,,,,,,,,,,,,,,,,,,,,,,,,,,,,,,,,,,,,,,,,,,,,,,,,,,,,,,,40172600,,,,,,,,,,,,,,,,,,,,,,,,,,,,,,,,,,,,,,,,,,,
,,,,,,,,,,,PDSH4816AF-748,PDSH4816AF Dishwasher SS - Display Only Item #748,,,,Appliance Dealers Cooperative (APPDE),Appliance Dealers Cooperative,FRIGIDAIRE®,,PDSH4816AF-748,,unclassified / needs manual mapping,FRIGIDAIRE® PDSH4816AF-748 Product,FRIGIDAIRE PDSH4816AF-748 PRODUCT,FRIGIDAIRE® PDSH4816AF-748 Product,FRIGIDAIRE® PDSH4816AF-748 Product,,,,,,,,,,,,,,,,,,,,,,,,,,,,,,,,,,,,,,,,,,,,,,,,,,,,,,,,,,,,,,,,,,,,,,,,,,,,,,,,,,,,,,,,,,,,,,,,,,,,,,,,,,,,,,,,,,,,,,,,,,,,,,,,,,,,,,,,,,,,,,,,,,,,,,,,,,,,,,,,,,,,,,,,,,,,,,,,,,,,,,,,,,,,,,,,,,,,,,,,,,,,,,,,,,,,,,,,,,,,,,,,,
,,,,,,,,,,,WDTS7024RZ-749,WDTS7024RZ Dishwasher SS - Display Only Item #749,,,,Appliance Dealers Cooperative (APPDE),Appliance Dealers Cooperative,FRIGIDAIRE®,,WDTS7024RZ-749,,unclassified / needs manual mapping,FRIGIDAIRE® WDTS7024RZ-749 Product,FRIGIDAIRE WDTS7024RZ-749 PRODUCT,FRIGIDAIRE® WDTS7024RZ-749 Product,FRIGIDAIRE® WDTS7024RZ-749 Product,,,,,,,,,,,,,,,,,,,,,,,,,,,,,,,,,,,,,,,,,,,,,,,,,,,,,,,,,,,,,,,,,,,,,,,,,,,,,,,,,,,,,,,,,,,,,,,,,,,,,,,,,,,,,,,,,,,,,,,,,,,,,,,,,,,,,,,,,,,,,,,,,,,,,,,,,,,,,,,,,,,,,,,,,,,,,,,,,,,,,,,,,,,,,,,,,,,,,,,,,,,,,,,,,,,,,,,,,,,,,,,,,
,,,,,,,,,,,DCB205C-750,Dewalt 20V Max 5.0Ah Starter Kit Item #750,,,,Black & Decker (2585),Black & Decker,DEWALT®,,DCB205C-750,,unclassified / needs manual mapping,DEWALT® DCB205C-750 Product,DEWALT DCB205C-750 PRODUCT,DEWALT® DCB205C-750 Product,DEWALT® DCB205C-750 Product,,,,,,,,,,,,,,,,,,,,,,,,,,,,,,,,,,,,,,,,,,,,,,,,,,,,,,,,,,,,,,,,,,,,,,,,,,,,,,,,,,,,,,,,,,,,,,,,,,,,,,,,,,,,,,,,,,,,,,,,,,,,,,,,,,,,,,,,,,,,,,,,,,,,,,,,,,,,,,,,,,,,,,,,,,,,,,,,,,,,,,,,,,,,,,,,,,,,,,,,,,,,,,,,,,,,,,,,,,,,,,,,,
,,,,,,,,,,,DCB518ASTS06G-751,"DCB518ASTS06G Diablo 1/2""x18"" - Sanding Belt 6pc Item #751",,,,Freud Inc (2435),Freud Inc,DIABLO®,,DCB518ASTS06G-751,,unclassified / needs manual mapping,DIABLO® DCB518ASTS06G-751 Product,DIABLO DCB518ASTS06G-751 PRODUCT,DIABLO® DCB518ASTS06G-751 Product,DIABLO® DCB518ASTS06G-751 Product,,,,,,,,,,,,,,,,,,,,,,,,,,,,,,,,,,,,,,,,,,,,,,,,,,,,,,,,,,,,,,,,,,,,,,,,,,,,,,,,,,,,,,,,,,,,,,,,,,,,,,,,,,,,,,,,,,,,,,,,,,,,,,,,,,,,,,,,,,,,,,,,,,,,,,,,,,,,,,,,,,,,,,,,,,,,,,,,,,,,,,,,,,,,,,,,,,,,,,,,,,,,,,,,,,,,,,,,,,,,,,,,,
,,,,,,,,,,,6702-000-752,Moen 6702-000 Genta Single Handle Bathroom Sink Faucet Chrome 1.2 gpm 4in Item #752,,,,Moen Incorporated (MOEN),Moen Incorporated,MOEN®,,6702-000-752,,Plumbing>Faucets>Bathroom Sink Faucets,"MOEN® 6702-000-752 Bathroom Sink Faucets, 2, 1.2 gpm, Chrome",MOEN 6702-000-752 BATHROOM SINK FAUCETS,"MOEN® 6702-000-752 Bathroom Sink Faucets, 2, 1.2 gpm, Chrome","MOEN® 6702-000-752 Bathroom Sink Faucets, 2, 1.2 gpm, Chrome",,,,,,,,,,,,,,,,,,,,,,,,,,,,,Number of Faucet Handles,2,,Flow Rate,1.2,gpm,Finish/Color,Chrome,,,,,,,,,,,,,,,,,,,,,,,,,,,,,,,,,,,,,,,,,,,,,,,,,,,,,,,,,,,,,,,,,,,,,,,,,,,,,,,,,,,,,,,,,,,,,,,,,,,,,,,,,,,,,,,,,,,,,,,,,,,,,,,,,,,,,,,,,,,,,,,,,,30181702,,,,,,,,,,,,,,,,,,,,,,,,,,,,,,,,,,,,,,,,,,,
,,,,,,,,,,,559HA-DST-753,Delta 559HA-DST Trinsic Single Handle Bathroom Sink Faucet Matte Black 1.2 gpm Item #753,,,,Delta Faucet Company (DELTA),Delta Faucet Company,DELTA®,,559HA-DST-753,,Plumbing>Faucets>Bathroom Sink Faucets,"DELTA® 559HA-DST-753 Bathroom Sink Faucets, 2, 1.2 gpm, Matte Black",DELTA 559HA-DST-753 BATHROOM SINK FAUCET,"DELTA® 559HA-DST-753 Bathroom Sink Faucets, 2, 1.2 gpm, Matte Black","DELTA® 559HA-DST-753 Bathroom Sink Faucets, 2, 1.2 gpm, Matte Black",,,,,,,,,,,,,,,,,,,,,,,,,,,,,Number of Faucet Handles,2,,Flow Rate,1.2,gpm,Finish/Color,Matte Black,,,,,,,,,,,,,,,,,,,,,,,,,,,,,,,,,,,,,,,,,,,,,,,,,,,,,,,,,,,,,,,,,,,,,,,,,,,,,,,,,,,,,,,,,,,,,,,,,,,,,,,,,,,,,,,,,,,,,,,,,,,,,,,,,,,,,,,,,,,,,,,,,,30181702,,,,,,,,,,,,,,,,,,,,,,,,,,,,,,,,,,,,,,,,,,,
,,,,,,,,,,,K-596-VS-754,Kohler K-596-VS Simplice Pull-Down Kitchen Faucet Vibrant Stainless 1.5 gpm Item #754,,,,Kohler Co. (KOHLER),Kohler Co.,KOHLER®,,K-596-VS-754,,Plumbing>Faucets>Utility Faucets,KOHLER® K-596-VS-754 Utility Faucets,KOHLER K-596-VS-754 UTILITY FAUCETS,KOHLER® K-596-VS-754 Utility Faucets,KOHLER® K-596-VS-754 Utility Faucets,,,,,,,,,,,,,,,,,,,,,,,,,,,,,,,,,,,,,,,,,,,,,,,,,,,,,,,,,,,,,,,,,,,,,,,,,,,,,,,,,,,,,,,,,,,,,,,,,,,,,,,,,,,,,,,,,,,,,,,,,,,,,,,,,,,,,,,,,,,,,,,,,,,,,,,,,,,,,,,,,,,,,,,,,,,,,,,,,,,,,,30181706,,,,,,,,,,,,,,,,,,,,,,,,,,,,,,,,,,,,,,,,,,,
,,,,,,,,,,,607-1/2-755,Nibco 607 1/2 1/2 in Copper Wrot Pressure 90 Deg Elbow Item #755,,,,Nibco Inc (NIBCO),Nibco Inc,NIBCO®,,607-1/2-755,,"Plumbing>Pipe, Tube & Hose Fittings>Pipe Fittings","NIBCO® 607-1/2-755 Pipe Fittings, Elbow, 1/2 in, Press, Copper",NIBCO 607-1/2-755 PIPE FITTINGS,"NIBCO® 607-1/2-755 Pipe Fittings, Elbow, 1/2 in, Press, Copper","NIBCO® 607-1/2-755 Pipe Fittings, Elbow, 1/2 in, Press, Copper",,,,,,,,,,,,,,,,,,,,,,,,,,,,,Fitting Fitting/Connector Type,Elbow,,Pipe Size,1/2,in,Connection Type,Press,,Fitting Material,Copper,,,,,,,,,,,,,,,,,,,,,,,,,,,,,,,,,,,,,,,,,,,,,,,,,,,,,,,,,,,,,,,,,,,,,,,,,,,,,,,,,,,,,,,,,,,,,,,,,,,,,,,,,,,,,,,,,,,,,,,,,,,,,,,,,,,,,,,,,,,,,,,40172600,,,,,,,,,,,,,,,,,,,,,,,,,,,,,,,,,,,,,,,,,,,
,,,,,,,,,,,U008LF-756,SharkBite U008LF 1/2 in Push-to-Connect Brass Coupling Item #756,,,,SharkBite Plumbing Solutions (SHARK),SharkBite Plumbing Solutions,SHARKBITE®,,U008LF-756,,"Plumbing>Pipe, Tube & Hose Fittings>Pipe Fittings","SHARKBITE® U008LF-756 Pipe Fittings, Coupling, 1/2 in, Push-to-Connect, Brass",SHARKBITE U008LF-756 PIPE FITTINGS,"SHARKBITE® U008LF-756 Pipe Fittings, Coupling, 1/2 in, Push-to-Connect, Brass","SHARKBITE® U008LF-756 Pipe Fittings, Coupling, 1/2 in, Push-to-Connect, Brass",,,,,,,,,,,,,,,,,,,,,,,,,,,,,Fitting Fitting/Connector Type,Coupling,,Pipe Size,1/2,in,Connection Type,Push-to-Connect,,Fitting Material,Brass,,,,,,,,,,,,,,,,,,,,,,,,,,,,,,,,,,,,,,,,,,,,,,,,,,,,,,,,,,,,,,,,,,,,,,,,,,,,,,,,,,,,,,,,,,,,,,,,,,,,,,,,,,,,,,,,,,,,,,,,,,,,,,,,,,,,,,,,,,,,,,,40172600,,,,,,,,,,,,,,,,,,,,,,,,,,,,,,,,,,,,,,,,,,,
,,,,,,,,,,,NIP-050-CLOSE-757,Charlotte Pipe 1/2 in x Close Black Steel Nipple MNPT Item #757,,,,Charlotte Pipe and Foundry (CHARL),Charlotte Pipe and Foundry,CHARLOTTE PIPE®,,NIP-050-CLOSE-757,,"Plumbing>Pipe, Tube & Hose Fittings>Pipe Fittings","CHARLOTTE PIPE® NIP-050-CLOSE-757 Pipe Fittings, Tee, 1/2 in, MNPT",CHARLOTTE PIPE NIP-050-CLOSE-757 PIPE FI,"CHARLOTTE PIPE® NIP-050-CLOSE-757 Pipe Fittings, Tee, 1/2 in, MNPT","CHARLOTTE PIPE® NIP-050-CLOSE-757 Pipe Fittings, Tee, 1/2 in, MNPT",,,,,,,,,,,,,,,,,,,,,,,,,,,,,Fitting Fitting/Connector Type,Tee,,Pipe Size,1/2,in,Connection Type,MNPT,,,,,,,,,,,,,,,,,,,,,,,,,,,,,,,,,,,,,,,,,,,,,,,,,,,,,,,,,,,,,,,,,,,,,,,,,,,,,,,,,,,,,,,,,,,,,,,,,,,,,,,,,,,,,,,,,,,,,,,,,,,,,,,,,,,,,,,,,,,,,,,,,,40172600,,,,,,,,,,,,,,,,,,,,,,,,,,,,,,,,,,,,,,,,,,,
,,,,,,,,,,,PDSH4816AF-758,PDSH4816AF Dishwasher SS - Display Only Item #758,,,,Appliance Dealers Cooperative (APPDE),Appliance Dealers Cooperative,FRIGIDAIRE®,,PDSH4816AF-758,,unclassified / needs manual mapping,FRIGIDAIRE® PDSH4816AF-758 Product,FRIGIDAIRE PDSH4816AF-758 PRODUCT,FRIGIDAIRE® PDSH4816AF-758 Product,FRIGIDAIRE® PDSH4816AF-758 Product,,,,,,,,,,,,,,,,,,,,,,,,,,,,,,,,,,,,,,,,,,,,,,,,,,,,,,,,,,,,,,,,,,,,,,,,,,,,,,,,,,,,,,,,,,,,,,,,,,,,,,,,,,,,,,,,,,,,,,,,,,,,,,,,,,,,,,,,,,,,,,,,,,,,,,,,,,,,,,,,,,,,,,,,,,,,,,,,,,,,,,,,,,,,,,,,,,,,,,,,,,,,,,,,,,,,,,,,,,,,,,,,,
,,,,,,,,,,,WDTS7024RZ-759,WDTS7024RZ Dishwasher SS - Display Only Item #759,,,,Appliance Dealers Cooperative (APPDE),Appliance Dealers Cooperative,FRIGIDAIRE®,,WDTS7024RZ-759,,unclassified / needs manual mapping,FRIGIDAIRE® WDTS7024RZ-759 Product,FRIGIDAIRE WDTS7024RZ-759 PRODUCT,FRIGIDAIRE® WDTS7024RZ-759 Product,FRIGIDAIRE® WDTS7024RZ-759 Product,,,,,,,,,,,,,,,,,,,,,,,,,,,,,,,,,,,,,,,,,,,,,,,,,,,,,,,,,,,,,,,,,,,,,,,,,,,,,,,,,,,,,,,,,,,,,,,,,,,,,,,,,,,,,,,,,,,,,,,,,,,,,,,,,,,,,,,,,,,,,,,,,,,,,,,,,,,,,,,,,,,,,,,,,,,,,,,,,,,,,,,,,,,,,,,,,,,,,,,,,,,,,,,,,,,,,,,,,,,,,,,,,
,,,,,,,,,,,DCB205C-760,Dewalt 20V Max 5.0Ah Starter Kit Item #760,,,,Black & Decker (2585),Black & Decker,DEWALT®,,DCB205C-760,,unclassified / needs manual mapping,DEWALT® DCB205C-760 Product,DEWALT DCB205C-760 PRODUCT,DEWALT® DCB205C-760 Product,DEWALT® DCB205C-760 Product,,,,,,,,,,,,,,,,,,,,,,,,,,,,,,,,,,,,,,,,,,,,,,,,,,,,,,,,,,,,,,,,,,,,,,,,,,,,,,,,,,,,,,,,,,,,,,,,,,,,,,,,,,,,,,,,,,,,,,,,,,,,,,,,,,,,,,,,,,,,,,,,,,,,,,,,,,,,,,,,,,,,,,,,,,,,,,,,,,,,,,,,,,,,,,,,,,,,,,,,,,,,,,,,,,,,,,,,,,,,,,,,,
,,,,,,,,,,,DCB518ASTS06G-761,"DCB518ASTS06G Diablo 1/2""x18"" - Sanding Belt 6pc Item #761",,,,Freud Inc (2435),Freud Inc,DIABLO®,,DCB518ASTS06G-761,,unclassified / needs manual mapping,DIABLO® DCB518ASTS06G-761 Product,DIABLO DCB518ASTS06G-761 PRODUCT,DIABLO® DCB518ASTS06G-761 Product,DIABLO® DCB518ASTS06G-761 Product,,,,,,,,,,,,,,,,,,,,,,,,,,,,,,,,,,,,,,,,,,,,,,,,,,,,,,,,,,,,,,,,,,,,,,,,,,,,,,,,,,,,,,,,,,,,,,,,,,,,,,,,,,,,,,,,,,,,,,,,,,,,,,,,,,,,,,,,,,,,,,,,,,,,,,,,,,,,,,,,,,,,,,,,,,,,,,,,,,,,,,,,,,,,,,,,,,,,,,,,,,,,,,,,,,,,,,,,,,,,,,,,,
,,,,,,,,,,,6702-000-762,Moen 6702-000 Genta Single Handle Bathroom Sink Faucet Chrome 1.2 gpm 4in Item #762,,,,Moen Incorporated (MOEN),Moen Incorporated,MOEN®,,6702-000-762,,Plumbing>Faucets>Bathroom Sink Faucets,"MOEN® 6702-000-762 Bathroom Sink Faucets, 2, 1.2 gpm, Chrome",MOEN 6702-000-762 BATHROOM SINK FAUCETS,"MOEN® 6702-000-762 Bathroom Sink Faucets, 2, 1.2 gpm, Chrome","MOEN® 6702-000-762 Bathroom Sink Faucets, 2, 1.2 gpm, Chrome",,,,,,,,,,,,,,,,,,,,,,,,,,,,,Number of Faucet Handles,2,,Flow Rate,1.2,gpm,Finish/Color,Chrome,,,,,,,,,,,,,,,,,,,,,,,,,,,,,,,,,,,,,,,,,,,,,,,,,,,,,,,,,,,,,,,,,,,,,,,,,,,,,,,,,,,,,,,,,,,,,,,,,,,,,,,,,,,,,,,,,,,,,,,,,,,,,,,,,,,,,,,,,,,,,,,,,,30181702,,,,,,,,,,,,,,,,,,,,,,,,,,,,,,,,,,,,,,,,,,,
,,,,,,,,,,,559HA-DST-763,Delta 559HA-DST Trinsic Single Handle Bathroom Sink Faucet Matte Black 1.2 gpm Item #763,,,,Delta Faucet Company (DELTA),Delta Faucet Company,DELTA®,,559HA-DST-763,,Plumbing>Faucets>Bathroom Sink Faucets,"DELTA® 559HA-DST-763 Bathroom Sink Faucets, 2, 1.2 gpm, Matte Black",DELTA 559HA-DST-763 BATHROOM SINK FAUCET,"DELTA® 559HA-DST-763 Bathroom Sink Faucets, 2, 1.2 gpm, Matte Black","DELTA® 559HA-DST-763 Bathroom Sink Faucets, 2, 1.2 gpm, Matte Black",,,,,,,,,,,,,,,,,,,,,,,,,,,,,Number of Faucet Handles,2,,Flow Rate,1.2,gpm,Finish/Color,Matte Black,,,,,,,,,,,,,,,,,,,,,,,,,,,,,,,,,,,,,,,,,,,,,,,,,,,,,,,,,,,,,,,,,,,,,,,,,,,,,,,,,,,,,,,,,,,,,,,,,,,,,,,,,,,,,,,,,,,,,,,,,,,,,,,,,,,,,,,,,,,,,,,,,,30181702,,,,,,,,,,,,,,,,,,,,,,,,,,,,,,,,,,,,,,,,,,,
,,,,,,,,,,,K-596-VS-764,Kohler K-596-VS Simplice Pull-Down Kitchen Faucet Vibrant Stainless 1.5 gpm Item #764,,,,Kohler Co. (KOHLER),Kohler Co.,KOHLER®,,K-596-VS-764,,Plumbing>Faucets>Utility Faucets,KOHLER® K-596-VS-764 Utility Faucets,KOHLER K-596-VS-764 UTILITY FAUCETS,KOHLER® K-596-VS-764 Utility Faucets,KOHLER® K-596-VS-764 Utility Faucets,,,,,,,,,,,,,,,,,,,,,,,,,,,,,,,,,,,,,,,,,,,,,,,,,,,,,,,,,,,,,,,,,,,,,,,,,,,,,,,,,,,,,,,,,,,,,,,,,,,,,,,,,,,,,,,,,,,,,,,,,,,,,,,,,,,,,,,,,,,,,,,,,,,,,,,,,,,,,,,,,,,,,,,,,,,,,,,,,,,,,,30181706,,,,,,,,,,,,,,,,,,,,,,,,,,,,,,,,,,,,,,,,,,,
,,,,,,,,,,,607-1/2-765,Nibco 607 1/2 1/2 in Copper Wrot Pressure 90 Deg Elbow Item #765,,,,Nibco Inc (NIBCO),Nibco Inc,NIBCO®,,607-1/2-765,,"Plumbing>Pipe, Tube & Hose Fittings>Pipe Fittings","NIBCO® 607-1/2-765 Pipe Fittings, Elbow, 1/2 in, Press, Copper",NIBCO 607-1/2-765 PIPE FITTINGS,"NIBCO® 607-1/2-765 Pipe Fittings, Elbow, 1/2 in, Press, Copper","NIBCO® 607-1/2-765 Pipe Fittings, Elbow, 1/2 in, Press, Copper",,,,,,,,,,,,,,,,,,,,,,,,,,,,,Fitting Fitting/Connector Type,Elbow,,Pipe Size,1/2,in,Connection Type,Press,,Fitting Material,Copper,,,,,,,,,,,,,,,,,,,,,,,,,,,,,,,,,,,,,,,,,,,,,,,,,,,,,,,,,,,,,,,,,,,,,,,,,,,,,,,,,,,,,,,,,,,,,,,,,,,,,,,,,,,,,,,,,,,,,,,,,,,,,,,,,,,,,,,,,,,,,,,40172600,,,,,,,,,,,,,,,,,,,,,,,,,,,,,,,,,,,,,,,,,,,
,,,,,,,,,,,U008LF-766,SharkBite U008LF 1/2 in Push-to-Connect Brass Coupling Item #766,,,,SharkBite Plumbing Solutions (SHARK),SharkBite Plumbing Solutions,SHARKBITE®,,U008LF-766,,"Plumbing>Pipe, Tube & Hose Fittings>Pipe Fittings","SHARKBITE® U008LF-766 Pipe Fittings, Coupling, 1/2 in, Push-to-Connect, Brass",SHARKBITE U008LF-766 PIPE FITTINGS,"SHARKBITE® U008LF-766 Pipe Fittings, Coupling, 1/2 in, Push-to-Connect, Brass","SHARKBITE® U008LF-766 Pipe Fittings, Coupling, 1/2 in, Push-to-Connect, Brass",,,,,,,,,,,,,,,,,,,,,,,,,,,,,Fitting Fitting/Connector Type,Coupling,,Pipe Size,1/2,in,Connection Type,Push-to-Connect,,Fitting Material,Brass,,,,,,,,,,,,,,,,,,,,,,,,,,,,,,,,,,,,,,,,,,,,,,,,,,,,,,,,,,,,,,,,,,,,,,,,,,,,,,,,,,,,,,,,,,,,,,,,,,,,,,,,,,,,,,,,,,,,,,,,,,,,,,,,,,,,,,,,,,,,,,,40172600,,,,,,,,,,,,,,,,,,,,,,,,,,,,,,,,,,,,,,,,,,,
,,,,,,,,,,,NIP-050-CLOSE-767,Charlotte Pipe 1/2 in x Close Black Steel Nipple MNPT Item #767,,,,Charlotte Pipe and Foundry (CHARL),Charlotte Pipe and Foundry,CHARLOTTE PIPE®,,NIP-050-CLOSE-767,,"Plumbing>Pipe, Tube & Hose Fittings>Pipe Fittings","CHARLOTTE PIPE® NIP-050-CLOSE-767 Pipe Fittings, Tee, 1/2 in, MNPT",CHARLOTTE PIPE NIP-050-CLOSE-767 PIPE FI,"CHARLOTTE PIPE® NIP-050-CLOSE-767 Pipe Fittings, Tee, 1/2 in, MNPT","CHARLOTTE PIPE® NIP-050-CLOSE-767 Pipe Fittings, Tee, 1/2 in, MNPT",,,,,,,,,,,,,,,,,,,,,,,,,,,,,Fitting Fitting/Connector Type,Tee,,Pipe Size,1/2,in,Connection Type,MNPT,,,,,,,,,,,,,,,,,,,,,,,,,,,,,,,,,,,,,,,,,,,,,,,,,,,,,,,,,,,,,,,,,,,,,,,,,,,,,,,,,,,,,,,,,,,,,,,,,,,,,,,,,,,,,,,,,,,,,,,,,,,,,,,,,,,,,,,,,,,,,,,,,,40172600,,,,,,,,,,,,,,,,,,,,,,,,,,,,,,,,,,,,,,,,,,,
,,,,,,,,,,,PDSH4816AF-768,PDSH4816AF Dishwasher SS - Display Only Item #768,,,,Appliance Dealers Cooperative (APPDE),Appliance Dealers Cooperative,FRIGIDAIRE®,,PDSH4816AF-768,,unclassified / needs manual mapping,FRIGIDAIRE® PDSH4816AF-768 Product,FRIGIDAIRE PDSH4816AF-768 PRODUCT,FRIGIDAIRE® PDSH4816AF-768 Product,FRIGIDAIRE® PDSH4816AF-768 Product,,,,,,,,,,,,,,,,,,,,,,,,,,,,,,,,,,,,,,,,,,,,,,,,,,,,,,,,,,,,,,,,,,,,,,,,,,,,,,,,,,,,,,,,,,,,,,,,,,,,,,,,,,,,,,,,,,,,,,,,,,,,,,,,,,,,,,,,,,,,,,,,,,,,,,,,,,,,,,,,,,,,,,,,,,,,,,,,,,,,,,,,,,,,,,,,,,,,,,,,,,,,,,,,,,,,,,,,,,,,,,,,,
,,,,,,,,,,,WDTS7024RZ-769,WDTS7024RZ Dishwasher SS - Display Only Item #769,,,,Appliance Dealers Cooperative (APPDE),Appliance Dealers Cooperative,FRIGIDAIRE®,,WDTS7024RZ-769,,unclassified / needs manual mapping,FRIGIDAIRE® WDTS7024RZ-769 Product,FRIGIDAIRE WDTS7024RZ-769 PRODUCT,FRIGIDAIRE® WDTS7024RZ-769 Product,FRIGIDAIRE® WDTS7024RZ-769 Product,,,,,,,,,,,,,,,,,,,,,,,,,,,,,,,,,,,,,,,,,,,,,,,,,,,,,,,,,,,,,,,,,,,,,,,,,,,,,,,,,,,,,,,,,,,,,,,,,,,,,,,,,,,,,,,,,,,,,,,,,,,,,,,,,,,,,,,,,,,,,,,,,,,,,,,,,,,,,,,,,,,,,,,,,,,,,,,,,,,,,,,,,,,,,,,,,,,,,,,,,,,,,,,,,,,,,,,,,,,,,,,,,
,,,,,,,,,,,DCB205C-770,Dewalt 20V Max 5.0Ah Starter Kit Item #770,,,,Black & Decker (2585),Black & Decker,DEWALT®,,DCB205C-770,,unclassified / needs manual mapping,DEWALT® DCB205C-770 Product,DEWALT DCB205C-770 PRODUCT,DEWALT® DCB205C-770 Product,DEWALT® DCB205C-770 Product,,,,,,,,,,,,,,,,,,,,,,,,,,,,,,,,,,,,,,,,,,,,,,,,,,,,,,,,,,,,,,,,,,,,,,,,,,,,,,,,,,,,,,,,,,,,,,,,,,,,,,,,,,,,,,,,,,,,,,,,,,,,,,,,,,,,,,,,,,,,,,,,,,,,,,,,,,,,,,,,,,,,,,,,,,,,,,,,,,,,,,,,,,,,,,,,,,,,,,,,,,,,,,,,,,,,,,,,,,,,,,,,,
,,,,,,,,,,,DCB518ASTS06G-771,"DCB518ASTS06G Diablo 1/2""x18"" - Sanding Belt 6pc Item #771",,,,Freud Inc (2435),Freud Inc,DIABLO®,,DCB518ASTS06G-771,,unclassified / needs manual mapping,DIABLO® DCB518ASTS06G-771 Product,DIABLO DCB518ASTS06G-771 PRODUCT,DIABLO® DCB518ASTS06G-771 Product,DIABLO® DCB518ASTS06G-771 Product,,,,,,,,,,,,,,,,,,,,,,,,,,,,,,,,,,,,,,,,,,,,,,,,,,,,,,,,,,,,,,,,,,,,,,,,,,,,,,,,,,,,,,,,,,,,,,,,,,,,,,,,,,,,,,,,,,,,,,,,,,,,,,,,,,,,,,,,,,,,,,,,,,,,,,,,,,,,,,,,,,,,,,,,,,,,,,,,,,,,,,,,,,,,,,,,,,,,,,,,,,,,,,,,,,,,,,,,,,,,,,,,,
,,,,,,,,,,,6702-000-772,Moen 6702-000 Genta Single Handle Bathroom Sink Faucet Chrome 1.2 gpm 4in Item #772,,,,Moen Incorporated (MOEN),Moen Incorporated,MOEN®,,6702-000-772,,Plumbing>Faucets>Bathroom Sink Faucets,"MOEN® 6702-000-772 Bathroom Sink Faucets, 2, 1.2 gpm, Chrome",MOEN 6702-000-772 BATHROOM SINK FAUCETS,"MOEN® 6702-000-772 Bathroom Sink Faucets, 2, 1.2 gpm, Chrome","MOEN® 6702-000-772 Bathroom Sink Faucets, 2, 1.2 gpm, Chrome",,,,,,,,,,,,,,,,,,,,,,,,,,,,,Number of Faucet Handles,2,,Flow Rate,1.2,gpm,Finish/Color,Chrome,,,,,,,,,,,,,,,,,,,,,,,,,,,,,,,,,,,,,,,,,,,,,,,,,,,,,,,,,,,,,,,,,,,,,,,,,,,,,,,,,,,,,,,,,,,,,,,,,,,,,,,,,,,,,,,,,,,,,,,,,,,,,,,,,,,,,,,,,,,,,,,,,,30181702,,,,,,,,,,,,,,,,,,,,,,,,,,,,,,,,,,,,,,,,,,,
,,,,,,,,,,,559HA-DST-773,Delta 559HA-DST Trinsic Single Handle Bathroom Sink Faucet Matte Black 1.2 gpm Item #773,,,,Delta Faucet Company (DELTA),Delta Faucet Company,DELTA®,,559HA-DST-773,,Plumbing>Faucets>Bathroom Sink Faucets,"DELTA® 559HA-DST-773 Bathroom Sink Faucets, 2, 1.2 gpm, Matte Black",DELTA 559HA-DST-773 BATHROOM SINK FAUCET,"DELTA® 559HA-DST-773 Bathroom Sink Faucets, 2, 1.2 gpm, Matte Black","DELTA® 559HA-DST-773 Bathroom Sink Faucets, 2, 1.2 gpm, Matte Black",,,,,,,,,,,,,,,,,,,,,,,,,,,,,Number of Faucet Handles,2,,Flow Rate,1.2,gpm,Finish/Color,Matte Black,,,,,,,,,,,,,,,,,,,,,,,,,,,,,,,,,,,,,,,,,,,,,,,,,,,,,,,,,,,,,,,,,,,,,,,,,,,,,,,,,,,,,,,,,,,,,,,,,,,,,,,,,,,,,,,,,,,,,,,,,,,,,,,,,,,,,,,,,,,,,,,,,,30181702,,,,,,,,,,,,,,,,,,,,,,,,,,,,,,,,,,,,,,,,,,,
,,,,,,,,,,,K-596-VS-774,Kohler K-596-VS Simplice Pull-Down Kitchen Faucet Vibrant Stainless 1.5 gpm Item #774,,,,Kohler Co. (KOHLER),Kohler Co.,KOHLER®,,K-596-VS-774,,Plumbing>Faucets>Utility Faucets,KOHLER® K-596-VS-774 Utility Faucets,KOHLER K-596-VS-774 UTILITY FAUCETS,KOHLER® K-596-VS-774 Utility Faucets,KOHLER® K-596-VS-774 Utility Faucets,,,,,,,,,,,,,,,,,,,,,,,,,,,,,,,,,,,,,,,,,,,,,,,,,,,,,,,,,,,,,,,,,,,,,,,,,,,,,,,,,,,,,,,,,,,,,,,,,,,,,,,,,,,,,,,,,,,,,,,,,,,,,,,,,,,,,,,,,,,,,,,,,,,,,,,,,,,,,,,,,,,,,,,,,,,,,,,,,,,,,,30181706,,,,,,,,,,,,,,,,,,,,,,,,,,,,,,,,,,,,,,,,,,,
,,,,,,,,,,,607-1/2-775,Nibco 607 1/2 1/2 in Copper Wrot Pressure 90 Deg Elbow Item #775,,,,Nibco Inc (NIBCO),Nibco Inc,NIBCO®,,607-1/2-775,,"Plumbing>Pipe, Tube & Hose Fittings>Pipe Fittings","NIBCO® 607-1/2-775 Pipe Fittings, Elbow, 1/2 in, Press, Copper",NIBCO 607-1/2-775 PIPE FITTINGS,"NIBCO® 607-1/2-775 Pipe Fittings, Elbow, 1/2 in, Press, Copper","NIBCO® 607-1/2-775 Pipe Fittings, Elbow, 1/2 in, Press, Copper",,,,,,,,,,,,,,,,,,,,,,,,,,,,,Fitting Fitting/Connector Type,Elbow,,Pipe Size,1/2,in,Connection Type,Press,,Fitting Material,Copper,,,,,,,,,,,,,,,,,,,,,,,,,,,,,,,,,,,,,,,,,,,,,,,,,,,,,,,,,,,,,,,,,,,,,,,,,,,,,,,,,,,,,,,,,,,,,,,,,,,,,,,,,,,,,,,,,,,,,,,,,,,,,,,,,,,,,,,,,,,,,,,40172600,,,,,,,,,,,,,,,,,,,,,,,,,,,,,,,,,,,,,,,,,,,
,,,,,,,,,,,U008LF-776,SharkBite U008LF 1/2 in Push-to-Connect Brass Coupling Item #776,,,,SharkBite Plumbing Solutions (SHARK),SharkBite Plumbing Solutions,SHARKBITE®,,U008LF-776,,"Plumbing>Pipe, Tube & Hose Fittings>Pipe Fittings","SHARKBITE® U008LF-776 Pipe Fittings, Coupling, 1/2 in, Push-to-Connect, Brass",SHARKBITE U008LF-776 PIPE FITTINGS,"SHARKBITE® U008LF-776 Pipe Fittings, Coupling, 1/2 in, Push-to-Connect, Brass","SHARKBITE® U008LF-776 Pipe Fittings, Coupling, 1/2 in, Push-to-Connect, Brass",,,,,,,,,,,,,,,,,,,,,,,,,,,,,Fitting Fitting/Connector Type,Coupling,,Pipe Size,1/2,in,Connection Type,Push-to-Connect,,Fitting Material,Brass,,,,,,,,,,,,,,,,,,,,,,,,,,,,,,,,,,,,,,,,,,,,,,,,,,,,,,,,,,,,,,,,,,,,,,,,,,,,,,,,,,,,,,,,,,,,,,,,,,,,,,,,,,,,,,,,,,,,,,,,,,,,,,,,,,,,,,,,,,,,,,,40172600,,,,,,,,,,,,,,,,,,,,,,,,,,,,,,,,,,,,,,,,,,,
,,,,,,,,,,,NIP-050-CLOSE-777,Charlotte Pipe 1/2 in x Close Black Steel Nipple MNPT Item #777,,,,Charlotte Pipe and Foundry (CHARL),Charlotte Pipe and Foundry,CHARLOTTE PIPE®,,NIP-050-CLOSE-777,,"Plumbing>Pipe, Tube & Hose Fittings>Pipe Fittings","CHARLOTTE PIPE® NIP-050-CLOSE-777 Pipe Fittings, Tee, 1/2 in, MNPT",CHARLOTTE PIPE NIP-050-CLOSE-777 PIPE FI,"CHARLOTTE PIPE® NIP-050-CLOSE-777 Pipe Fittings, Tee, 1/2 in, MNPT","CHARLOTTE PIPE® NIP-050-CLOSE-777 Pipe Fittings, Tee, 1/2 in, MNPT",,,,,,,,,,,,,,,,,,,,,,,,,,,,,Fitting Fitting/Connector Type,Tee,,Pipe Size,1/2,in,Connection Type,MNPT,,,,,,,,,,,,,,,,,,,,,,,,,,,,,,,,,,,,,,,,,,,,,,,,,,,,,,,,,,,,,,,,,,,,,,,,,,,,,,,,,,,,,,,,,,,,,,,,,,,,,,,,,,,,,,,,,,,,,,,,,,,,,,,,,,,,,,,,,,,,,,,,,,40172600,,,,,,,,,,,,,,,,,,,,,,,,,,,,,,,,,,,,,,,,,,,
,,,,,,,,,,,PDSH4816AF-778,PDSH4816AF Dishwasher SS - Display Only Item #778,,,,Appliance Dealers Cooperative (APPDE),Appliance Dealers Cooperative,FRIGIDAIRE®,,PDSH4816AF-778,,unclassified / needs manual mapping,FRIGIDAIRE® PDSH4816AF-778 Product,FRIGIDAIRE PDSH4816AF-778 PRODUCT,FRIGIDAIRE® PDSH4816AF-778 Product,FRIGIDAIRE® PDSH4816AF-778 Product,,,,,,,,,,,,,,,,,,,,,,,,,,,,,,,,,,,,,,,,,,,,,,,,,,,,,,,,,,,,,,,,,,,,,,,,,,,,,,,,,,,,,,,,,,,,,,,,,,,,,,,,,,,,,,,,,,,,,,,,,,,,,,,,,,,,,,,,,,,,,,,,,,,,,,,,,,,,,,,,,,,,,,,,,,,,,,,,,,,,,,,,,,,,,,,,,,,,,,,,,,,,,,,,,,,,,,,,,,,,,,,,,
,,,,,,,,,,,WDTS7024RZ-779,WDTS7024RZ Dishwasher SS - Display Only Item #779,,,,Appliance Dealers Cooperative (APPDE),Appliance Dealers Cooperative,FRIGIDAIRE®,,WDTS7024RZ-779,,unclassified / needs manual mapping,FRIGIDAIRE® WDTS7024RZ-779 Product,FRIGIDAIRE WDTS7024RZ-779 PRODUCT,FRIGIDAIRE® WDTS7024RZ-779 Product,FRIGIDAIRE® WDTS7024RZ-779 Product,,,,,,,,,,,,,,,,,,,,,,,,,,,,,,,,,,,,,,,,,,,,,,,,,,,,,,,,,,,,,,,,,,,,,,,,,,,,,,,,,,,,,,,,,,,,,,,,,,,,,,,,,,,,,,,,,,,,,,,,,,,,,,,,,,,,,,,,,,,,,,,,,,,,,,,,,,,,,,,,,,,,,,,,,,,,,,,,,,,,,,,,,,,,,,,,,,,,,,,,,,,,,,,,,,,,,,,,,,,,,,,,,
,,,,,,,,,,,DCB205C-780,Dewalt 20V Max 5.0Ah Starter Kit Item #780,,,,Black & Decker (2585),Black & Decker,DEWALT®,,DCB205C-780,,unclassified / needs manual mapping,DEWALT® DCB205C-780 Product,DEWALT DCB205C-780 PRODUCT,DEWALT® DCB205C-780 Product,DEWALT® DCB205C-780 Product,,,,,,,,,,,,,,,,,,,,,,,,,,,,,,,,,,,,,,,,,,,,,,,,,,,,,,,,,,,,,,,,,,,,,,,,,,,,,,,,,,,,,,,,,,,,,,,,,,,,,,,,,,,,,,,,,,,,,,,,,,,,,,,,,,,,,,,,,,,,,,,,,,,,,,,,,,,,,,,,,,,,,,,,,,,,,,,,,,,,,,,,,,,,,,,,,,,,,,,,,,,,,,,,,,,,,,,,,,,,,,,,,
,,,,,,,,,,,DCB518ASTS06G-781,"DCB518ASTS06G Diablo 1/2""x18"" - Sanding Belt 6pc Item #781",,,,Freud Inc (2435),Freud Inc,DIABLO®,,DCB518ASTS06G-781,,unclassified / needs manual mapping,DIABLO® DCB518ASTS06G-781 Product,DIABLO DCB518ASTS06G-781 PRODUCT,DIABLO® DCB518ASTS06G-781 Product,DIABLO® DCB518ASTS06G-781 Product,,,,,,,,,,,,,,,,,,,,,,,,,,,,,,,,,,,,,,,,,,,,,,,,,,,,,,,,,,,,,,,,,,,,,,,,,,,,,,,,,,,,,,,,,,,,,,,,,,,,,,,,,,,,,,,,,,,,,,,,,,,,,,,,,,,,,,,,,,,,,,,,,,,,,,,,,,,,,,,,,,,,,,,,,,,,,,,,,,,,,,,,,,,,,,,,,,,,,,,,,,,,,,,,,,,,,,,,,,,,,,,,,
,,,,,,,,,,,6702-000-782,Moen 6702-000 Genta Single Handle Bathroom Sink Faucet Chrome 1.2 gpm 4in Item #782,,,,Moen Incorporated (MOEN),Moen Incorporated,MOEN®,,6702-000-782,,Plumbing>Faucets>Bathroom Sink Faucets,"MOEN® 6702-000-782 Bathroom Sink Faucets, 2, 1.2 gpm, Chrome",MOEN 6702-000-782 BATHROOM SINK FAUCETS,"MOEN® 6702-000-782 Bathroom Sink Faucets, 2, 1.2 gpm, Chrome","MOEN® 6702-000-782 Bathroom Sink Faucets, 2, 1.2 gpm, Chrome",,,,,,,,,,,,,,,,,,,,,,,,,,,,,Number of Faucet Handles,2,,Flow Rate,1.2,gpm,Finish/Color,Chrome,,,,,,,,,,,,,,,,,,,,,,,,,,,,,,,,,,,,,,,,,,,,,,,,,,,,,,,,,,,,,,,,,,,,,,,,,,,,,,,,,,,,,,,,,,,,,,,,,,,,,,,,,,,,,,,,,,,,,,,,,,,,,,,,,,,,,,,,,,,,,,,,,,30181702,,,,,,,,,,,,,,,,,,,,,,,,,,,,,,,,,,,,,,,,,,,
,,,,,,,,,,,559HA-DST-783,Delta 559HA-DST Trinsic Single Handle Bathroom Sink Faucet Matte Black 1.2 gpm Item #783,,,,Delta Faucet Company (DELTA),Delta Faucet Company,DELTA®,,559HA-DST-783,,Plumbing>Faucets>Bathroom Sink Faucets,"DELTA® 559HA-DST-783 Bathroom Sink Faucets, 2, 1.2 gpm, Matte Black",DELTA 559HA-DST-783 BATHROOM SINK FAUCET,"DELTA® 559HA-DST-783 Bathroom Sink Faucets, 2, 1.2 gpm, Matte Black","DELTA® 559HA-DST-783 Bathroom Sink Faucets, 2, 1.2 gpm, Matte Black",,,,,,,,,,,,,,,,,,,,,,,,,,,,,Number of Faucet Handles,2,,Flow Rate,1.2,gpm,Finish/Color,Matte Black,,,,,,,,,,,,,,,,,,,,,,,,,,,,,,,,,,,,,,,,,,,,,,,,,,,,,,,,,,,,,,,,,,,,,,,,,,,,,,,,,,,,,,,,,,,,,,,,,,,,,,,,,,,,,,,,,,,,,,,,,,,,,,,,,,,,,,,,,,,,,,,,,,30181702,,,,,,,,,,,,,,,,,,,,,,,,,,,,,,,,,,,,,,,,,,,
,,,,,,,,,,,K-596-VS-784,Kohler K-596-VS Simplice Pull-Down Kitchen Faucet Vibrant Stainless 1.5 gpm Item #784,,,,Kohler Co. (KOHLER),Kohler Co.,KOHLER®,,K-596-VS-784,,Plumbing>Faucets>Utility Faucets,KOHLER® K-596-VS-784 Utility Faucets,KOHLER K-596-VS-784 UTILITY FAUCETS,KOHLER® K-596-VS-784 Utility Faucets,KOHLER® K-596-VS-784 Utility Faucets,,,,,,,,,,,,,,,,,,,,,,,,,,,,,,,,,,,,,,,,,,,,,,,,,,,,,,,,,,,,,,,,,,,,,,,,,,,,,,,,,,,,,,,,,,,,,,,,,,,,,,,,,,,,,,,,,,,,,,,,,,,,,,,,,,,,,,,,,,,,,,,,,,,,,,,,,,,,,,,,,,,,,,,,,,,,,,,,,,,,,,30181706,,,,,,,,,,,,,,,,,,,,,,,,,,,,,,,,,,,,,,,,,,,
,,,,,,,,,,,607-1/2-785,Nibco 607 1/2 1/2 in Copper Wrot Pressure 90 Deg Elbow Item #785,,,,Nibco Inc (NIBCO),Nibco Inc,NIBCO®,,607-1/2-785,,"Plumbing>Pipe, Tube & Hose Fittings>Pipe Fittings","NIBCO® 607-1/2-785 Pipe Fittings, Elbow, 1/2 in, Press, Copper",NIBCO 607-1/2-785 PIPE FITTINGS,"NIBCO® 607-1/2-785 Pipe Fittings, Elbow, 1/2 in, Press, Copper","NIBCO® 607-1/2-785 Pipe Fittings, Elbow, 1/2 in, Press, Copper",,,,,,,,,,,,,,,,,,,,,,,,,,,,,Fitting Fitting/Connector Type,Elbow,,Pipe Size,1/2,in,Connection Type,Press,,Fitting Material,Copper,,,,,,,,,,,,,,,,,,,,,,,,,,,,,,,,,,,,,,,,,,,,,,,,,,,,,,,,,,,,,,,,,,,,,,,,,,,,,,,,,,,,,,,,,,,,,,,,,,,,,,,,,,,,,,,,,,,,,,,,,,,,,,,,,,,,,,,,,,,,,,,40172600,,,,,,,,,,,,,,,,,,,,,,,,,,,,,,,,,,,,,,,,,,,
,,,,,,,,,,,U008LF-786,SharkBite U008LF 1/2 in Push-to-Connect Brass Coupling Item #786,,,,SharkBite Plumbing Solutions (SHARK),SharkBite Plumbing Solutions,SHARKBITE®,,U008LF-786,,"Plumbing>Pipe, Tube & Hose Fittings>Pipe Fittings","SHARKBITE® U008LF-786 Pipe Fittings, Coupling, 1/2 in, Push-to-Connect, Brass",SHARKBITE U008LF-786 PIPE FITTINGS,"SHARKBITE® U008LF-786 Pipe Fittings, Coupling, 1/2 in, Push-to-Connect, Brass","SHARKBITE® U008LF-786 Pipe Fittings, Coupling, 1/2 in, Push-to-Connect, Brass",,,,,,,,,,,,,,,,,,,,,,,,,,,,,Fitting Fitting/Connector Type,Coupling,,Pipe Size,1/2,in,Connection Type,Push-to-Connect,,Fitting Material,Brass,,,,,,,,,,,,,,,,,,,,,,,,,,,,,,,,,,,,,,,,,,,,,,,,,,,,,,,,,,,,,,,,,,,,,,,,,,,,,,,,,,,,,,,,,,,,,,,,,,,,,,,,,,,,,,,,,,,,,,,,,,,,,,,,,,,,,,,,,,,,,,,40172600,,,,,,,,,,,,,,,,,,,,,,,,,,,,,,,,,,,,,,,,,,,
,,,,,,,,,,,NIP-050-CLOSE-787,Charlotte Pipe 1/2 in x Close Black Steel Nipple MNPT Item #787,,,,Charlotte Pipe and Foundry (CHARL),Charlotte Pipe and Foundry,CHARLOTTE PIPE®,,NIP-050-CLOSE-787,,"Plumbing>Pipe, Tube & Hose Fittings>Pipe Fittings","CHARLOTTE PIPE® NIP-050-CLOSE-787 Pipe Fittings, Tee, 1/2 in, MNPT",CHARLOTTE PIPE NIP-050-CLOSE-787 PIPE FI,"CHARLOTTE PIPE® NIP-050-CLOSE-787 Pipe Fittings, Tee, 1/2 in, MNPT","CHARLOTTE PIPE® NIP-050-CLOSE-787 Pipe Fittings, Tee, 1/2 in, MNPT",,,,,,,,,,,,,,,,,,,,,,,,,,,,,Fitting Fitting/Connector Type,Tee,,Pipe Size,1/2,in,Connection Type,MNPT,,,,,,,,,,,,,,,,,,,,,,,,,,,,,,,,,,,,,,,,,,,,,,,,,,,,,,,,,,,,,,,,,,,,,,,,,,,,,,,,,,,,,,,,,,,,,,,,,,,,,,,,,,,,,,,,,,,,,,,,,,,,,,,,,,,,,,,,,,,,,,,,,,40172600,,,,,,,,,,,,,,,,,,,,,,,,,,,,,,,,,,,,,,,,,,,
,,,,,,,,,,,PDSH4816AF-788,PDSH4816AF Dishwasher SS - Display Only Item #788,,,,Appliance Dealers Cooperative (APPDE),Appliance Dealers Cooperative,FRIGIDAIRE®,,PDSH4816AF-788,,unclassified / needs manual mapping,FRIGIDAIRE® PDSH4816AF-788 Product,FRIGIDAIRE PDSH4816AF-788 PRODUCT,FRIGIDAIRE® PDSH4816AF-788 Product,FRIGIDAIRE® PDSH4816AF-788 Product,,,,,,,,,,,,,,,,,,,,,,,,,,,,,,,,,,,,,,,,,,,,,,,,,,,,,,,,,,,,,,,,,,,,,,,,,,,,,,,,,,,,,,,,,,,,,,,,,,,,,,,,,,,,,,,,,,,,,,,,,,,,,,,,,,,,,,,,,,,,,,,,,,,,,,,,,,,,,,,,,,,,,,,,,,,,,,,,,,,,,,,,,,,,,,,,,,,,,,,,,,,,,,,,,,,,,,,,,,,,,,,,,
,,,,,,,,,,,WDTS7024RZ-789,WDTS7024RZ Dishwasher SS - Display Only Item #789,,,,Appliance Dealers Cooperative (APPDE),Appliance Dealers Cooperative,FRIGIDAIRE®,,WDTS7024RZ-789,,unclassified / needs manual mapping,FRIGIDAIRE® WDTS7024RZ-789 Product,FRIGIDAIRE WDTS7024RZ-789 PRODUCT,FRIGIDAIRE® WDTS7024RZ-789 Product,FRIGIDAIRE® WDTS7024RZ-789 Product,,,,,,,,,,,,,,,,,,,,,,,,,,,,,,,,,,,,,,,,,,,,,,,,,,,,,,,,,,,,,,,,,,,,,,,,,,,,,,,,,,,,,,,,,,,,,,,,,,,,,,,,,,,,,,,,,,,,,,,,,,,,,,,,,,,,,,,,,,,,,,,,,,,,,,,,,,,,,,,,,,,,,,,,,,,,,,,,,,,,,,,,,,,,,,,,,,,,,,,,,,,,,,,,,,,,,,,,,,,,,,,,,
,,,,,,,,,,,DCB205C-790,Dewalt 20V Max 5.0Ah Starter Kit Item #790,,,,Black & Decker (2585),Black & Decker,DEWALT®,,DCB205C-790,,unclassified / needs manual mapping,DEWALT® DCB205C-790 Product,DEWALT DCB205C-790 PRODUCT,DEWALT® DCB205C-790 Product,DEWALT® DCB205C-790 Product,,,,,,,,,,,,,,,,,,,,,,,,,,,,,,,,,,,,,,,,,,,,,,,,,,,,,,,,,,,,,,,,,,,,,,,,,,,,,,,,,,,,,,,,,,,,,,,,,,,,,,,,,,,,,,,,,,,,,,,,,,,,,,,,,,,,,,,,,,,,,,,,,,,,,,,,,,,,,,,,,,,,,,,,,,,,,,,,,,,,,,,,,,,,,,,,,,,,,,,,,,,,,,,,,,,,,,,,,,,,,,,,,
,,,,,,,,,,,DCB518ASTS06G-791,"DCB518ASTS06G Diablo 1/2""x18"" - Sanding Belt 6pc Item #791",,,,Freud Inc (2435),Freud Inc,DIABLO®,,DCB518ASTS06G-791,,unclassified / needs manual mapping,DIABLO® DCB518ASTS06G-791 Product,DIABLO DCB518ASTS06G-791 PRODUCT,DIABLO® DCB518ASTS06G-791 Product,DIABLO® DCB518ASTS06G-791 Product,,,,,,,,,,,,,,,,,,,,,,,,,,,,,,,,,,,,,,,,,,,,,,,,,,,,,,,,,,,,,,,,,,,,,,,,,,,,,,,,,,,,,,,,,,,,,,,,,,,,,,,,,,,,,,,,,,,,,,,,,,,,,,,,,,,,,,,,,,,,,,,,,,,,,,,,,,,,,,,,,,,,,,,,,,,,,,,,,,,,,,,,,,,,,,,,,,,,,,,,,,,,,,,,,,,,,,,,,,,,,,,,,
,,,,,,,,,,,6702-000-792,Moen 6702-000 Genta Single Handle Bathroom Sink Faucet Chrome 1.2 gpm 4in Item #792,,,,Moen Incorporated (MOEN),Moen Incorporated,MOEN®,,6702-000-792,,Plumbing>Faucets>Bathroom Sink Faucets,"MOEN® 6702-000-792 Bathroom Sink Faucets, 2, 1.2 gpm, Chrome",MOEN 6702-000-792 BATHROOM SINK FAUCETS,"MOEN® 6702-000-792 Bathroom Sink Faucets, 2, 1.2 gpm, Chrome","MOEN® 6702-000-792 Bathroom Sink Faucets, 2, 1.2 gpm, Chrome",,,,,,,,,,,,,,,,,,,,,,,,,,,,,Number of Faucet Handles,2,,Flow Rate,1.2,gpm,Finish/Color,Chrome,,,,,,,,,,,,,,,,,,,,,,,,,,,,,,,,,,,,,,,,,,,,,,,,,,,,,,,,,,,,,,,,,,,,,,,,,,,,,,,,,,,,,,,,,,,,,,,,,,,,,,,,,,,,,,,,,,,,,,,,,,,,,,,,,,,,,,,,,,,,,,,,,,30181702,,,,,,,,,,,,,,,,,,,,,,,,,,,,,,,,,,,,,,,,,,,
,,,,,,,,,,,559HA-DST-793,Delta 559HA-DST Trinsic Single Handle Bathroom Sink Faucet Matte Black 1.2 gpm Item #793,,,,Delta Faucet Company (DELTA),Delta Faucet Company,DELTA®,,559HA-DST-793,,Plumbing>Faucets>Bathroom Sink Faucets,"DELTA® 559HA-DST-793 Bathroom Sink Faucets, 2, 1.2 gpm, Matte Black",DELTA 559HA-DST-793 BATHROOM SINK FAUCET,"DELTA® 559HA-DST-793 Bathroom Sink Faucets, 2, 1.2 gpm, Matte Black","DELTA® 559HA-DST-793 Bathroom Sink Faucets, 2, 1.2 gpm, Matte Black",,,,,,,,,,,,,,,,,,,,,,,,,,,,,Number of Faucet Handles,2,,Flow Rate,1.2,gpm,Finish/Color,Matte Black,,,,,,,,,,,,,,,,,,,,,,,,,,,,,,,,,,,,,,,,,,,,,,,,,,,,,,,,,,,,,,,,,,,,,,,,,,,,,,,,,,,,,,,,,,,,,,,,,,,,,,,,,,,,,,,,,,,,,,,,,,,,,,,,,,,,,,,,,,,,,,,,,,30181702,,,,,,,,,,,,,,,,,,,,,,,,,,,,,,,,,,,,,,,,,,,
,,,,,,,,,,,K-596-VS-794,Kohler K-596-VS Simplice Pull-Down Kitchen Faucet Vibrant Stainless 1.5 gpm Item #794,,,,Kohler Co. (KOHLER),Kohler Co.,KOHLER®,,K-596-VS-794,,Plumbing>Faucets>Utility Faucets,KOHLER® K-596-VS-794 Utility Faucets,KOHLER K-596-VS-794 UTILITY FAUCETS,KOHLER® K-596-VS-794 Utility Faucets,KOHLER® K-596-VS-794 Utility Faucets,,,,,,,,,,,,,,,,,,,,,,,,,,,,,,,,,,,,,,,,,,,,,,,,,,,,,,,,,,,,,,,,,,,,,,,,,,,,,,,,,,,,,,,,,,,,,,,,,,,,,,,,,,,,,,,,,,,,,,,,,,,,,,,,,,,,,,,,,,,,,,,,,,,,,,,,,,,,,,,,,,,,,,,,,,,,,,,,,,,,,,30181706,,,,,,,,,,,,,,,,,,,,,,,,,,,,,,,,,,,,,,,,,,,
,,,,,,,,,,,607-1/2-795,Nibco 607 1/2 1/2 in Copper Wrot Pressure 90 Deg Elbow Item #795,,,,Nibco Inc (NIBCO),Nibco Inc,NIBCO®,,607-1/2-795,,"Plumbing>Pipe, Tube & Hose Fittings>Pipe Fittings","NIBCO® 607-1/2-795 Pipe Fittings, Elbow, 1/2 in, Press, Copper",NIBCO 607-1/2-795 PIPE FITTINGS,"NIBCO® 607-1/2-795 Pipe Fittings, Elbow, 1/2 in, Press, Copper","NIBCO® 607-1/2-795 Pipe Fittings, Elbow, 1/2 in, Press, Copper",,,,,,,,,,,,,,,,,,,,,,,,,,,,,Fitting Fitting/Connector Type,Elbow,,Pipe Size,1/2,in,Connection Type,Press,,Fitting Material,Copper,,,,,,,,,,,,,,,,,,,,,,,,,,,,,,,,,,,,,,,,,,,,,,,,,,,,,,,,,,,,,,,,,,,,,,,,,,,,,,,,,,,,,,,,,,,,,,,,,,,,,,,,,,,,,,,,,,,,,,,,,,,,,,,,,,,,,,,,,,,,,,,40172600,,,,,,,,,,,,,,,,,,,,,,,,,,,,,,,,,,,,,,,,,,,
,,,,,,,,,,,U008LF-796,SharkBite U008LF 1/2 in Push-to-Connect Brass Coupling Item #796,,,,SharkBite Plumbing Solutions (SHARK),SharkBite Plumbing Solutions,SHARKBITE®,,U008LF-796,,"Plumbing>Pipe, Tube & Hose Fittings>Pipe Fittings","SHARKBITE® U008LF-796 Pipe Fittings, Coupling, 1/2 in, Push-to-Connect, Brass",SHARKBITE U008LF-796 PIPE FITTINGS,"SHARKBITE® U008LF-796 Pipe Fittings, Coupling, 1/2 in, Push-to-Connect, Brass","SHARKBITE® U008LF-796 Pipe Fittings, Coupling, 1/2 in, Push-to-Connect, Brass",,,,,,,,,,,,,,,,,,,,,,,,,,,,,Fitting Fitting/Connector Type,Coupling,,Pipe Size,1/2,in,Connection Type,Push-to-Connect,,Fitting Material,Brass,,,,,,,,,,,,,,,,,,,,,,,,,,,,,,,,,,,,,,,,,,,,,,,,,,,,,,,,,,,,,,,,,,,,,,,,,,,,,,,,,,,,,,,,,,,,,,,,,,,,,,,,,,,,,,,,,,,,,,,,,,,,,,,,,,,,,,,,,,,,,,,40172600,,,,,,,,,,,,,,,,,,,,,,,,,,,,,,,,,,,,,,,,,,,
,,,,,,,,,,,NIP-050-CLOSE-797,Charlotte Pipe 1/2 in x Close Black Steel Nipple MNPT Item #797,,,,Charlotte Pipe and Foundry (CHARL),Charlotte Pipe and Foundry,CHARLOTTE PIPE®,,NIP-050-CLOSE-797,,"Plumbing>Pipe, Tube & Hose Fittings>Pipe Fittings","CHARLOTTE PIPE® NIP-050-CLOSE-797 Pipe Fittings, Tee, 1/2 in, MNPT",CHARLOTTE PIPE NIP-050-CLOSE-797 PIPE FI,"CHARLOTTE PIPE® NIP-050-CLOSE-797 Pipe Fittings, Tee, 1/2 in, MNPT","CHARLOTTE PIPE® NIP-050-CLOSE-797 Pipe Fittings, Tee, 1/2 in, MNPT",,,,,,,,,,,,,,,,,,,,,,,,,,,,,Fitting Fitting/Connector Type,Tee,,Pipe Size,1/2,in,Connection Type,MNPT,,,,,,,,,,,,,,,,,,,,,,,,,,,,,,,,,,,,,,,,,,,,,,,,,,,,,,,,,,,,,,,,,,,,,,,,,,,,,,,,,,,,,,,,,,,,,,,,,,,,,,,,,,,,,,,,,,,,,,,,,,,,,,,,,,,,,,,,,,,,,,,,,,40172600,,,,,,,,,,,,,,,,,,,,,,,,,,,,,,,,,,,,,,,,,,,
,,,,,,,,,,,PDSH4816AF-798,PDSH4816AF Dishwasher SS - Display Only Item #798,,,,Appliance Dealers Cooperative (APPDE),Appliance Dealers Cooperative,FRIGIDAIRE®,,PDSH4816AF-798,,unclassified / needs manual mapping,FRIGIDAIRE® PDSH4816AF-798 Product,FRIGIDAIRE PDSH4816AF-798 PRODUCT,FRIGIDAIRE® PDSH4816AF-798 Product,FRIGIDAIRE® PDSH4816AF-798 Product,,,,,,,,,,,,,,,,,,,,,,,,,,,,,,,,,,,,,,,,,,,,,,,,,,,,,,,,,,,,,,,,,,,,,,,,,,,,,,,,,,,,,,,,,,,,,,,,,,,,,,,,,,,,,,,,,,,,,,,,,,,,,,,,,,,,,,,,,,,,,,,,,,,,,,,,,,,,,,,,,,,,,,,,,,,,,,,,,,,,,,,,,,,,,,,,,,,,,,,,,,,,,,,,,,,,,,,,,,,,,,,,,
,,,,,,,,,,,WDTS7024RZ-799,WDTS7024RZ Dishwasher SS - Display Only Item #799,,,,Appliance Dealers Cooperative (APPDE),Appliance Dealers Cooperative,FRIGIDAIRE®,,WDTS7024RZ-799,,unclassified / needs manual mapping,FRIGIDAIRE® WDTS7024RZ-799 Product,FRIGIDAIRE WDTS7024RZ-799 PRODUCT,FRIGIDAIRE® WDTS7024RZ-799 Product,FRIGIDAIRE® WDTS7024RZ-799 Product,,,,,,,,,,,,,,,,,,,,,,,,,,,,,,,,,,,,,,,,,,,,,,,,,,,,,,,,,,,,,,,,,,,,,,,,,,,,,,,,,,,,,,,,,,,,,,,,,,,,,,,,,,,,,,,,,,,,,,,,,,,,,,,,,,,,,,,,,,,,,,,,,,,,,,,,,,,,,,,,,,,,,,,,,,,,,,,,,,,,,,,,,,,,,,,,,,,,,,,,,,,,,,,,,,,,,,,,,,,,,,,,,
,,,,,,,,,,,DCB205C-800,Dewalt 20V Max 5.0Ah Starter Kit Item #800,,,,Black & Decker (2585),Black & Decker,DEWALT®,,DCB205C-800,,unclassified / needs manual mapping,DEWALT® DCB205C-800 Product,DEWALT DCB205C-800 PRODUCT,DEWALT® DCB205C-800 Product,DEWALT® DCB205C-800 Product,,,,,,,,,,,,,,,,,,,,,,,,,,,,,,,,,,,,,,,,,,,,,,,,,,,,,,,,,,,,,,,,,,,,,,,,,,,,,,,,,,,,,,,,,,,,,,,,,,,,,,,,,,,,,,,,,,,,,,,,,,,,,,,,,,,,,,,,,,,,,,,,,,,,,,,,,,,,,,,,,,,,,,,,,,,,,,,,,,,,,,,,,,,,,,,,,,,,,,,,,,,,,,,,,,,,,,,,,,,,,,,,,
,,,,,,,,,,,DCB518ASTS06G-801,"DCB518ASTS06G Diablo 1/2""x18"" - Sanding Belt 6pc Item #801",,,,Freud Inc (2435),Freud Inc,DIABLO®,,DCB518ASTS06G-801,,unclassified / needs manual mapping,DIABLO® DCB518ASTS06G-801 Product,DIABLO DCB518ASTS06G-801 PRODUCT,DIABLO® DCB518ASTS06G-801 Product,DIABLO® DCB518ASTS06G-801 Product,,,,,,,,,,,,,,,,,,,,,,,,,,,,,,,,,,,,,,,,,,,,,,,,,,,,,,,,,,,,,,,,,,,,,,,,,,,,,,,,,,,,,,,,,,,,,,,,,,,,,,,,,,,,,,,,,,,,,,,,,,,,,,,,,,,,,,,,,,,,,,,,,,,,,,,,,,,,,,,,,,,,,,,,,,,,,,,,,,,,,,,,,,,,,,,,,,,,,,,,,,,,,,,,,,,,,,,,,,,,,,,,,
,,,,,,,,,,,6702-000-802,Moen 6702-000 Genta Single Handle Bathroom Sink Faucet Chrome 1.2 gpm 4in Item #802,,,,Moen Incorporated (MOEN),Moen Incorporated,MOEN®,,6702-000-802,,Plumbing>Faucets>Bathroom Sink Faucets,"MOEN® 6702-000-802 Bathroom Sink Faucets, 2, 1.2 gpm, Chrome",MOEN 6702-000-802 BATHROOM SINK FAUCETS,"MOEN® 6702-000-802 Bathroom Sink Faucets, 2, 1.2 gpm, Chrome","MOEN® 6702-000-802 Bathroom Sink Faucets, 2, 1.2 gpm, Chrome",,,,,,,,,,,,,,,,,,,,,,,,,,,,,Number of Faucet Handles,2,,Flow Rate,1.2,gpm,Finish/Color,Chrome,,,,,,,,,,,,,,,,,,,,,,,,,,,,,,,,,,,,,,,,,,,,,,,,,,,,,,,,,,,,,,,,,,,,,,,,,,,,,,,,,,,,,,,,,,,,,,,,,,,,,,,,,,,,,,,,,,,,,,,,,,,,,,,,,,,,,,,,,,,,,,,,,,30181702,,,,,,,,,,,,,,,,,,,,,,,,,,,,,,,,,,,,,,,,,,,
,,,,,,,,,,,559HA-DST-803,Delta 559HA-DST Trinsic Single Handle Bathroom Sink Faucet Matte Black 1.2 gpm Item #803,,,,Delta Faucet Company (DELTA),Delta Faucet Company,DELTA®,,559HA-DST-803,,Plumbing>Faucets>Bathroom Sink Faucets,"DELTA® 559HA-DST-803 Bathroom Sink Faucets, 2, 1.2 gpm, Matte Black",DELTA 559HA-DST-803 BATHROOM SINK FAUCET,"DELTA® 559HA-DST-803 Bathroom Sink Faucets, 2, 1.2 gpm, Matte Black","DELTA® 559HA-DST-803 Bathroom Sink Faucets, 2, 1.2 gpm, Matte Black",,,,,,,,,,,,,,,,,,,,,,,,,,,,,Number of Faucet Handles,2,,Flow Rate,1.2,gpm,Finish/Color,Matte Black,,,,,,,,,,,,,,,,,,,,,,,,,,,,,,,,,,,,,,,,,,,,,,,,,,,,,,,,,,,,,,,,,,,,,,,,,,,,,,,,,,,,,,,,,,,,,,,,,,,,,,,,,,,,,,,,,,,,,,,,,,,,,,,,,,,,,,,,,,,,,,,,,,30181702,,,,,,,,,,,,,,,,,,,,,,,,,,,,,,,,,,,,,,,,,,,
,,,,,,,,,,,K-596-VS-804,Kohler K-596-VS Simplice Pull-Down Kitchen Faucet Vibrant Stainless 1.5 gpm Item #804,,,,Kohler Co. (KOHLER),Kohler Co.,KOHLER®,,K-596-VS-804,,Plumbing>Faucets>Utility Faucets,KOHLER® K-596-VS-804 Utility Faucets,KOHLER K-596-VS-804 UTILITY FAUCETS,KOHLER® K-596-VS-804 Utility Faucets,KOHLER® K-596-VS-804 Utility Faucets,,,,,,,,,,,,,,,,,,,,,,,,,,,,,,,,,,,,,,,,,,,,,,,,,,,,,,,,,,,,,,,,,,,,,,,,,,,,,,,,,,,,,,,,,,,,,,,,,,,,,,,,,,,,,,,,,,,,,,,,,,,,,,,,,,,,,,,,,,,,,,,,,,,,,,,,,,,,,,,,,,,,,,,,,,,,,,,,,,,,,,30181706,,,,,,,,,,,,,,,,,,,,,,,,,,,,,,,,,,,,,,,,,,,
,,,,,,,,,,,607-1/2-805,Nibco 607 1/2 1/2 in Copper Wrot Pressure 90 Deg Elbow Item #805,,,,Nibco Inc (NIBCO),Nibco Inc,NIBCO®,,607-1/2-805,,"Plumbing>Pipe, Tube & Hose Fittings>Pipe Fittings","NIBCO® 607-1/2-805 Pipe Fittings, Elbow, 1/2 in, Press, Copper",NIBCO 607-1/2-805 PIPE FITTINGS,"NIBCO® 607-1/2-805 Pipe Fittings, Elbow, 1/2 in, Press, Copper","NIBCO® 607-1/2-805 Pipe Fittings, Elbow, 1/2 in, Press, Copper",,,,,,,,,,,,,,,,,,,,,,,,,,,,,Fitting Fitting/Connector Type,Elbow,,Pipe Size,1/2,in,Connection Type,Press,,Fitting Material,Copper,,,,,,,,,,,,,,,,,,,,,,,,,,,,,,,,,,,,,,,,,,,,,,,,,,,,,,,,,,,,,,,,,,,,,,,,,,,,,,,,,,,,,,,,,,,,,,,,,,,,,,,,,,,,,,,,,,,,,,,,,,,,,,,,,,,,,,,,,,,,,,,40172600,,,,,,,,,,,,,,,,,,,,,,,,,,,,,,,,,,,,,,,,,,,
,,,,,,,,,,,U008LF-806,SharkBite U008LF 1/2 in Push-to-Connect Brass Coupling Item #806,,,,SharkBite Plumbing Solutions (SHARK),SharkBite Plumbing Solutions,SHARKBITE®,,U008LF-806,,"Plumbing>Pipe, Tube & Hose Fittings>Pipe Fittings","SHARKBITE® U008LF-806 Pipe Fittings, Coupling, 1/2 in, Push-to-Connect, Brass",SHARKBITE U008LF-806 PIPE FITTINGS,"SHARKBITE® U008LF-806 Pipe Fittings, Coupling, 1/2 in, Push-to-Connect, Brass","SHARKBITE® U008LF-806 Pipe Fittings, Coupling, 1/2 in, Push-to-Connect, Brass",,,,,,,,,,,,,,,,,,,,,,,,,,,,,Fitting Fitting/Connector Type,Coupling,,Pipe Size,1/2,in,Connection Type,Push-to-Connect,,Fitting Material,Brass,,,,,,,,,,,,,,,,,,,,,,,,,,,,,,,,,,,,,,,,,,,,,,,,,,,,,,,,,,,,,,,,,,,,,,,,,,,,,,,,,,,,,,,,,,,,,,,,,,,,,,,,,,,,,,,,,,,,,,,,,,,,,,,,,,,,,,,,,,,,,,,40172600,,,,,,,,,,,,,,,,,,,,,,,,,,,,,,,,,,,,,,,,,,,
,,,,,,,,,,,NIP-050-CLOSE-807,Charlotte Pipe 1/2 in x Close Black Steel Nipple MNPT Item #807,,,,Charlotte Pipe and Foundry (CHARL),Charlotte Pipe and Foundry,CHARLOTTE PIPE®,,NIP-050-CLOSE-807,,"Plumbing>Pipe, Tube & Hose Fittings>Pipe Fittings","CHARLOTTE PIPE® NIP-050-CLOSE-807 Pipe Fittings, Tee, 1/2 in, MNPT",CHARLOTTE PIPE NIP-050-CLOSE-807 PIPE FI,"CHARLOTTE PIPE® NIP-050-CLOSE-807 Pipe Fittings, Tee, 1/2 in, MNPT","CHARLOTTE PIPE® NIP-050-CLOSE-807 Pipe Fittings, Tee, 1/2 in, MNPT",,,,,,,,,,,,,,,,,,,,,,,,,,,,,Fitting Fitting/Connector Type,Tee,,Pipe Size,1/2,in,Connection Type,MNPT,,,,,,,,,,,,,,,,,,,,,,,,,,,,,,,,,,,,,,,,,,,,,,,,,,,,,,,,,,,,,,,,,,,,,,,,,,,,,,,,,,,,,,,,,,,,,,,,,,,,,,,,,,,,,,,,,,,,,,,,,,,,,,,,,,,,,,,,,,,,,,,,,,40172600,,,,,,,,,,,,,,,,,,,,,,,,,,,,,,,,,,,,,,,,,,,
,,,,,,,,,,,PDSH4816AF-808,PDSH4816AF Dishwasher SS - Display Only Item #808,,,,Appliance Dealers Cooperative (APPDE),Appliance Dealers Cooperative,FRIGIDAIRE®,,PDSH4816AF-808,,unclassified / needs manual mapping,FRIGIDAIRE® PDSH4816AF-808 Product,FRIGIDAIRE PDSH4816AF-808 PRODUCT,FRIGIDAIRE® PDSH4816AF-808 Product,FRIGIDAIRE® PDSH4816AF-808 Product,,,,,,,,,,,,,,,,,,,,,,,,,,,,,,,,,,,,,,,,,,,,,,,,,,,,,,,,,,,,,,,,,,,,,,,,,,,,,,,,,,,,,,,,,,,,,,,,,,,,,,,,,,,,,,,,,,,,,,,,,,,,,,,,,,,,,,,,,,,,,,,,,,,,,,,,,,,,,,,,,,,,,,,,,,,,,,,,,,,,,,,,,,,,,,,,,,,,,,,,,,,,,,,,,,,,,,,,,,,,,,,,,
,,,,,,,,,,,WDTS7024RZ-809,WDTS7024RZ Dishwasher SS - Display Only Item #809,,,,Appliance Dealers Cooperative (APPDE),Appliance Dealers Cooperative,FRIGIDAIRE®,,WDTS7024RZ-809,,unclassified / needs manual mapping,FRIGIDAIRE® WDTS7024RZ-809 Product,FRIGIDAIRE WDTS7024RZ-809 PRODUCT,FRIGIDAIRE® WDTS7024RZ-809 Product,FRIGIDAIRE® WDTS7024RZ-809 Product,,,,,,,,,,,,,,,,,,,,,,,,,,,,,,,,,,,,,,,,,,,,,,,,,,,,,,,,,,,,,,,,,,,,,,,,,,,,,,,,,,,,,,,,,,,,,,,,,,,,,,,,,,,,,,,,,,,,,,,,,,,,,,,,,,,,,,,,,,,,,,,,,,,,,,,,,,,,,,,,,,,,,,,,,,,,,,,,,,,,,,,,,,,,,,,,,,,,,,,,,,,,,,,,,,,,,,,,,,,,,,,,,
,,,,,,,,,,,DCB205C-810,Dewalt 20V Max 5.0Ah Starter Kit Item #810,,,,Black & Decker (2585),Black & Decker,DEWALT®,,DCB205C-810,,unclassified / needs manual mapping,DEWALT® DCB205C-810 Product,DEWALT DCB205C-810 PRODUCT,DEWALT® DCB205C-810 Product,DEWALT® DCB205C-810 Product,,,,,,,,,,,,,,,,,,,,,,,,,,,,,,,,,,,,,,,,,,,,,,,,,,,,,,,,,,,,,,,,,,,,,,,,,,,,,,,,,,,,,,,,,,,,,,,,,,,,,,,,,,,,,,,,,,,,,,,,,,,,,,,,,,,,,,,,,,,,,,,,,,,,,,,,,,,,,,,,,,,,,,,,,,,,,,,,,,,,,,,,,,,,,,,,,,,,,,,,,,,,,,,,,,,,,,,,,,,,,,,,,
,,,,,,,,,,,DCB518ASTS06G-811,"DCB518ASTS06G Diablo 1/2""x18"" - Sanding Belt 6pc Item #811",,,,Freud Inc (2435),Freud Inc,DIABLO®,,DCB518ASTS06G-811,,unclassified / needs manual mapping,DIABLO® DCB518ASTS06G-811 Product,DIABLO DCB518ASTS06G-811 PRODUCT,DIABLO® DCB518ASTS06G-811 Product,DIABLO® DCB518ASTS06G-811 Product,,,,,,,,,,,,,,,,,,,,,,,,,,,,,,,,,,,,,,,,,,,,,,,,,,,,,,,,,,,,,,,,,,,,,,,,,,,,,,,,,,,,,,,,,,,,,,,,,,,,,,,,,,,,,,,,,,,,,,,,,,,,,,,,,,,,,,,,,,,,,,,,,,,,,,,,,,,,,,,,,,,,,,,,,,,,,,,,,,,,,,,,,,,,,,,,,,,,,,,,,,,,,,,,,,,,,,,,,,,,,,,,,
,,,,,,,,,,,6702-000-812,Moen 6702-000 Genta Single Handle Bathroom Sink Faucet Chrome 1.2 gpm 4in Item #812,,,,Moen Incorporated (MOEN),Moen Incorporated,MOEN®,,6702-000-812,,Plumbing>Faucets>Bathroom Sink Faucets,"MOEN® 6702-000-812 Bathroom Sink Faucets, 2, 1.2 gpm, Chrome",MOEN 6702-000-812 BATHROOM SINK FAUCETS,"MOEN® 6702-000-812 Bathroom Sink Faucets, 2, 1.2 gpm, Chrome","MOEN® 6702-000-812 Bathroom Sink Faucets, 2, 1.2 gpm, Chrome",,,,,,,,,,,,,,,,,,,,,,,,,,,,,Number of Faucet Handles,2,,Flow Rate,1.2,gpm,Finish/Color,Chrome,,,,,,,,,,,,,,,,,,,,,,,,,,,,,,,,,,,,,,,,,,,,,,,,,,,,,,,,,,,,,,,,,,,,,,,,,,,,,,,,,,,,,,,,,,,,,,,,,,,,,,,,,,,,,,,,,,,,,,,,,,,,,,,,,,,,,,,,,,,,,,,,,,30181702,,,,,,,,,,,,,,,,,,,,,,,,,,,,,,,,,,,,,,,,,,,
,,,,,,,,,,,559HA-DST-813,Delta 559HA-DST Trinsic Single Handle Bathroom Sink Faucet Matte Black 1.2 gpm Item #813,,,,Delta Faucet Company (DELTA),Delta Faucet Company,DELTA®,,559HA-DST-813,,Plumbing>Faucets>Bathroom Sink Faucets,"DELTA® 559HA-DST-813 Bathroom Sink Faucets, 2, 1.2 gpm, Matte Black",DELTA 559HA-DST-813 BATHROOM SINK FAUCET,"DELTA® 559HA-DST-813 Bathroom Sink Faucets, 2, 1.2 gpm, Matte Black","DELTA® 559HA-DST-813 Bathroom Sink Faucets, 2, 1.2 gpm, Matte Black",,,,,,,,,,,,,,,,,,,,,,,,,,,,,Number of Faucet Handles,2,,Flow Rate,1.2,gpm,Finish/Color,Matte Black,,,,,,,,,,,,,,,,,,,,,,,,,,,,,,,,,,,,,,,,,,,,,,,,,,,,,,,,,,,,,,,,,,,,,,,,,,,,,,,,,,,,,,,,,,,,,,,,,,,,,,,,,,,,,,,,,,,,,,,,,,,,,,,,,,,,,,,,,,,,,,,,,,30181702,,,,,,,,,,,,,,,,,,,,,,,,,,,,,,,,,,,,,,,,,,,
,,,,,,,,,,,K-596-VS-814,Kohler K-596-VS Simplice Pull-Down Kitchen Faucet Vibrant Stainless 1.5 gpm Item #814,,,,Kohler Co. (KOHLER),Kohler Co.,KOHLER®,,K-596-VS-814,,Plumbing>Faucets>Utility Faucets,KOHLER® K-596-VS-814 Utility Faucets,KOHLER K-596-VS-814 UTILITY FAUCETS,KOHLER® K-596-VS-814 Utility Faucets,KOHLER® K-596-VS-814 Utility Faucets,,,,,,,,,,,,,,,,,,,,,,,,,,,,,,,,,,,,,,,,,,,,,,,,,,,,,,,,,,,,,,,,,,,,,,,,,,,,,,,,,,,,,,,,,,,,,,,,,,,,,,,,,,,,,,,,,,,,,,,,,,,,,,,,,,,,,,,,,,,,,,,,,,,,,,,,,,,,,,,,,,,,,,,,,,,,,,,,,,,,,,30181706,,,,,,,,,,,,,,,,,,,,,,,,,,,,,,,,,,,,,,,,,,,
,,,,,,,,,,,607-1/2-815,Nibco 607 1/2 1/2 in Copper Wrot Pressure 90 Deg Elbow Item #815,,,,Nibco Inc (NIBCO),Nibco Inc,NIBCO®,,607-1/2-815,,"Plumbing>Pipe, Tube & Hose Fittings>Pipe Fittings","NIBCO® 607-1/2-815 Pipe Fittings, Elbow, 1/2 in, Press, Copper",NIBCO 607-1/2-815 PIPE FITTINGS,"NIBCO® 607-1/2-815 Pipe Fittings, Elbow, 1/2 in, Press, Copper","NIBCO® 607-1/2-815 Pipe Fittings, Elbow, 1/2 in, Press, Copper",,,,,,,,,,,,,,,,,,,,,,,,,,,,,Fitting Fitting/Connector Type,Elbow,,Pipe Size,1/2,in,Connection Type,Press,,Fitting Material,Copper,,,,,,,,,,,,,,,,,,,,,,,,,,,,,,,,,,,,,,,,,,,,,,,,,,,,,,,,,,,,,,,,,,,,,,,,,,,,,,,,,,,,,,,,,,,,,,,,,,,,,,,,,,,,,,,,,,,,,,,,,,,,,,,,,,,,,,,,,,,,,,,40172600,,,,,,,,,,,,,,,,,,,,,,,,,,,,,,,,,,,,,,,,,,,
,,,,,,,,,,,U008LF-816,SharkBite U008LF 1/2 in Push-to-Connect Brass Coupling Item #816,,,,SharkBite Plumbing Solutions (SHARK),SharkBite Plumbing Solutions,SHARKBITE®,,U008LF-816,,"Plumbing>Pipe, Tube & Hose Fittings>Pipe Fittings","SHARKBITE® U008LF-816 Pipe Fittings, Coupling, 1/2 in, Push-to-Connect, Brass",SHARKBITE U008LF-816 PIPE FITTINGS,"SHARKBITE® U008LF-816 Pipe Fittings, Coupling, 1/2 in, Push-to-Connect, Brass","SHARKBITE® U008LF-816 Pipe Fittings, Coupling, 1/2 in, Push-to-Connect, Brass",,,,,,,,,,,,,,,,,,,,,,,,,,,,,Fitting Fitting/Connector Type,Coupling,,Pipe Size,1/2,in,Connection Type,Push-to-Connect,,Fitting Material,Brass,,,,,,,,,,,,,,,,,,,,,,,,,,,,,,,,,,,,,,,,,,,,,,,,,,,,,,,,,,,,,,,,,,,,,,,,,,,,,,,,,,,,,,,,,,,,,,,,,,,,,,,,,,,,,,,,,,,,,,,,,,,,,,,,,,,,,,,,,,,,,,,40172600,,,,,,,,,,,,,,,,,,,,,,,,,,,,,,,,,,,,,,,,,,,
,,,,,,,,,,,NIP-050-CLOSE-817,Charlotte Pipe 1/2 in x Close Black Steel Nipple MNPT Item #817,,,,Charlotte Pipe and Foundry (CHARL),Charlotte Pipe and Foundry,CHARLOTTE PIPE®,,NIP-050-CLOSE-817,,"Plumbing>Pipe, Tube & Hose Fittings>Pipe Fittings","CHARLOTTE PIPE® NIP-050-CLOSE-817 Pipe Fittings, Tee, 1/2 in, MNPT",CHARLOTTE PIPE NIP-050-CLOSE-817 PIPE FI,"CHARLOTTE PIPE® NIP-050-CLOSE-817 Pipe Fittings, Tee, 1/2 in, MNPT","CHARLOTTE PIPE® NIP-050-CLOSE-817 Pipe Fittings, Tee, 1/2 in, MNPT",,,,,,,,,,,,,,,,,,,,,,,,,,,,,Fitting Fitting/Connector Type,Tee,,Pipe Size,1/2,in,Connection Type,MNPT,,,,,,,,,,,,,,,,,,,,,,,,,,,,,,,,,,,,,,,,,,,,,,,,,,,,,,,,,,,,,,,,,,,,,,,,,,,,,,,,,,,,,,,,,,,,,,,,,,,,,,,,,,,,,,,,,,,,,,,,,,,,,,,,,,,,,,,,,,,,,,,,,,40172600,,,,,,,,,,,,,,,,,,,,,,,,,,,,,,,,,,,,,,,,,,,
,,,,,,,,,,,PDSH4816AF-818,PDSH4816AF Dishwasher SS - Display Only Item #818,,,,Appliance Dealers Cooperative (APPDE),Appliance Dealers Cooperative,FRIGIDAIRE®,,PDSH4816AF-818,,unclassified / needs manual mapping,FRIGIDAIRE® PDSH4816AF-818 Product,FRIGIDAIRE PDSH4816AF-818 PRODUCT,FRIGIDAIRE® PDSH4816AF-818 Product,FRIGIDAIRE® PDSH4816AF-818 Product,,,,,,,,,,,,,,,,,,,,,,,,,,,,,,,,,,,,,,,,,,,,,,,,,,,,,,,,,,,,,,,,,,,,,,,,,,,,,,,,,,,,,,,,,,,,,,,,,,,,,,,,,,,,,,,,,,,,,,,,,,,,,,,,,,,,,,,,,,,,,,,,,,,,,,,,,,,,,,,,,,,,,,,,,,,,,,,,,,,,,,,,,,,,,,,,,,,,,,,,,,,,,,,,,,,,,,,,,,,,,,,,,
,,,,,,,,,,,WDTS7024RZ-819,WDTS7024RZ Dishwasher SS - Display Only Item #819,,,,Appliance Dealers Cooperative (APPDE),Appliance Dealers Cooperative,FRIGIDAIRE®,,WDTS7024RZ-819,,unclassified / needs manual mapping,FRIGIDAIRE® WDTS7024RZ-819 Product,FRIGIDAIRE WDTS7024RZ-819 PRODUCT,FRIGIDAIRE® WDTS7024RZ-819 Product,FRIGIDAIRE® WDTS7024RZ-819 Product,,,,,,,,,,,,,,,,,,,,,,,,,,,,,,,,,,,,,,,,,,,,,,,,,,,,,,,,,,,,,,,,,,,,,,,,,,,,,,,,,,,,,,,,,,,,,,,,,,,,,,,,,,,,,,,,,,,,,,,,,,,,,,,,,,,,,,,,,,,,,,,,,,,,,,,,,,,,,,,,,,,,,,,,,,,,,,,,,,,,,,,,,,,,,,,,,,,,,,,,,,,,,,,,,,,,,,,,,,,,,,,,,
,,,,,,,,,,,DCB205C-820,Dewalt 20V Max 5.0Ah Starter Kit Item #820,,,,Black & Decker (2585),Black & Decker,DEWALT®,,DCB205C-820,,unclassified / needs manual mapping,DEWALT® DCB205C-820 Product,DEWALT DCB205C-820 PRODUCT,DEWALT® DCB205C-820 Product,DEWALT® DCB205C-820 Product,,,,,,,,,,,,,,,,,,,,,,,,,,,,,,,,,,,,,,,,,,,,,,,,,,,,,,,,,,,,,,,,,,,,,,,,,,,,,,,,,,,,,,,,,,,,,,,,,,,,,,,,,,,,,,,,,,,,,,,,,,,,,,,,,,,,,,,,,,,,,,,,,,,,,,,,,,,,,,,,,,,,,,,,,,,,,,,,,,,,,,,,,,,,,,,,,,,,,,,,,,,,,,,,,,,,,,,,,,,,,,,,,
,,,,,,,,,,,DCB518ASTS06G-821,"DCB518ASTS06G Diablo 1/2""x18"" - Sanding Belt 6pc Item #821",,,,Freud Inc (2435),Freud Inc,DIABLO®,,DCB518ASTS06G-821,,unclassified / needs manual mapping,DIABLO® DCB518ASTS06G-821 Product,DIABLO DCB518ASTS06G-821 PRODUCT,DIABLO® DCB518ASTS06G-821 Product,DIABLO® DCB518ASTS06G-821 Product,,,,,,,,,,,,,,,,,,,,,,,,,,,,,,,,,,,,,,,,,,,,,,,,,,,,,,,,,,,,,,,,,,,,,,,,,,,,,,,,,,,,,,,,,,,,,,,,,,,,,,,,,,,,,,,,,,,,,,,,,,,,,,,,,,,,,,,,,,,,,,,,,,,,,,,,,,,,,,,,,,,,,,,,,,,,,,,,,,,,,,,,,,,,,,,,,,,,,,,,,,,,,,,,,,,,,,,,,,,,,,,,,
,,,,,,,,,,,6702-000-822,Moen 6702-000 Genta Single Handle Bathroom Sink Faucet Chrome 1.2 gpm 4in Item #822,,,,Moen Incorporated (MOEN),Moen Incorporated,MOEN®,,6702-000-822,,Plumbing>Faucets>Bathroom Sink Faucets,"MOEN® 6702-000-822 Bathroom Sink Faucets, 2, 1.2 gpm, Chrome",MOEN 6702-000-822 BATHROOM SINK FAUCETS,"MOEN® 6702-000-822 Bathroom Sink Faucets, 2, 1.2 gpm, Chrome","MOEN® 6702-000-822 Bathroom Sink Faucets, 2, 1.2 gpm, Chrome",,,,,,,,,,,,,,,,,,,,,,,,,,,,,Number of Faucet Handles,2,,Flow Rate,1.2,gpm,Finish/Color,Chrome,,,,,,,,,,,,,,,,,,,,,,,,,,,,,,,,,,,,,,,,,,,,,,,,,,,,,,,,,,,,,,,,,,,,,,,,,,,,,,,,,,,,,,,,,,,,,,,,,,,,,,,,,,,,,,,,,,,,,,,,,,,,,,,,,,,,,,,,,,,,,,,,,,30181702,,,,,,,,,,,,,,,,,,,,,,,,,,,,,,,,,,,,,,,,,,,
,,,,,,,,,,,559HA-DST-823,Delta 559HA-DST Trinsic Single Handle Bathroom Sink Faucet Matte Black 1.2 gpm Item #823,,,,Delta Faucet Company (DELTA),Delta Faucet Company,DELTA®,,559HA-DST-823,,Plumbing>Faucets>Bathroom Sink Faucets,"DELTA® 559HA-DST-823 Bathroom Sink Faucets, 2, 1.2 gpm, Matte Black",DELTA 559HA-DST-823 BATHROOM SINK FAUCET,"DELTA® 559HA-DST-823 Bathroom Sink Faucets, 2, 1.2 gpm, Matte Black","DELTA® 559HA-DST-823 Bathroom Sink Faucets, 2, 1.2 gpm, Matte Black",,,,,,,,,,,,,,,,,,,,,,,,,,,,,Number of Faucet Handles,2,,Flow Rate,1.2,gpm,Finish/Color,Matte Black,,,,,,,,,,,,,,,,,,,,,,,,,,,,,,,,,,,,,,,,,,,,,,,,,,,,,,,,,,,,,,,,,,,,,,,,,,,,,,,,,,,,,,,,,,,,,,,,,,,,,,,,,,,,,,,,,,,,,,,,,,,,,,,,,,,,,,,,,,,,,,,,,,30181702,,,,,,,,,,,,,,,,,,,,,,,,,,,,,,,,,,,,,,,,,,,
,,,,,,,,,,,K-596-VS-824,Kohler K-596-VS Simplice Pull-Down Kitchen Faucet Vibrant Stainless 1.5 gpm Item #824,,,,Kohler Co. (KOHLER),Kohler Co.,KOHLER®,,K-596-VS-824,,Plumbing>Faucets>Utility Faucets,KOHLER® K-596-VS-824 Utility Faucets,KOHLER K-596-VS-824 UTILITY FAUCETS,KOHLER® K-596-VS-824 Utility Faucets,KOHLER® K-596-VS-824 Utility Faucets,,,,,,,,,,,,,,,,,,,,,,,,,,,,,,,,,,,,,,,,,,,,,,,,,,,,,,,,,,,,,,,,,,,,,,,,,,,,,,,,,,,,,,,,,,,,,,,,,,,,,,,,,,,,,,,,,,,,,,,,,,,,,,,,,,,,,,,,,,,,,,,,,,,,,,,,,,,,,,,,,,,,,,,,,,,,,,,,,,,,,,30181706,,,,,,,,,,,,,,,,,,,,,,,,,,,,,,,,,,,,,,,,,,,
,,,,,,,,,,,607-1/2-825,Nibco 607 1/2 1/2 in Copper Wrot Pressure 90 Deg Elbow Item #825,,,,Nibco Inc (NIBCO),Nibco Inc,NIBCO®,,607-1/2-825,,"Plumbing>Pipe, Tube & Hose Fittings>Pipe Fittings","NIBCO® 607-1/2-825 Pipe Fittings, Elbow, 1/2 in, Press, Copper",NIBCO 607-1/2-825 PIPE FITTINGS,"NIBCO® 607-1/2-825 Pipe Fittings, Elbow, 1/2 in, Press, Copper","NIBCO® 607-1/2-825 Pipe Fittings, Elbow, 1/2 in, Press, Copper",,,,,,,,,,,,,,,,,,,,,,,,,,,,,Fitting Fitting/Connector Type,Elbow,,Pipe Size,1/2,in,Connection Type,Press,,Fitting Material,Copper,,,,,,,,,,,,,,,,,,,,,,,,,,,,,,,,,,,,,,,,,,,,,,,,,,,,,,,,,,,,,,,,,,,,,,,,,,,,,,,,,,,,,,,,,,,,,,,,,,,,,,,,,,,,,,,,,,,,,,,,,,,,,,,,,,,,,,,,,,,,,,,40172600,,,,,,,,,,,,,,,,,,,,,,,,,,,,,,,,,,,,,,,,,,,
,,,,,,,,,,,U008LF-826,SharkBite U008LF 1/2 in Push-to-Connect Brass Coupling Item #826,,,,SharkBite Plumbing Solutions (SHARK),SharkBite Plumbing Solutions,SHARKBITE®,,U008LF-826,,"Plumbing>Pipe, Tube & Hose Fittings>Pipe Fittings","SHARKBITE® U008LF-826 Pipe Fittings, Coupling, 1/2 in, Push-to-Connect, Brass",SHARKBITE U008LF-826 PIPE FITTINGS,"SHARKBITE® U008LF-826 Pipe Fittings, Coupling, 1/2 in, Push-to-Connect, Brass","SHARKBITE® U008LF-826 Pipe Fittings, Coupling, 1/2 in, Push-to-Connect, Brass",,,,,,,,,,,,,,,,,,,,,,,,,,,,,Fitting Fitting/Connector Type,Coupling,,Pipe Size,1/2,in,Connection Type,Push-to-Connect,,Fitting Material,Brass,,,,,,,,,,,,,,,,,,,,,,,,,,,,,,,,,,,,,,,,,,,,,,,,,,,,,,,,,,,,,,,,,,,,,,,,,,,,,,,,,,,,,,,,,,,,,,,,,,,,,,,,,,,,,,,,,,,,,,,,,,,,,,,,,,,,,,,,,,,,,,,40172600,,,,,,,,,,,,,,,,,,,,,,,,,,,,,,,,,,,,,,,,,,,
,,,,,,,,,,,NIP-050-CLOSE-827,Charlotte Pipe 1/2 in x Close Black Steel Nipple MNPT Item #827,,,,Charlotte Pipe and Foundry (CHARL),Charlotte Pipe and Foundry,CHARLOTTE PIPE®,,NIP-050-CLOSE-827,,"Plumbing>Pipe, Tube & Hose Fittings>Pipe Fittings","CHARLOTTE PIPE® NIP-050-CLOSE-827 Pipe Fittings, Tee, 1/2 in, MNPT",CHARLOTTE PIPE NIP-050-CLOSE-827 PIPE FI,"CHARLOTTE PIPE® NIP-050-CLOSE-827 Pipe Fittings, Tee, 1/2 in, MNPT","CHARLOTTE PIPE® NIP-050-CLOSE-827 Pipe Fittings, Tee, 1/2 in, MNPT",,,,,,,,,,,,,,,,,,,,,,,,,,,,,Fitting Fitting/Connector Type,Tee,,Pipe Size,1/2,in,Connection Type,MNPT,,,,,,,,,,,,,,,,,,,,,,,,,,,,,,,,,,,,,,,,,,,,,,,,,,,,,,,,,,,,,,,,,,,,,,,,,,,,,,,,,,,,,,,,,,,,,,,,,,,,,,,,,,,,,,,,,,,,,,,,,,,,,,,,,,,,,,,,,,,,,,,,,,40172600,,,,,,,,,,,,,,,,,,,,,,,,,,,,,,,,,,,,,,,,,,,
,,,,,,,,,,,PDSH4816AF-828,PDSH4816AF Dishwasher SS - Display Only Item #828,,,,Appliance Dealers Cooperative (APPDE),Appliance Dealers Cooperative,FRIGIDAIRE®,,PDSH4816AF-828,,unclassified / needs manual mapping,FRIGIDAIRE® PDSH4816AF-828 Product,FRIGIDAIRE PDSH4816AF-828 PRODUCT,FRIGIDAIRE® PDSH4816AF-828 Product,FRIGIDAIRE® PDSH4816AF-828 Product,,,,,,,,,,,,,,,,,,,,,,,,,,,,,,,,,,,,,,,,,,,,,,,,,,,,,,,,,,,,,,,,,,,,,,,,,,,,,,,,,,,,,,,,,,,,,,,,,,,,,,,,,,,,,,,,,,,,,,,,,,,,,,,,,,,,,,,,,,,,,,,,,,,,,,,,,,,,,,,,,,,,,,,,,,,,,,,,,,,,,,,,,,,,,,,,,,,,,,,,,,,,,,,,,,,,,,,,,,,,,,,,,
,,,,,,,,,,,WDTS7024RZ-829,WDTS7024RZ Dishwasher SS - Display Only Item #829,,,,Appliance Dealers Cooperative (APPDE),Appliance Dealers Cooperative,FRIGIDAIRE®,,WDTS7024RZ-829,,unclassified / needs manual mapping,FRIGIDAIRE® WDTS7024RZ-829 Product,FRIGIDAIRE WDTS7024RZ-829 PRODUCT,FRIGIDAIRE® WDTS7024RZ-829 Product,FRIGIDAIRE® WDTS7024RZ-829 Product,,,,,,,,,,,,,,,,,,,,,,,,,,,,,,,,,,,,,,,,,,,,,,,,,,,,,,,,,,,,,,,,,,,,,,,,,,,,,,,,,,,,,,,,,,,,,,,,,,,,,,,,,,,,,,,,,,,,,,,,,,,,,,,,,,,,,,,,,,,,,,,,,,,,,,,,,,,,,,,,,,,,,,,,,,,,,,,,,,,,,,,,,,,,,,,,,,,,,,,,,,,,,,,,,,,,,,,,,,,,,,,,,
,,,,,,,,,,,DCB205C-830,Dewalt 20V Max 5.0Ah Starter Kit Item #830,,,,Black & Decker (2585),Black & Decker,DEWALT®,,DCB205C-830,,unclassified / needs manual mapping,DEWALT® DCB205C-830 Product,DEWALT DCB205C-830 PRODUCT,DEWALT® DCB205C-830 Product,DEWALT® DCB205C-830 Product,,,,,,,,,,,,,,,,,,,,,,,,,,,,,,,,,,,,,,,,,,,,,,,,,,,,,,,,,,,,,,,,,,,,,,,,,,,,,,,,,,,,,,,,,,,,,,,,,,,,,,,,,,,,,,,,,,,,,,,,,,,,,,,,,,,,,,,,,,,,,,,,,,,,,,,,,,,,,,,,,,,,,,,,,,,,,,,,,,,,,,,,,,,,,,,,,,,,,,,,,,,,,,,,,,,,,,,,,,,,,,,,,
,,,,,,,,,,,DCB518ASTS06G-831,"DCB518ASTS06G Diablo 1/2""x18"" - Sanding Belt 6pc Item #831",,,,Freud Inc (2435),Freud Inc,DIABLO®,,DCB518ASTS06G-831,,unclassified / needs manual mapping,DIABLO® DCB518ASTS06G-831 Product,DIABLO DCB518ASTS06G-831 PRODUCT,DIABLO® DCB518ASTS06G-831 Product,DIABLO® DCB518ASTS06G-831 Product,,,,,,,,,,,,,,,,,,,,,,,,,,,,,,,,,,,,,,,,,,,,,,,,,,,,,,,,,,,,,,,,,,,,,,,,,,,,,,,,,,,,,,,,,,,,,,,,,,,,,,,,,,,,,,,,,,,,,,,,,,,,,,,,,,,,,,,,,,,,,,,,,,,,,,,,,,,,,,,,,,,,,,,,,,,,,,,,,,,,,,,,,,,,,,,,,,,,,,,,,,,,,,,,,,,,,,,,,,,,,,,,,
,,,,,,,,,,,6702-000-832,Moen 6702-000 Genta Single Handle Bathroom Sink Faucet Chrome 1.2 gpm 4in Item #832,,,,Moen Incorporated (MOEN),Moen Incorporated,MOEN®,,6702-000-832,,Plumbing>Faucets>Bathroom Sink Faucets,"MOEN® 6702-000-832 Bathroom Sink Faucets, 2, 1.2 gpm, Chrome",MOEN 6702-000-832 BATHROOM SINK FAUCETS,"MOEN® 6702-000-832 Bathroom Sink Faucets, 2, 1.2 gpm, Chrome","MOEN® 6702-000-832 Bathroom Sink Faucets, 2, 1.2 gpm, Chrome",,,,,,,,,,,,,,,,,,,,,,,,,,,,,Number of Faucet Handles,2,,Flow Rate,1.2,gpm,Finish/Color,Chrome,,,,,,,,,,,,,,,,,,,,,,,,,,,,,,,,,,,,,,,,,,,,,,,,,,,,,,,,,,,,,,,,,,,,,,,,,,,,,,,,,,,,,,,,,,,,,,,,,,,,,,,,,,,,,,,,,,,,,,,,,,,,,,,,,,,,,,,,,,,,,,,,,,30181702,,,,,,,,,,,,,,,,,,,,,,,,,,,,,,,,,,,,,,,,,,,
,,,,,,,,,,,559HA-DST-833,Delta 559HA-DST Trinsic Single Handle Bathroom Sink Faucet Matte Black 1.2 gpm Item #833,,,,Delta Faucet Company (DELTA),Delta Faucet Company,DELTA®,,559HA-DST-833,,Plumbing>Faucets>Bathroom Sink Faucets,"DELTA® 559HA-DST-833 Bathroom Sink Faucets, 2, 1.2 gpm, Matte Black",DELTA 559HA-DST-833 BATHROOM SINK FAUCET,"DELTA® 559HA-DST-833 Bathroom Sink Faucets, 2, 1.2 gpm, Matte Black","DELTA® 559HA-DST-833 Bathroom Sink Faucets, 2, 1.2 gpm, Matte Black",,,,,,,,,,,,,,,,,,,,,,,,,,,,,Number of Faucet Handles,2,,Flow Rate,1.2,gpm,Finish/Color,Matte Black,,,,,,,,,,,,,,,,,,,,,,,,,,,,,,,,,,,,,,,,,,,,,,,,,,,,,,,,,,,,,,,,,,,,,,,,,,,,,,,,,,,,,,,,,,,,,,,,,,,,,,,,,,,,,,,,,,,,,,,,,,,,,,,,,,,,,,,,,,,,,,,,,,30181702,,,,,,,,,,,,,,,,,,,,,,,,,,,,,,,,,,,,,,,,,,,
,,,,,,,,,,,K-596-VS-834,Kohler K-596-VS Simplice Pull-Down Kitchen Faucet Vibrant Stainless 1.5 gpm Item #834,,,,Kohler Co. (KOHLER),Kohler Co.,KOHLER®,,K-596-VS-834,,Plumbing>Faucets>Utility Faucets,KOHLER® K-596-VS-834 Utility Faucets,KOHLER K-596-VS-834 UTILITY FAUCETS,KOHLER® K-596-VS-834 Utility Faucets,KOHLER® K-596-VS-834 Utility Faucets,,,,,,,,,,,,,,,,,,,,,,,,,,,,,,,,,,,,,,,,,,,,,,,,,,,,,,,,,,,,,,,,,,,,,,,,,,,,,,,,,,,,,,,,,,,,,,,,,,,,,,,,,,,,,,,,,,,,,,,,,,,,,,,,,,,,,,,,,,,,,,,,,,,,,,,,,,,,,,,,,,,,,,,,,,,,,,,,,,,,,,30181706,,,,,,,,,,,,,,,,,,,,,,,,,,,,,,,,,,,,,,,,,,,
,,,,,,,,,,,607-1/2-835,Nibco 607 1/2 1/2 in Copper Wrot Pressure 90 Deg Elbow Item #835,,,,Nibco Inc (NIBCO),Nibco Inc,NIBCO®,,607-1/2-835,,"Plumbing>Pipe, Tube & Hose Fittings>Pipe Fittings","NIBCO® 607-1/2-835 Pipe Fittings, Elbow, 1/2 in, Press, Copper",NIBCO 607-1/2-835 PIPE FITTINGS,"NIBCO® 607-1/2-835 Pipe Fittings, Elbow, 1/2 in, Press, Copper","NIBCO® 607-1/2-835 Pipe Fittings, Elbow, 1/2 in, Press, Copper",,,,,,,,,,,,,,,,,,,,,,,,,,,,,Fitting Fitting/Connector Type,Elbow,,Pipe Size,1/2,in,Connection Type,Press,,Fitting Material,Copper,,,,,,,,,,,,,,,,,,,,,,,,,,,,,,,,,,,,,,,,,,,,,,,,,,,,,,,,,,,,,,,,,,,,,,,,,,,,,,,,,,,,,,,,,,,,,,,,,,,,,,,,,,,,,,,,,,,,,,,,,,,,,,,,,,,,,,,,,,,,,,,40172600,,,,,,,,,,,,,,,,,,,,,,,,,,,,,,,,,,,,,,,,,,,
,,,,,,,,,,,U008LF-836,SharkBite U008LF 1/2 in Push-to-Connect Brass Coupling Item #836,,,,SharkBite Plumbing Solutions (SHARK),SharkBite Plumbing Solutions,SHARKBITE®,,U008LF-836,,"Plumbing>Pipe, Tube & Hose Fittings>Pipe Fittings","SHARKBITE® U008LF-836 Pipe Fittings, Coupling, 1/2 in, Push-to-Connect, Brass",SHARKBITE U008LF-836 PIPE FITTINGS,"SHARKBITE® U008LF-836 Pipe Fittings, Coupling, 1/2 in, Push-to-Connect, Brass","SHARKBITE® U008LF-836 Pipe Fittings, Coupling, 1/2 in, Push-to-Connect, Brass",,,,,,,,,,,,,,,,,,,,,,,,,,,,,Fitting Fitting/Connector Type,Coupling,,Pipe Size,1/2,in,Connection Type,Push-to-Connect,,Fitting Material,Brass,,,,,,,,,,,,,,,,,,,,,,,,,,,,,,,,,,,,,,,,,,,,,,,,,,,,,,,,,,,,,,,,,,,,,,,,,,,,,,,,,,,,,,,,,,,,,,,,,,,,,,,,,,,,,,,,,,,,,,,,,,,,,,,,,,,,,,,,,,,,,,,40172600,,,,,,,,,,,,,,,,,,,,,,,,,,,,,,,,,,,,,,,,,,,
,,,,,,,,,,,NIP-050-CLOSE-837,Charlotte Pipe 1/2 in x Close Black Steel Nipple MNPT Item #837,,,,Charlotte Pipe and Foundry (CHARL),Charlotte Pipe and Foundry,CHARLOTTE PIPE®,,NIP-050-CLOSE-837,,"Plumbing>Pipe, Tube & Hose Fittings>Pipe Fittings","CHARLOTTE PIPE® NIP-050-CLOSE-837 Pipe Fittings, Tee, 1/2 in, MNPT",CHARLOTTE PIPE NIP-050-CLOSE-837 PIPE FI,"CHARLOTTE PIPE® NIP-050-CLOSE-837 Pipe Fittings, Tee, 1/2 in, MNPT","CHARLOTTE PIPE® NIP-050-CLOSE-837 Pipe Fittings, Tee, 1/2 in, MNPT",,,,,,,,,,,,,,,,,,,,,,,,,,,,,Fitting Fitting/Connector Type,Tee,,Pipe Size,1/2,in,Connection Type,MNPT,,,,,,,,,,,,,,,,,,,,,,,,,,,,,,,,,,,,,,,,,,,,,,,,,,,,,,,,,,,,,,,,,,,,,,,,,,,,,,,,,,,,,,,,,,,,,,,,,,,,,,,,,,,,,,,,,,,,,,,,,,,,,,,,,,,,,,,,,,,,,,,,,,40172600,,,,,,,,,,,,,,,,,,,,,,,,,,,,,,,,,,,,,,,,,,,
,,,,,,,,,,,PDSH4816AF-838,PDSH4816AF Dishwasher SS - Display Only Item #838,,,,Appliance Dealers Cooperative (APPDE),Appliance Dealers Cooperative,FRIGIDAIRE®,,PDSH4816AF-838,,unclassified / needs manual mapping,FRIGIDAIRE® PDSH4816AF-838 Product,FRIGIDAIRE PDSH4816AF-838 PRODUCT,FRIGIDAIRE® PDSH4816AF-838 Product,FRIGIDAIRE® PDSH4816AF-838 Product,,,,,,,,,,,,,,,,,,,,,,,,,,,,,,,,,,,,,,,,,,,,,,,,,,,,,,,,,,,,,,,,,,,,,,,,,,,,,,,,,,,,,,,,,,,,,,,,,,,,,,,,,,,,,,,,,,,,,,,,,,,,,,,,,,,,,,,,,,,,,,,,,,,,,,,,,,,,,,,,,,,,,,,,,,,,,,,,,,,,,,,,,,,,,,,,,,,,,,,,,,,,,,,,,,,,,,,,,,,,,,,,,
,,,,,,,,,,,WDTS7024RZ-839,WDTS7024RZ Dishwasher SS - Display Only Item #839,,,,Appliance Dealers Cooperative (APPDE),Appliance Dealers Cooperative,FRIGIDAIRE®,,WDTS7024RZ-839,,unclassified / needs manual mapping,FRIGIDAIRE® WDTS7024RZ-839 Product,FRIGIDAIRE WDTS7024RZ-839 PRODUCT,FRIGIDAIRE® WDTS7024RZ-839 Product,FRIGIDAIRE® WDTS7024RZ-839 Product,,,,,,,,,,,,,,,,,,,,,,,,,,,,,,,,,,,,,,,,,,,,,,,,,,,,,,,,,,,,,,,,,,,,,,,,,,,,,,,,,,,,,,,,,,,,,,,,,,,,,,,,,,,,,,,,,,,,,,,,,,,,,,,,,,,,,,,,,,,,,,,,,,,,,,,,,,,,,,,,,,,,,,,,,,,,,,,,,,,,,,,,,,,,,,,,,,,,,,,,,,,,,,,,,,,,,,,,,,,,,,,,,
,,,,,,,,,,,DCB205C-840,Dewalt 20V Max 5.0Ah Starter Kit Item #840,,,,Black & Decker (2585),Black & Decker,DEWALT®,,DCB205C-840,,unclassified / needs manual mapping,DEWALT® DCB205C-840 Product,DEWALT DCB205C-840 PRODUCT,DEWALT® DCB205C-840 Product,DEWALT® DCB205C-840 Product,,,,,,,,,,,,,,,,,,,,,,,,,,,,,,,,,,,,,,,,,,,,,,,,,,,,,,,,,,,,,,,,,,,,,,,,,,,,,,,,,,,,,,,,,,,,,,,,,,,,,,,,,,,,,,,,,,,,,,,,,,,,,,,,,,,,,,,,,,,,,,,,,,,,,,,,,,,,,,,,,,,,,,,,,,,,,,,,,,,,,,,,,,,,,,,,,,,,,,,,,,,,,,,,,,,,,,,,,,,,,,,,,
,,,,,,,,,,,DCB518ASTS06G-841,"DCB518ASTS06G Diablo 1/2""x18"" - Sanding Belt 6pc Item #841",,,,Freud Inc (2435),Freud Inc,DIABLO®,,DCB518ASTS06G-841,,unclassified / needs manual mapping,DIABLO® DCB518ASTS06G-841 Product,DIABLO DCB518ASTS06G-841 PRODUCT,DIABLO® DCB518ASTS06G-841 Product,DIABLO® DCB518ASTS06G-841 Product,,,,,,,,,,,,,,,,,,,,,,,,,,,,,,,,,,,,,,,,,,,,,,,,,,,,,,,,,,,,,,,,,,,,,,,,,,,,,,,,,,,,,,,,,,,,,,,,,,,,,,,,,,,,,,,,,,,,,,,,,,,,,,,,,,,,,,,,,,,,,,,,,,,,,,,,,,,,,,,,,,,,,,,,,,,,,,,,,,,,,,,,,,,,,,,,,,,,,,,,,,,,,,,,,,,,,,,,,,,,,,,,,
,,,,,,,,,,,6702-000-842,Moen 6702-000 Genta Single Handle Bathroom Sink Faucet Chrome 1.2 gpm 4in Item #842,,,,Moen Incorporated (MOEN),Moen Incorporated,MOEN®,,6702-000-842,,Plumbing>Faucets>Bathroom Sink Faucets,"MOEN® 6702-000-842 Bathroom Sink Faucets, 2, 1.2 gpm, Chrome",MOEN 6702-000-842 BATHROOM SINK FAUCETS,"MOEN® 6702-000-842 Bathroom Sink Faucets, 2, 1.2 gpm, Chrome","MOEN® 6702-000-842 Bathroom Sink Faucets, 2, 1.2 gpm, Chrome",,,,,,,,,,,,,,,,,,,,,,,,,,,,,Number of Faucet Handles,2,,Flow Rate,1.2,gpm,Finish/Color,Chrome,,,,,,,,,,,,,,,,,,,,,,,,,,,,,,,,,,,,,,,,,,,,,,,,,,,,,,,,,,,,,,,,,,,,,,,,,,,,,,,,,,,,,,,,,,,,,,,,,,,,,,,,,,,,,,,,,,,,,,,,,,,,,,,,,,,,,,,,,,,,,,,,,,30181702,,,,,,,,,,,,,,,,,,,,,,,,,,,,,,,,,,,,,,,,,,,
,,,,,,,,,,,559HA-DST-843,Delta 559HA-DST Trinsic Single Handle Bathroom Sink Faucet Matte Black 1.2 gpm Item #843,,,,Delta Faucet Company (DELTA),Delta Faucet Company,DELTA®,,559HA-DST-843,,Plumbing>Faucets>Bathroom Sink Faucets,"DELTA® 559HA-DST-843 Bathroom Sink Faucets, 2, 1.2 gpm, Matte Black",DELTA 559HA-DST-843 BATHROOM SINK FAUCET,"DELTA® 559HA-DST-843 Bathroom Sink Faucets, 2, 1.2 gpm, Matte Black","DELTA® 559HA-DST-843 Bathroom Sink Faucets, 2, 1.2 gpm, Matte Black",,,,,,,,,,,,,,,,,,,,,,,,,,,,,Number of Faucet Handles,2,,Flow Rate,1.2,gpm,Finish/Color,Matte Black,,,,,,,,,,,,,,,,,,,,,,,,,,,,,,,,,,,,,,,,,,,,,,,,,,,,,,,,,,,,,,,,,,,,,,,,,,,,,,,,,,,,,,,,,,,,,,,,,,,,,,,,,,,,,,,,,,,,,,,,,,,,,,,,,,,,,,,,,,,,,,,,,,30181702,,,,,,,,,,,,,,,,,,,,,,,,,,,,,,,,,,,,,,,,,,,
,,,,,,,,,,,K-596-VS-844,Kohler K-596-VS Simplice Pull-Down Kitchen Faucet Vibrant Stainless 1.5 gpm Item #844,,,,Kohler Co. (KOHLER),Kohler Co.,KOHLER®,,K-596-VS-844,,Plumbing>Faucets>Utility Faucets,KOHLER® K-596-VS-844 Utility Faucets,KOHLER K-596-VS-844 UTILITY FAUCETS,KOHLER® K-596-VS-844 Utility Faucets,KOHLER® K-596-VS-844 Utility Faucets,,,,,,,,,,,,,,,,,,,,,,,,,,,,,,,,,,,,,,,,,,,,,,,,,,,,,,,,,,,,,,,,,,,,,,,,,,,,,,,,,,,,,,,,,,,,,,,,,,,,,,,,,,,,,,,,,,,,,,,,,,,,,,,,,,,,,,,,,,,,,,,,,,,,,,,,,,,,,,,,,,,,,,,,,,,,,,,,,,,,,,30181706,,,,,,,,,,,,,,,,,,,,,,,,,,,,,,,,,,,,,,,,,,,
,,,,,,,,,,,607-1/2-845,Nibco 607 1/2 1/2 in Copper Wrot Pressure 90 Deg Elbow Item #845,,,,Nibco Inc (NIBCO),Nibco Inc,NIBCO®,,607-1/2-845,,"Plumbing>Pipe, Tube & Hose Fittings>Pipe Fittings","NIBCO® 607-1/2-845 Pipe Fittings, Elbow, 1/2 in, Press, Copper",NIBCO 607-1/2-845 PIPE FITTINGS,"NIBCO® 607-1/2-845 Pipe Fittings, Elbow, 1/2 in, Press, Copper","NIBCO® 607-1/2-845 Pipe Fittings, Elbow, 1/2 in, Press, Copper",,,,,,,,,,,,,,,,,,,,,,,,,,,,,Fitting Fitting/Connector Type,Elbow,,Pipe Size,1/2,in,Connection Type,Press,,Fitting Material,Copper,,,,,,,,,,,,,,,,,,,,,,,,,,,,,,,,,,,,,,,,,,,,,,,,,,,,,,,,,,,,,,,,,,,,,,,,,,,,,,,,,,,,,,,,,,,,,,,,,,,,,,,,,,,,,,,,,,,,,,,,,,,,,,,,,,,,,,,,,,,,,,,40172600,,,,,,,,,,,,,,,,,,,,,,,,,,,,,,,,,,,,,,,,,,,
,,,,,,,,,,,U008LF-846,SharkBite U008LF 1/2 in Push-to-Connect Brass Coupling Item #846,,,,SharkBite Plumbing Solutions (SHARK),SharkBite Plumbing Solutions,SHARKBITE®,,U008LF-846,,"Plumbing>Pipe, Tube & Hose Fittings>Pipe Fittings","SHARKBITE® U008LF-846 Pipe Fittings, Coupling, 1/2 in, Push-to-Connect, Brass",SHARKBITE U008LF-846 PIPE FITTINGS,"SHARKBITE® U008LF-846 Pipe Fittings, Coupling, 1/2 in, Push-to-Connect, Brass","SHARKBITE® U008LF-846 Pipe Fittings, Coupling, 1/2 in, Push-to-Connect, Brass",,,,,,,,,,,,,,,,,,,,,,,,,,,,,Fitting Fitting/Connector Type,Coupling,,Pipe Size,1/2,in,Connection Type,Push-to-Connect,,Fitting Material,Brass,,,,,,,,,,,,,,,,,,,,,,,,,,,,,,,,,,,,,,,,,,,,,,,,,,,,,,,,,,,,,,,,,,,,,,,,,,,,,,,,,,,,,,,,,,,,,,,,,,,,,,,,,,,,,,,,,,,,,,,,,,,,,,,,,,,,,,,,,,,,,,,40172600,,,,,,,,,,,,,,,,,,,,,,,,,,,,,,,,,,,,,,,,,,,
,,,,,,,,,,,NIP-050-CLOSE-847,Charlotte Pipe 1/2 in x Close Black Steel Nipple MNPT Item #847,,,,Charlotte Pipe and Foundry (CHARL),Charlotte Pipe and Foundry,CHARLOTTE PIPE®,,NIP-050-CLOSE-847,,"Plumbing>Pipe, Tube & Hose Fittings>Pipe Fittings","CHARLOTTE PIPE® NIP-050-CLOSE-847 Pipe Fittings, Tee, 1/2 in, MNPT",CHARLOTTE PIPE NIP-050-CLOSE-847 PIPE FI,"CHARLOTTE PIPE® NIP-050-CLOSE-847 Pipe Fittings, Tee, 1/2 in, MNPT","CHARLOTTE PIPE® NIP-050-CLOSE-847 Pipe Fittings, Tee, 1/2 in, MNPT",,,,,,,,,,,,,,,,,,,,,,,,,,,,,Fitting Fitting/Connector Type,Tee,,Pipe Size,1/2,in,Connection Type,MNPT,,,,,,,,,,,,,,,,,,,,,,,,,,,,,,,,,,,,,,,,,,,,,,,,,,,,,,,,,,,,,,,,,,,,,,,,,,,,,,,,,,,,,,,,,,,,,,,,,,,,,,,,,,,,,,,,,,,,,,,,,,,,,,,,,,,,,,,,,,,,,,,,,,40172600,,,,,,,,,,,,,,,,,,,,,,,,,,,,,,,,,,,,,,,,,,,
,,,,,,,,,,,PDSH4816AF-848,PDSH4816AF Dishwasher SS - Display Only Item #848,,,,Appliance Dealers Cooperative (APPDE),Appliance Dealers Cooperative,FRIGIDAIRE®,,PDSH4816AF-848,,unclassified / needs manual mapping,FRIGIDAIRE® PDSH4816AF-848 Product,FRIGIDAIRE PDSH4816AF-848 PRODUCT,FRIGIDAIRE® PDSH4816AF-848 Product,FRIGIDAIRE® PDSH4816AF-848 Product,,,,,,,,,,,,,,,,,,,,,,,,,,,,,,,,,,,,,,,,,,,,,,,,,,,,,,,,,,,,,,,,,,,,,,,,,,,,,,,,,,,,,,,,,,,,,,,,,,,,,,,,,,,,,,,,,,,,,,,,,,,,,,,,,,,,,,,,,,,,,,,,,,,,,,,,,,,,,,,,,,,,,,,,,,,,,,,,,,,,,,,,,,,,,,,,,,,,,,,,,,,,,,,,,,,,,,,,,,,,,,,,,
,,,,,,,,,,,WDTS7024RZ-849,WDTS7024RZ Dishwasher SS - Display Only Item #849,,,,Appliance Dealers Cooperative (APPDE),Appliance Dealers Cooperative,FRIGIDAIRE®,,WDTS7024RZ-849,,unclassified / needs manual mapping,FRIGIDAIRE® WDTS7024RZ-849 Product,FRIGIDAIRE WDTS7024RZ-849 PRODUCT,FRIGIDAIRE® WDTS7024RZ-849 Product,FRIGIDAIRE® WDTS7024RZ-849 Product,,,,,,,,,,,,,,,,,,,,,,,,,,,,,,,,,,,,,,,,,,,,,,,,,,,,,,,,,,,,,,,,,,,,,,,,,,,,,,,,,,,,,,,,,,,,,,,,,,,,,,,,,,,,,,,,,,,,,,,,,,,,,,,,,,,,,,,,,,,,,,,,,,,,,,,,,,,,,,,,,,,,,,,,,,,,,,,,,,,,,,,,,,,,,,,,,,,,,,,,,,,,,,,,,,,,,,,,,,,,,,,,,
,,,,,,,,,,,DCB205C-850,Dewalt 20V Max 5.0Ah Starter Kit Item #850,,,,Black & Decker (2585),Black & Decker,DEWALT®,,DCB205C-850,,unclassified / needs manual mapping,DEWALT® DCB205C-850 Product,DEWALT DCB205C-850 PRODUCT,DEWALT® DCB205C-850 Product,DEWALT® DCB205C-850 Product,,,,,,,,,,,,,,,,,,,,,,,,,,,,,,,,,,,,,,,,,,,,,,,,,,,,,,,,,,,,,,,,,,,,,,,,,,,,,,,,,,,,,,,,,,,,,,,,,,,,,,,,,,,,,,,,,,,,,,,,,,,,,,,,,,,,,,,,,,,,,,,,,,,,,,,,,,,,,,,,,,,,,,,,,,,,,,,,,,,,,,,,,,,,,,,,,,,,,,,,,,,,,,,,,,,,,,,,,,,,,,,,,
,,,,,,,,,,,DCB518ASTS06G-851,"DCB518ASTS06G Diablo 1/2""x18"" - Sanding Belt 6pc Item #851",,,,Freud Inc (2435),Freud Inc,DIABLO®,,DCB518ASTS06G-851,,unclassified / needs manual mapping,DIABLO® DCB518ASTS06G-851 Product,DIABLO DCB518ASTS06G-851 PRODUCT,DIABLO® DCB518ASTS06G-851 Product,DIABLO® DCB518ASTS06G-851 Product,,,,,,,,,,,,,,,,,,,,,,,,,,,,,,,,,,,,,,,,,,,,,,,,,,,,,,,,,,,,,,,,,,,,,,,,,,,,,,,,,,,,,,,,,,,,,,,,,,,,,,,,,,,,,,,,,,,,,,,,,,,,,,,,,,,,,,,,,,,,,,,,,,,,,,,,,,,,,,,,,,,,,,,,,,,,,,,,,,,,,,,,,,,,,,,,,,,,,,,,,,,,,,,,,,,,,,,,,,,,,,,,,
,,,,,,,,,,,6702-000-852,Moen 6702-000 Genta Single Handle Bathroom Sink Faucet Chrome 1.2 gpm 4in Item #852,,,,Moen Incorporated (MOEN),Moen Incorporated,MOEN®,,6702-000-852,,Plumbing>Faucets>Bathroom Sink Faucets,"MOEN® 6702-000-852 Bathroom Sink Faucets, 2, 1.2 gpm, Chrome",MOEN 6702-000-852 BATHROOM SINK FAUCETS,"MOEN® 6702-000-852 Bathroom Sink Faucets, 2, 1.2 gpm, Chrome","MOEN® 6702-000-852 Bathroom Sink Faucets, 2, 1.2 gpm, Chrome",,,,,,,,,,,,,,,,,,,,,,,,,,,,,Number of Faucet Handles,2,,Flow Rate,1.2,gpm,Finish/Color,Chrome,,,,,,,,,,,,,,,,,,,,,,,,,,,,,,,,,,,,,,,,,,,,,,,,,,,,,,,,,,,,,,,,,,,,,,,,,,,,,,,,,,,,,,,,,,,,,,,,,,,,,,,,,,,,,,,,,,,,,,,,,,,,,,,,,,,,,,,,,,,,,,,,,,30181702,,,,,,,,,,,,,,,,,,,,,,,,,,,,,,,,,,,,,,,,,,,
,,,,,,,,,,,559HA-DST-853,Delta 559HA-DST Trinsic Single Handle Bathroom Sink Faucet Matte Black 1.2 gpm Item #853,,,,Delta Faucet Company (DELTA),Delta Faucet Company,DELTA®,,559HA-DST-853,,Plumbing>Faucets>Bathroom Sink Faucets,"DELTA® 559HA-DST-853 Bathroom Sink Faucets, 2, 1.2 gpm, Matte Black",DELTA 559HA-DST-853 BATHROOM SINK FAUCET,"DELTA® 559HA-DST-853 Bathroom Sink Faucets, 2, 1.2 gpm, Matte Black","DELTA® 559HA-DST-853 Bathroom Sink Faucets, 2, 1.2 gpm, Matte Black",,,,,,,,,,,,,,,,,,,,,,,,,,,,,Number of Faucet Handles,2,,Flow Rate,1.2,gpm,Finish/Color,Matte Black,,,,,,,,,,,,,,,,,,,,,,,,,,,,,,,,,,,,,,,,,,,,,,,,,,,,,,,,,,,,,,,,,,,,,,,,,,,,,,,,,,,,,,,,,,,,,,,,,,,,,,,,,,,,,,,,,,,,,,,,,,,,,,,,,,,,,,,,,,,,,,,,,,30181702,,,,,,,,,,,,,,,,,,,,,,,,,,,,,,,,,,,,,,,,,,,
,,,,,,,,,,,K-596-VS-854,Kohler K-596-VS Simplice Pull-Down Kitchen Faucet Vibrant Stainless 1.5 gpm Item #854,,,,Kohler Co. (KOHLER),Kohler Co.,KOHLER®,,K-596-VS-854,,Plumbing>Faucets>Utility Faucets,KOHLER® K-596-VS-854 Utility Faucets,KOHLER K-596-VS-854 UTILITY FAUCETS,KOHLER® K-596-VS-854 Utility Faucets,KOHLER® K-596-VS-854 Utility Faucets,,,,,,,,,,,,,,,,,,,,,,,,,,,,,,,,,,,,,,,,,,,,,,,,,,,,,,,,,,,,,,,,,,,,,,,,,,,,,,,,,,,,,,,,,,,,,,,,,,,,,,,,,,,,,,,,,,,,,,,,,,,,,,,,,,,,,,,,,,,,,,,,,,,,,,,,,,,,,,,,,,,,,,,,,,,,,,,,,,,,,,30181706,,,,,,,,,,,,,,,,,,,,,,,,,,,,,,,,,,,,,,,,,,,
,,,,,,,,,,,607-1/2-855,Nibco 607 1/2 1/2 in Copper Wrot Pressure 90 Deg Elbow Item #855,,,,Nibco Inc (NIBCO),Nibco Inc,NIBCO®,,607-1/2-855,,"Plumbing>Pipe, Tube & Hose Fittings>Pipe Fittings","NIBCO® 607-1/2-855 Pipe Fittings, Elbow, 1/2 in, Press, Copper",NIBCO 607-1/2-855 PIPE FITTINGS,"NIBCO® 607-1/2-855 Pipe Fittings, Elbow, 1/2 in, Press, Copper","NIBCO® 607-1/2-855 Pipe Fittings, Elbow, 1/2 in, Press, Copper",,,,,,,,,,,,,,,,,,,,,,,,,,,,,Fitting Fitting/Connector Type,Elbow,,Pipe Size,1/2,in,Connection Type,Press,,Fitting Material,Copper,,,,,,,,,,,,,,,,,,,,,,,,,,,,,,,,,,,,,,,,,,,,,,,,,,,,,,,,,,,,,,,,,,,,,,,,,,,,,,,,,,,,,,,,,,,,,,,,,,,,,,,,,,,,,,,,,,,,,,,,,,,,,,,,,,,,,,,,,,,,,,,40172600,,,,,,,,,,,,,,,,,,,,,,,,,,,,,,,,,,,,,,,,,,,
,,,,,,,,,,,U008LF-856,SharkBite U008LF 1/2 in Push-to-Connect Brass Coupling Item #856,,,,SharkBite Plumbing Solutions (SHARK),SharkBite Plumbing Solutions,SHARKBITE®,,U008LF-856,,"Plumbing>Pipe, Tube & Hose Fittings>Pipe Fittings","SHARKBITE® U008LF-856 Pipe Fittings, Coupling, 1/2 in, Push-to-Connect, Brass",SHARKBITE U008LF-856 PIPE FITTINGS,"SHARKBITE® U008LF-856 Pipe Fittings, Coupling, 1/2 in, Push-to-Connect, Brass","SHARKBITE® U008LF-856 Pipe Fittings, Coupling, 1/2 in, Push-to-Connect, Brass",,,,,,,,,,,,,,,,,,,,,,,,,,,,,Fitting Fitting/Connector Type,Coupling,,Pipe Size,1/2,in,Connection Type,Push-to-Connect,,Fitting Material,Brass,,,,,,,,,,,,,,,,,,,,,,,,,,,,,,,,,,,,,,,,,,,,,,,,,,,,,,,,,,,,,,,,,,,,,,,,,,,,,,,,,,,,,,,,,,,,,,,,,,,,,,,,,,,,,,,,,,,,,,,,,,,,,,,,,,,,,,,,,,,,,,,40172600,,,,,,,,,,,,,,,,,,,,,,,,,,,,,,,,,,,,,,,,,,,
,,,,,,,,,,,NIP-050-CLOSE-857,Charlotte Pipe 1/2 in x Close Black Steel Nipple MNPT Item #857,,,,Charlotte Pipe and Foundry (CHARL),Charlotte Pipe and Foundry,CHARLOTTE PIPE®,,NIP-050-CLOSE-857,,"Plumbing>Pipe, Tube & Hose Fittings>Pipe Fittings","CHARLOTTE PIPE® NIP-050-CLOSE-857 Pipe Fittings, Tee, 1/2 in, MNPT",CHARLOTTE PIPE NIP-050-CLOSE-857 PIPE FI,"CHARLOTTE PIPE® NIP-050-CLOSE-857 Pipe Fittings, Tee, 1/2 in, MNPT","CHARLOTTE PIPE® NIP-050-CLOSE-857 Pipe Fittings, Tee, 1/2 in, MNPT",,,,,,,,,,,,,,,,,,,,,,,,,,,,,Fitting Fitting/Connector Type,Tee,,Pipe Size,1/2,in,Connection Type,MNPT,,,,,,,,,,,,,,,,,,,,,,,,,,,,,,,,,,,,,,,,,,,,,,,,,,,,,,,,,,,,,,,,,,,,,,,,,,,,,,,,,,,,,,,,,,,,,,,,,,,,,,,,,,,,,,,,,,,,,,,,,,,,,,,,,,,,,,,,,,,,,,,,,,40172600,,,,,,,,,,,,,,,,,,,,,,,,,,,,,,,,,,,,,,,,,,,
,,,,,,,,,,,PDSH4816AF-858,PDSH4816AF Dishwasher SS - Display Only Item #858,,,,Appliance Dealers Cooperative (APPDE),Appliance Dealers Cooperative,FRIGIDAIRE®,,PDSH4816AF-858,,unclassified / needs manual mapping,FRIGIDAIRE® PDSH4816AF-858 Product,FRIGIDAIRE PDSH4816AF-858 PRODUCT,FRIGIDAIRE® PDSH4816AF-858 Product,FRIGIDAIRE® PDSH4816AF-858 Product,,,,,,,,,,,,,,,,,,,,,,,,,,,,,,,,,,,,,,,,,,,,,,,,,,,,,,,,,,,,,,,,,,,,,,,,,,,,,,,,,,,,,,,,,,,,,,,,,,,,,,,,,,,,,,,,,,,,,,,,,,,,,,,,,,,,,,,,,,,,,,,,,,,,,,,,,,,,,,,,,,,,,,,,,,,,,,,,,,,,,,,,,,,,,,,,,,,,,,,,,,,,,,,,,,,,,,,,,,,,,,,,,
,,,,,,,,,,,WDTS7024RZ-859,WDTS7024RZ Dishwasher SS - Display Only Item #859,,,,Appliance Dealers Cooperative (APPDE),Appliance Dealers Cooperative,FRIGIDAIRE®,,WDTS7024RZ-859,,unclassified / needs manual mapping,FRIGIDAIRE® WDTS7024RZ-859 Product,FRIGIDAIRE WDTS7024RZ-859 PRODUCT,FRIGIDAIRE® WDTS7024RZ-859 Product,FRIGIDAIRE® WDTS7024RZ-859 Product,,,,,,,,,,,,,,,,,,,,,,,,,,,,,,,,,,,,,,,,,,,,,,,,,,,,,,,,,,,,,,,,,,,,,,,,,,,,,,,,,,,,,,,,,,,,,,,,,,,,,,,,,,,,,,,,,,,,,,,,,,,,,,,,,,,,,,,,,,,,,,,,,,,,,,,,,,,,,,,,,,,,,,,,,,,,,,,,,,,,,,,,,,,,,,,,,,,,,,,,,,,,,,,,,,,,,,,,,,,,,,,,,
,,,,,,,,,,,DCB205C-860,Dewalt 20V Max 5.0Ah Starter Kit Item #860,,,,Black & Decker (2585),Black & Decker,DEWALT®,,DCB205C-860,,unclassified / needs manual mapping,DEWALT® DCB205C-860 Product,DEWALT DCB205C-860 PRODUCT,DEWALT® DCB205C-860 Product,DEWALT® DCB205C-860 Product,,,,,,,,,,,,,,,,,,,,,,,,,,,,,,,,,,,,,,,,,,,,,,,,,,,,,,,,,,,,,,,,,,,,,,,,,,,,,,,,,,,,,,,,,,,,,,,,,,,,,,,,,,,,,,,,,,,,,,,,,,,,,,,,,,,,,,,,,,,,,,,,,,,,,,,,,,,,,,,,,,,,,,,,,,,,,,,,,,,,,,,,,,,,,,,,,,,,,,,,,,,,,,,,,,,,,,,,,,,,,,,,,
,,,,,,,,,,,DCB518ASTS06G-861,"DCB518ASTS06G Diablo 1/2""x18"" - Sanding Belt 6pc Item #861",,,,Freud Inc (2435),Freud Inc,DIABLO®,,DCB518ASTS06G-861,,unclassified / needs manual mapping,DIABLO® DCB518ASTS06G-861 Product,DIABLO DCB518ASTS06G-861 PRODUCT,DIABLO® DCB518ASTS06G-861 Product,DIABLO® DCB518ASTS06G-861 Product,,,,,,,,,,,,,,,,,,,,,,,,,,,,,,,,,,,,,,,,,,,,,,,,,,,,,,,,,,,,,,,,,,,,,,,,,,,,,,,,,,,,,,,,,,,,,,,,,,,,,,,,,,,,,,,,,,,,,,,,,,,,,,,,,,,,,,,,,,,,,,,,,,,,,,,,,,,,,,,,,,,,,,,,,,,,,,,,,,,,,,,,,,,,,,,,,,,,,,,,,,,,,,,,,,,,,,,,,,,,,,,,,
,,,,,,,,,,,6702-000-862,Moen 6702-000 Genta Single Handle Bathroom Sink Faucet Chrome 1.2 gpm 4in Item #862,,,,Moen Incorporated (MOEN),Moen Incorporated,MOEN®,,6702-000-862,,Plumbing>Faucets>Bathroom Sink Faucets,"MOEN® 6702-000-862 Bathroom Sink Faucets, 2, 1.2 gpm, Chrome",MOEN 6702-000-862 BATHROOM SINK FAUCETS,"MOEN® 6702-000-862 Bathroom Sink Faucets, 2, 1.2 gpm, Chrome","MOEN® 6702-000-862 Bathroom Sink Faucets, 2, 1.2 gpm, Chrome",,,,,,,,,,,,,,,,,,,,,,,,,,,,,Number of Faucet Handles,2,,Flow Rate,1.2,gpm,Finish/Color,Chrome,,,,,,,,,,,,,,,,,,,,,,,,,,,,,,,,,,,,,,,,,,,,,,,,,,,,,,,,,,,,,,,,,,,,,,,,,,,,,,,,,,,,,,,,,,,,,,,,,,,,,,,,,,,,,,,,,,,,,,,,,,,,,,,,,,,,,,,,,,,,,,,,,,30181702,,,,,,,,,,,,,,,,,,,,,,,,,,,,,,,,,,,,,,,,,,,
,,,,,,,,,,,559HA-DST-863,Delta 559HA-DST Trinsic Single Handle Bathroom Sink Faucet Matte Black 1.2 gpm Item #863,,,,Delta Faucet Company (DELTA),Delta Faucet Company,DELTA®,,559HA-DST-863,,Plumbing>Faucets>Bathroom Sink Faucets,"DELTA® 559HA-DST-863 Bathroom Sink Faucets, 2, 1.2 gpm, Matte Black",DELTA 559HA-DST-863 BATHROOM SINK FAUCET,"DELTA® 559HA-DST-863 Bathroom Sink Faucets, 2, 1.2 gpm, Matte Black","DELTA® 559HA-DST-863 Bathroom Sink Faucets, 2, 1.2 gpm, Matte Black",,,,,,,,,,,,,,,,,,,,,,,,,,,,,Number of Faucet Handles,2,,Flow Rate,1.2,gpm,Finish/Color,Matte Black,,,,,,,,,,,,,,,,,,,,,,,,,,,,,,,,,,,,,,,,,,,,,,,,,,,,,,,,,,,,,,,,,,,,,,,,,,,,,,,,,,,,,,,,,,,,,,,,,,,,,,,,,,,,,,,,,,,,,,,,,,,,,,,,,,,,,,,,,,,,,,,,,,30181702,,,,,,,,,,,,,,,,,,,,,,,,,,,,,,,,,,,,,,,,,,,
,,,,,,,,,,,K-596-VS-864,Kohler K-596-VS Simplice Pull-Down Kitchen Faucet Vibrant Stainless 1.5 gpm Item #864,,,,Kohler Co. (KOHLER),Kohler Co.,KOHLER®,,K-596-VS-864,,Plumbing>Faucets>Utility Faucets,KOHLER® K-596-VS-864 Utility Faucets,KOHLER K-596-VS-864 UTILITY FAUCETS,KOHLER® K-596-VS-864 Utility Faucets,KOHLER® K-596-VS-864 Utility Faucets,,,,,,,,,,,,,,,,,,,,,,,,,,,,,,,,,,,,,,,,,,,,,,,,,,,,,,,,,,,,,,,,,,,,,,,,,,,,,,,,,,,,,,,,,,,,,,,,,,,,,,,,,,,,,,,,,,,,,,,,,,,,,,,,,,,,,,,,,,,,,,,,,,,,,,,,,,,,,,,,,,,,,,,,,,,,,,,,,,,,,,30181706,,,,,,,,,,,,,,,,,,,,,,,,,,,,,,,,,,,,,,,,,,,
,,,,,,,,,,,607-1/2-865,Nibco 607 1/2 1/2 in Copper Wrot Pressure 90 Deg Elbow Item #865,,,,Nibco Inc (NIBCO),Nibco Inc,NIBCO®,,607-1/2-865,,"Plumbing>Pipe, Tube & Hose Fittings>Pipe Fittings","NIBCO® 607-1/2-865 Pipe Fittings, Elbow, 1/2 in, Press, Copper",NIBCO 607-1/2-865 PIPE FITTINGS,"NIBCO® 607-1/2-865 Pipe Fittings, Elbow, 1/2 in, Press, Copper","NIBCO® 607-1/2-865 Pipe Fittings, Elbow, 1/2 in, Press, Copper",,,,,,,,,,,,,,,,,,,,,,,,,,,,,Fitting Fitting/Connector Type,Elbow,,Pipe Size,1/2,in,Connection Type,Press,,Fitting Material,Copper,,,,,,,,,,,,,,,,,,,,,,,,,,,,,,,,,,,,,,,,,,,,,,,,,,,,,,,,,,,,,,,,,,,,,,,,,,,,,,,,,,,,,,,,,,,,,,,,,,,,,,,,,,,,,,,,,,,,,,,,,,,,,,,,,,,,,,,,,,,,,,,40172600,,,,,,,,,,,,,,,,,,,,,,,,,,,,,,,,,,,,,,,,,,,
,,,,,,,,,,,U008LF-866,SharkBite U008LF 1/2 in Push-to-Connect Brass Coupling Item #866,,,,SharkBite Plumbing Solutions (SHARK),SharkBite Plumbing Solutions,SHARKBITE®,,U008LF-866,,"Plumbing>Pipe, Tube & Hose Fittings>Pipe Fittings","SHARKBITE® U008LF-866 Pipe Fittings, Coupling, 1/2 in, Push-to-Connect, Brass",SHARKBITE U008LF-866 PIPE FITTINGS,"SHARKBITE® U008LF-866 Pipe Fittings, Coupling, 1/2 in, Push-to-Connect, Brass","SHARKBITE® U008LF-866 Pipe Fittings, Coupling, 1/2 in, Push-to-Connect, Brass",,,,,,,,,,,,,,,,,,,,,,,,,,,,,Fitting Fitting/Connector Type,Coupling,,Pipe Size,1/2,in,Connection Type,Push-to-Connect,,Fitting Material,Brass,,,,,,,,,,,,,,,,,,,,,,,,,,,,,,,,,,,,,,,,,,,,,,,,,,,,,,,,,,,,,,,,,,,,,,,,,,,,,,,,,,,,,,,,,,,,,,,,,,,,,,,,,,,,,,,,,,,,,,,,,,,,,,,,,,,,,,,,,,,,,,,40172600,,,,,,,,,,,,,,,,,,,,,,,,,,,,,,,,,,,,,,,,,,,
,,,,,,,,,,,NIP-050-CLOSE-867,Charlotte Pipe 1/2 in x Close Black Steel Nipple MNPT Item #867,,,,Charlotte Pipe and Foundry (CHARL),Charlotte Pipe and Foundry,CHARLOTTE PIPE®,,NIP-050-CLOSE-867,,"Plumbing>Pipe, Tube & Hose Fittings>Pipe Fittings","CHARLOTTE PIPE® NIP-050-CLOSE-867 Pipe Fittings, Tee, 1/2 in, MNPT",CHARLOTTE PIPE NIP-050-CLOSE-867 PIPE FI,"CHARLOTTE PIPE® NIP-050-CLOSE-867 Pipe Fittings, Tee, 1/2 in, MNPT","CHARLOTTE PIPE® NIP-050-CLOSE-867 Pipe Fittings, Tee, 1/2 in, MNPT",,,,,,,,,,,,,,,,,,,,,,,,,,,,,Fitting Fitting/Connector Type,Tee,,Pipe Size,1/2,in,Connection Type,MNPT,,,,,,,,,,,,,,,,,,,,,,,,,,,,,,,,,,,,,,,,,,,,,,,,,,,,,,,,,,,,,,,,,,,,,,,,,,,,,,,,,,,,,,,,,,,,,,,,,,,,,,,,,,,,,,,,,,,,,,,,,,,,,,,,,,,,,,,,,,,,,,,,,,40172600,,,,,,,,,,,,,,,,,,,,,,,,,,,,,,,,,,,,,,,,,,,
,,,,,,,,,,,PDSH4816AF-868,PDSH4816AF Dishwasher SS - Display Only Item #868,,,,Appliance Dealers Cooperative (APPDE),Appliance Dealers Cooperative,FRIGIDAIRE®,,PDSH4816AF-868,,unclassified / needs manual mapping,FRIGIDAIRE® PDSH4816AF-868 Product,FRIGIDAIRE PDSH4816AF-868 PRODUCT,FRIGIDAIRE® PDSH4816AF-868 Product,FRIGIDAIRE® PDSH4816AF-868 Product,,,,,,,,,,,,,,,,,,,,,,,,,,,,,,,,,,,,,,,,,,,,,,,,,,,,,,,,,,,,,,,,,,,,,,,,,,,,,,,,,,,,,,,,,,,,,,,,,,,,,,,,,,,,,,,,,,,,,,,,,,,,,,,,,,,,,,,,,,,,,,,,,,,,,,,,,,,,,,,,,,,,,,,,,,,,,,,,,,,,,,,,,,,,,,,,,,,,,,,,,,,,,,,,,,,,,,,,,,,,,,,,,
,,,,,,,,,,,WDTS7024RZ-869,WDTS7024RZ Dishwasher SS - Display Only Item #869,,,,Appliance Dealers Cooperative (APPDE),Appliance Dealers Cooperative,FRIGIDAIRE®,,WDTS7024RZ-869,,unclassified / needs manual mapping,FRIGIDAIRE® WDTS7024RZ-869 Product,FRIGIDAIRE WDTS7024RZ-869 PRODUCT,FRIGIDAIRE® WDTS7024RZ-869 Product,FRIGIDAIRE® WDTS7024RZ-869 Product,,,,,,,,,,,,,,,,,,,,,,,,,,,,,,,,,,,,,,,,,,,,,,,,,,,,,,,,,,,,,,,,,,,,,,,,,,,,,,,,,,,,,,,,,,,,,,,,,,,,,,,,,,,,,,,,,,,,,,,,,,,,,,,,,,,,,,,,,,,,,,,,,,,,,,,,,,,,,,,,,,,,,,,,,,,,,,,,,,,,,,,,,,,,,,,,,,,,,,,,,,,,,,,,,,,,,,,,,,,,,,,,,
,,,,,,,,,,,DCB205C-870,Dewalt 20V Max 5.0Ah Starter Kit Item #870,,,,Black & Decker (2585),Black & Decker,DEWALT®,,DCB205C-870,,unclassified / needs manual mapping,DEWALT® DCB205C-870 Product,DEWALT DCB205C-870 PRODUCT,DEWALT® DCB205C-870 Product,DEWALT® DCB205C-870 Product,,,,,,,,,,,,,,,,,,,,,,,,,,,,,,,,,,,,,,,,,,,,,,,,,,,,,,,,,,,,,,,,,,,,,,,,,,,,,,,,,,,,,,,,,,,,,,,,,,,,,,,,,,,,,,,,,,,,,,,,,,,,,,,,,,,,,,,,,,,,,,,,,,,,,,,,,,,,,,,,,,,,,,,,,,,,,,,,,,,,,,,,,,,,,,,,,,,,,,,,,,,,,,,,,,,,,,,,,,,,,,,,,
,,,,,,,,,,,DCB518ASTS06G-871,"DCB518ASTS06G Diablo 1/2""x18"" - Sanding Belt 6pc Item #871",,,,Freud Inc (2435),Freud Inc,DIABLO®,,DCB518ASTS06G-871,,unclassified / needs manual mapping,DIABLO® DCB518ASTS06G-871 Product,DIABLO DCB518ASTS06G-871 PRODUCT,DIABLO® DCB518ASTS06G-871 Product,DIABLO® DCB518ASTS06G-871 Product,,,,,,,,,,,,,,,,,,,,,,,,,,,,,,,,,,,,,,,,,,,,,,,,,,,,,,,,,,,,,,,,,,,,,,,,,,,,,,,,,,,,,,,,,,,,,,,,,,,,,,,,,,,,,,,,,,,,,,,,,,,,,,,,,,,,,,,,,,,,,,,,,,,,,,,,,,,,,,,,,,,,,,,,,,,,,,,,,,,,,,,,,,,,,,,,,,,,,,,,,,,,,,,,,,,,,,,,,,,,,,,,,
,,,,,,,,,,,6702-000-872,Moen 6702-000 Genta Single Handle Bathroom Sink Faucet Chrome 1.2 gpm 4in Item #872,,,,Moen Incorporated (MOEN),Moen Incorporated,MOEN®,,6702-000-872,,Plumbing>Faucets>Bathroom Sink Faucets,"MOEN® 6702-000-872 Bathroom Sink Faucets, 2, 1.2 gpm, Chrome",MOEN 6702-000-872 BATHROOM SINK FAUCETS,"MOEN® 6702-000-872 Bathroom Sink Faucets, 2, 1.2 gpm, Chrome","MOEN® 6702-000-872 Bathroom Sink Faucets, 2, 1.2 gpm, Chrome",,,,,,,,,,,,,,,,,,,,,,,,,,,,,Number of Faucet Handles,2,,Flow Rate,1.2,gpm,Finish/Color,Chrome,,,,,,,,,,,,,,,,,,,,,,,,,,,,,,,,,,,,,,,,,,,,,,,,,,,,,,,,,,,,,,,,,,,,,,,,,,,,,,,,,,,,,,,,,,,,,,,,,,,,,,,,,,,,,,,,,,,,,,,,,,,,,,,,,,,,,,,,,,,,,,,,,,30181702,,,,,,,,,,,,,,,,,,,,,,,,,,,,,,,,,,,,,,,,,,,
,,,,,,,,,,,559HA-DST-873,Delta 559HA-DST Trinsic Single Handle Bathroom Sink Faucet Matte Black 1.2 gpm Item #873,,,,Delta Faucet Company (DELTA),Delta Faucet Company,DELTA®,,559HA-DST-873,,Plumbing>Faucets>Bathroom Sink Faucets,"DELTA® 559HA-DST-873 Bathroom Sink Faucets, 2, 1.2 gpm, Matte Black",DELTA 559HA-DST-873 BATHROOM SINK FAUCET,"DELTA® 559HA-DST-873 Bathroom Sink Faucets, 2, 1.2 gpm, Matte Black","DELTA® 559HA-DST-873 Bathroom Sink Faucets, 2, 1.2 gpm, Matte Black",,,,,,,,,,,,,,,,,,,,,,,,,,,,,Number of Faucet Handles,2,,Flow Rate,1.2,gpm,Finish/Color,Matte Black,,,,,,,,,,,,,,,,,,,,,,,,,,,,,,,,,,,,,,,,,,,,,,,,,,,,,,,,,,,,,,,,,,,,,,,,,,,,,,,,,,,,,,,,,,,,,,,,,,,,,,,,,,,,,,,,,,,,,,,,,,,,,,,,,,,,,,,,,,,,,,,,,,30181702,,,,,,,,,,,,,,,,,,,,,,,,,,,,,,,,,,,,,,,,,,,
,,,,,,,,,,,K-596-VS-874,Kohler K-596-VS Simplice Pull-Down Kitchen Faucet Vibrant Stainless 1.5 gpm Item #874,,,,Kohler Co. (KOHLER),Kohler Co.,KOHLER®,,K-596-VS-874,,Plumbing>Faucets>Utility Faucets,KOHLER® K-596-VS-874 Utility Faucets,KOHLER K-596-VS-874 UTILITY FAUCETS,KOHLER® K-596-VS-874 Utility Faucets,KOHLER® K-596-VS-874 Utility Faucets,,,,,,,,,,,,,,,,,,,,,,,,,,,,,,,,,,,,,,,,,,,,,,,,,,,,,,,,,,,,,,,,,,,,,,,,,,,,,,,,,,,,,,,,,,,,,,,,,,,,,,,,,,,,,,,,,,,,,,,,,,,,,,,,,,,,,,,,,,,,,,,,,,,,,,,,,,,,,,,,,,,,,,,,,,,,,,,,,,,,,,30181706,,,,,,,,,,,,,,,,,,,,,,,,,,,,,,,,,,,,,,,,,,,
,,,,,,,,,,,607-1/2-875,Nibco 607 1/2 1/2 in Copper Wrot Pressure 90 Deg Elbow Item #875,,,,Nibco Inc (NIBCO),Nibco Inc,NIBCO®,,607-1/2-875,,"Plumbing>Pipe, Tube & Hose Fittings>Pipe Fittings","NIBCO® 607-1/2-875 Pipe Fittings, Elbow, 1/2 in, Press, Copper",NIBCO 607-1/2-875 PIPE FITTINGS,"NIBCO® 607-1/2-875 Pipe Fittings, Elbow, 1/2 in, Press, Copper","NIBCO® 607-1/2-875 Pipe Fittings, Elbow, 1/2 in, Press, Copper",,,,,,,,,,,,,,,,,,,,,,,,,,,,,Fitting Fitting/Connector Type,Elbow,,Pipe Size,1/2,in,Connection Type,Press,,Fitting Material,Copper,,,,,,,,,,,,,,,,,,,,,,,,,,,,,,,,,,,,,,,,,,,,,,,,,,,,,,,,,,,,,,,,,,,,,,,,,,,,,,,,,,,,,,,,,,,,,,,,,,,,,,,,,,,,,,,,,,,,,,,,,,,,,,,,,,,,,,,,,,,,,,,40172600,,,,,,,,,,,,,,,,,,,,,,,,,,,,,,,,,,,,,,,,,,,
,,,,,,,,,,,U008LF-876,SharkBite U008LF 1/2 in Push-to-Connect Brass Coupling Item #876,,,,SharkBite Plumbing Solutions (SHARK),SharkBite Plumbing Solutions,SHARKBITE®,,U008LF-876,,"Plumbing>Pipe, Tube & Hose Fittings>Pipe Fittings","SHARKBITE® U008LF-876 Pipe Fittings, Coupling, 1/2 in, Push-to-Connect, Brass",SHARKBITE U008LF-876 PIPE FITTINGS,"SHARKBITE® U008LF-876 Pipe Fittings, Coupling, 1/2 in, Push-to-Connect, Brass","SHARKBITE® U008LF-876 Pipe Fittings, Coupling, 1/2 in, Push-to-Connect, Brass",,,,,,,,,,,,,,,,,,,,,,,,,,,,,Fitting Fitting/Connector Type,Coupling,,Pipe Size,1/2,in,Connection Type,Push-to-Connect,,Fitting Material,Brass,,,,,,,,,,,,,,,,,,,,,,,,,,,,,,,,,,,,,,,,,,,,,,,,,,,,,,,,,,,,,,,,,,,,,,,,,,,,,,,,,,,,,,,,,,,,,,,,,,,,,,,,,,,,,,,,,,,,,,,,,,,,,,,,,,,,,,,,,,,,,,,40172600,,,,,,,,,,,,,,,,,,,,,,,,,,,,,,,,,,,,,,,,,,,
,,,,,,,,,,,NIP-050-CLOSE-877,Charlotte Pipe 1/2 in x Close Black Steel Nipple MNPT Item #877,,,,Charlotte Pipe and Foundry (CHARL),Charlotte Pipe and Foundry,CHARLOTTE PIPE®,,NIP-050-CLOSE-877,,"Plumbing>Pipe, Tube & Hose Fittings>Pipe Fittings","CHARLOTTE PIPE® NIP-050-CLOSE-877 Pipe Fittings, Tee, 1/2 in, MNPT",CHARLOTTE PIPE NIP-050-CLOSE-877 PIPE FI,"CHARLOTTE PIPE® NIP-050-CLOSE-877 Pipe Fittings, Tee, 1/2 in, MNPT","CHARLOTTE PIPE® NIP-050-CLOSE-877 Pipe Fittings, Tee, 1/2 in, MNPT",,,,,,,,,,,,,,,,,,,,,,,,,,,,,Fitting Fitting/Connector Type,Tee,,Pipe Size,1/2,in,Connection Type,MNPT,,,,,,,,,,,,,,,,,,,,,,,,,,,,,,,,,,,,,,,,,,,,,,,,,,,,,,,,,,,,,,,,,,,,,,,,,,,,,,,,,,,,,,,,,,,,,,,,,,,,,,,,,,,,,,,,,,,,,,,,,,,,,,,,,,,,,,,,,,,,,,,,,,40172600,,,,,,,,,,,,,,,,,,,,,,,,,,,,,,,,,,,,,,,,,,,
,,,,,,,,,,,PDSH4816AF-878,PDSH4816AF Dishwasher SS - Display Only Item #878,,,,Appliance Dealers Cooperative (APPDE),Appliance Dealers Cooperative,FRIGIDAIRE®,,PDSH4816AF-878,,unclassified / needs manual mapping,FRIGIDAIRE® PDSH4816AF-878 Product,FRIGIDAIRE PDSH4816AF-878 PRODUCT,FRIGIDAIRE® PDSH4816AF-878 Product,FRIGIDAIRE® PDSH4816AF-878 Product,,,,,,,,,,,,,,,,,,,,,,,,,,,,,,,,,,,,,,,,,,,,,,,,,,,,,,,,,,,,,,,,,,,,,,,,,,,,,,,,,,,,,,,,,,,,,,,,,,,,,,,,,,,,,,,,,,,,,,,,,,,,,,,,,,,,,,,,,,,,,,,,,,,,,,,,,,,,,,,,,,,,,,,,,,,,,,,,,,,,,,,,,,,,,,,,,,,,,,,,,,,,,,,,,,,,,,,,,,,,,,,,,
,,,,,,,,,,,WDTS7024RZ-879,WDTS7024RZ Dishwasher SS - Display Only Item #879,,,,Appliance Dealers Cooperative (APPDE),Appliance Dealers Cooperative,FRIGIDAIRE®,,WDTS7024RZ-879,,unclassified / needs manual mapping,FRIGIDAIRE® WDTS7024RZ-879 Product,FRIGIDAIRE WDTS7024RZ-879 PRODUCT,FRIGIDAIRE® WDTS7024RZ-879 Product,FRIGIDAIRE® WDTS7024RZ-879 Product,,,,,,,,,,,,,,,,,,,,,,,,,,,,,,,,,,,,,,,,,,,,,,,,,,,,,,,,,,,,,,,,,,,,,,,,,,,,,,,,,,,,,,,,,,,,,,,,,,,,,,,,,,,,,,,,,,,,,,,,,,,,,,,,,,,,,,,,,,,,,,,,,,,,,,,,,,,,,,,,,,,,,,,,,,,,,,,,,,,,,,,,,,,,,,,,,,,,,,,,,,,,,,,,,,,,,,,,,,,,,,,,,
,,,,,,,,,,,DCB205C-880,Dewalt 20V Max 5.0Ah Starter Kit Item #880,,,,Black & Decker (2585),Black & Decker,DEWALT®,,DCB205C-880,,unclassified / needs manual mapping,DEWALT® DCB205C-880 Product,DEWALT DCB205C-880 PRODUCT,DEWALT® DCB205C-880 Product,DEWALT® DCB205C-880 Product,,,,,,,,,,,,,,,,,,,,,,,,,,,,,,,,,,,,,,,,,,,,,,,,,,,,,,,,,,,,,,,,,,,,,,,,,,,,,,,,,,,,,,,,,,,,,,,,,,,,,,,,,,,,,,,,,,,,,,,,,,,,,,,,,,,,,,,,,,,,,,,,,,,,,,,,,,,,,,,,,,,,,,,,,,,,,,,,,,,,,,,,,,,,,,,,,,,,,,,,,,,,,,,,,,,,,,,,,,,,,,,,,
,,,,,,,,,,,DCB518ASTS06G-881,"DCB518ASTS06G Diablo 1/2""x18"" - Sanding Belt 6pc Item #881",,,,Freud Inc (2435),Freud Inc,DIABLO®,,DCB518ASTS06G-881,,unclassified / needs manual mapping,DIABLO® DCB518ASTS06G-881 Product,DIABLO DCB518ASTS06G-881 PRODUCT,DIABLO® DCB518ASTS06G-881 Product,DIABLO® DCB518ASTS06G-881 Product,,,,,,,,,,,,,,,,,,,,,,,,,,,,,,,,,,,,,,,,,,,,,,,,,,,,,,,,,,,,,,,,,,,,,,,,,,,,,,,,,,,,,,,,,,,,,,,,,,,,,,,,,,,,,,,,,,,,,,,,,,,,,,,,,,,,,,,,,,,,,,,,,,,,,,,,,,,,,,,,,,,,,,,,,,,,,,,,,,,,,,,,,,,,,,,,,,,,,,,,,,,,,,,,,,,,,,,,,,,,,,,,,
,,,,,,,,,,,6702-000-882,Moen 6702-000 Genta Single Handle Bathroom Sink Faucet Chrome 1.2 gpm 4in Item #882,,,,Moen Incorporated (MOEN),Moen Incorporated,MOEN®,,6702-000-882,,Plumbing>Faucets>Bathroom Sink Faucets,"MOEN® 6702-000-882 Bathroom Sink Faucets, 2, 1.2 gpm, Chrome",MOEN 6702-000-882 BATHROOM SINK FAUCETS,"MOEN® 6702-000-882 Bathroom Sink Faucets, 2, 1.2 gpm, Chrome","MOEN® 6702-000-882 Bathroom Sink Faucets, 2, 1.2 gpm, Chrome",,,,,,,,,,,,,,,,,,,,,,,,,,,,,Number of Faucet Handles,2,,Flow Rate,1.2,gpm,Finish/Color,Chrome,,,,,,,,,,,,,,,,,,,,,,,,,,,,,,,,,,,,,,,,,,,,,,,,,,,,,,,,,,,,,,,,,,,,,,,,,,,,,,,,,,,,,,,,,,,,,,,,,,,,,,,,,,,,,,,,,,,,,,,,,,,,,,,,,,,,,,,,,,,,,,,,,,30181702,,,,,,,,,,,,,,,,,,,,,,,,,,,,,,,,,,,,,,,,,,,
,,,,,,,,,,,559HA-DST-883,Delta 559HA-DST Trinsic Single Handle Bathroom Sink Faucet Matte Black 1.2 gpm Item #883,,,,Delta Faucet Company (DELTA),Delta Faucet Company,DELTA®,,559HA-DST-883,,Plumbing>Faucets>Bathroom Sink Faucets,"DELTA® 559HA-DST-883 Bathroom Sink Faucets, 2, 1.2 gpm, Matte Black",DELTA 559HA-DST-883 BATHROOM SINK FAUCET,"DELTA® 559HA-DST-883 Bathroom Sink Faucets, 2, 1.2 gpm, Matte Black","DELTA® 559HA-DST-883 Bathroom Sink Faucets, 2, 1.2 gpm, Matte Black",,,,,,,,,,,,,,,,,,,,,,,,,,,,,Number of Faucet Handles,2,,Flow Rate,1.2,gpm,Finish/Color,Matte Black,,,,,,,,,,,,,,,,,,,,,,,,,,,,,,,,,,,,,,,,,,,,,,,,,,,,,,,,,,,,,,,,,,,,,,,,,,,,,,,,,,,,,,,,,,,,,,,,,,,,,,,,,,,,,,,,,,,,,,,,,,,,,,,,,,,,,,,,,,,,,,,,,,30181702,,,,,,,,,,,,,,,,,,,,,,,,,,,,,,,,,,,,,,,,,,,
,,,,,,,,,,,K-596-VS-884,Kohler K-596-VS Simplice Pull-Down Kitchen Faucet Vibrant Stainless 1.5 gpm Item #884,,,,Kohler Co. (KOHLER),Kohler Co.,KOHLER®,,K-596-VS-884,,Plumbing>Faucets>Utility Faucets,KOHLER® K-596-VS-884 Utility Faucets,KOHLER K-596-VS-884 UTILITY FAUCETS,KOHLER® K-596-VS-884 Utility Faucets,KOHLER® K-596-VS-884 Utility Faucets,,,,,,,,,,,,,,,,,,,,,,,,,,,,,,,,,,,,,,,,,,,,,,,,,,,,,,,,,,,,,,,,,,,,,,,,,,,,,,,,,,,,,,,,,,,,,,,,,,,,,,,,,,,,,,,,,,,,,,,,,,,,,,,,,,,,,,,,,,,,,,,,,,,,,,,,,,,,,,,,,,,,,,,,,,,,,,,,,,,,,,30181706,,,,,,,,,,,,,,,,,,,,,,,,,,,,,,,,,,,,,,,,,,,
,,,,,,,,,,,607-1/2-885,Nibco 607 1/2 1/2 in Copper Wrot Pressure 90 Deg Elbow Item #885,,,,Nibco Inc (NIBCO),Nibco Inc,NIBCO®,,607-1/2-885,,"Plumbing>Pipe, Tube & Hose Fittings>Pipe Fittings","NIBCO® 607-1/2-885 Pipe Fittings, Elbow, 1/2 in, Press, Copper",NIBCO 607-1/2-885 PIPE FITTINGS,"NIBCO® 607-1/2-885 Pipe Fittings, Elbow, 1/2 in, Press, Copper","NIBCO® 607-1/2-885 Pipe Fittings, Elbow, 1/2 in, Press, Copper",,,,,,,,,,,,,,,,,,,,,,,,,,,,,Fitting Fitting/Connector Type,Elbow,,Pipe Size,1/2,in,Connection Type,Press,,Fitting Material,Copper,,,,,,,,,,,,,,,,,,,,,,,,,,,,,,,,,,,,,,,,,,,,,,,,,,,,,,,,,,,,,,,,,,,,,,,,,,,,,,,,,,,,,,,,,,,,,,,,,,,,,,,,,,,,,,,,,,,,,,,,,,,,,,,,,,,,,,,,,,,,,,,40172600,,,,,,,,,,,,,,,,,,,,,,,,,,,,,,,,,,,,,,,,,,,
,,,,,,,,,,,U008LF-886,SharkBite U008LF 1/2 in Push-to-Connect Brass Coupling Item #886,,,,SharkBite Plumbing Solutions (SHARK),SharkBite Plumbing Solutions,SHARKBITE®,,U008LF-886,,"Plumbing>Pipe, Tube & Hose Fittings>Pipe Fittings","SHARKBITE® U008LF-886 Pipe Fittings, Coupling, 1/2 in, Push-to-Connect, Brass",SHARKBITE U008LF-886 PIPE FITTINGS,"SHARKBITE® U008LF-886 Pipe Fittings, Coupling, 1/2 in, Push-to-Connect, Brass","SHARKBITE® U008LF-886 Pipe Fittings, Coupling, 1/2 in, Push-to-Connect, Brass",,,,,,,,,,,,,,,,,,,,,,,,,,,,,Fitting Fitting/Connector Type,Coupling,,Pipe Size,1/2,in,Connection Type,Push-to-Connect,,Fitting Material,Brass,,,,,,,,,,,,,,,,,,,,,,,,,,,,,,,,,,,,,,,,,,,,,,,,,,,,,,,,,,,,,,,,,,,,,,,,,,,,,,,,,,,,,,,,,,,,,,,,,,,,,,,,,,,,,,,,,,,,,,,,,,,,,,,,,,,,,,,,,,,,,,,40172600,,,,,,,,,,,,,,,,,,,,,,,,,,,,,,,,,,,,,,,,,,,
,,,,,,,,,,,NIP-050-CLOSE-887,Charlotte Pipe 1/2 in x Close Black Steel Nipple MNPT Item #887,,,,Charlotte Pipe and Foundry (CHARL),Charlotte Pipe and Foundry,CHARLOTTE PIPE®,,NIP-050-CLOSE-887,,"Plumbing>Pipe, Tube & Hose Fittings>Pipe Fittings","CHARLOTTE PIPE® NIP-050-CLOSE-887 Pipe Fittings, Tee, 1/2 in, MNPT",CHARLOTTE PIPE NIP-050-CLOSE-887 PIPE FI,"CHARLOTTE PIPE® NIP-050-CLOSE-887 Pipe Fittings, Tee, 1/2 in, MNPT","CHARLOTTE PIPE® NIP-050-CLOSE-887 Pipe Fittings, Tee, 1/2 in, MNPT",,,,,,,,,,,,,,,,,,,,,,,,,,,,,Fitting Fitting/Connector Type,Tee,,Pipe Size,1/2,in,Connection Type,MNPT,,,,,,,,,,,,,,,,,,,,,,,,,,,,,,,,,,,,,,,,,,,,,,,,,,,,,,,,,,,,,,,,,,,,,,,,,,,,,,,,,,,,,,,,,,,,,,,,,,,,,,,,,,,,,,,,,,,,,,,,,,,,,,,,,,,,,,,,,,,,,,,,,,40172600,,,,,,,,,,,,,,,,,,,,,,,,,,,,,,,,,,,,,,,,,,,
,,,,,,,,,,,PDSH4816AF-888,PDSH4816AF Dishwasher SS - Display Only Item #888,,,,Appliance Dealers Cooperative (APPDE),Appliance Dealers Cooperative,FRIGIDAIRE®,,PDSH4816AF-888,,unclassified / needs manual mapping,FRIGIDAIRE® PDSH4816AF-888 Product,FRIGIDAIRE PDSH4816AF-888 PRODUCT,FRIGIDAIRE® PDSH4816AF-888 Product,FRIGIDAIRE® PDSH4816AF-888 Product,,,,,,,,,,,,,,,,,,,,,,,,,,,,,,,,,,,,,,,,,,,,,,,,,,,,,,,,,,,,,,,,,,,,,,,,,,,,,,,,,,,,,,,,,,,,,,,,,,,,,,,,,,,,,,,,,,,,,,,,,,,,,,,,,,,,,,,,,,,,,,,,,,,,,,,,,,,,,,,,,,,,,,,,,,,,,,,,,,,,,,,,,,,,,,,,,,,,,,,,,,,,,,,,,,,,,,,,,,,,,,,,,
,,,,,,,,,,,WDTS7024RZ-889,WDTS7024RZ Dishwasher SS - Display Only Item #889,,,,Appliance Dealers Cooperative (APPDE),Appliance Dealers Cooperative,FRIGIDAIRE®,,WDTS7024RZ-889,,unclassified / needs manual mapping,FRIGIDAIRE® WDTS7024RZ-889 Product,FRIGIDAIRE WDTS7024RZ-889 PRODUCT,FRIGIDAIRE® WDTS7024RZ-889 Product,FRIGIDAIRE® WDTS7024RZ-889 Product,,,,,,,,,,,,,,,,,,,,,,,,,,,,,,,,,,,,,,,,,,,,,,,,,,,,,,,,,,,,,,,,,,,,,,,,,,,,,,,,,,,,,,,,,,,,,,,,,,,,,,,,,,,,,,,,,,,,,,,,,,,,,,,,,,,,,,,,,,,,,,,,,,,,,,,,,,,,,,,,,,,,,,,,,,,,,,,,,,,,,,,,,,,,,,,,,,,,,,,,,,,,,,,,,,,,,,,,,,,,,,,,,
,,,,,,,,,,,DCB205C-890,Dewalt 20V Max 5.0Ah Starter Kit Item #890,,,,Black & Decker (2585),Black & Decker,DEWALT®,,DCB205C-890,,unclassified / needs manual mapping,DEWALT® DCB205C-890 Product,DEWALT DCB205C-890 PRODUCT,DEWALT® DCB205C-890 Product,DEWALT® DCB205C-890 Product,,,,,,,,,,,,,,,,,,,,,,,,,,,,,,,,,,,,,,,,,,,,,,,,,,,,,,,,,,,,,,,,,,,,,,,,,,,,,,,,,,,,,,,,,,,,,,,,,,,,,,,,,,,,,,,,,,,,,,,,,,,,,,,,,,,,,,,,,,,,,,,,,,,,,,,,,,,,,,,,,,,,,,,,,,,,,,,,,,,,,,,,,,,,,,,,,,,,,,,,,,,,,,,,,,,,,,,,,,,,,,,,,
,,,,,,,,,,,DCB518ASTS06G-891,"DCB518ASTS06G Diablo 1/2""x18"" - Sanding Belt 6pc Item #891",,,,Freud Inc (2435),Freud Inc,DIABLO®,,DCB518ASTS06G-891,,unclassified / needs manual mapping,DIABLO® DCB518ASTS06G-891 Product,DIABLO DCB518ASTS06G-891 PRODUCT,DIABLO® DCB518ASTS06G-891 Product,DIABLO® DCB518ASTS06G-891 Product,,,,,,,,,,,,,,,,,,,,,,,,,,,,,,,,,,,,,,,,,,,,,,,,,,,,,,,,,,,,,,,,,,,,,,,,,,,,,,,,,,,,,,,,,,,,,,,,,,,,,,,,,,,,,,,,,,,,,,,,,,,,,,,,,,,,,,,,,,,,,,,,,,,,,,,,,,,,,,,,,,,,,,,,,,,,,,,,,,,,,,,,,,,,,,,,,,,,,,,,,,,,,,,,,,,,,,,,,,,,,,,,,
,,,,,,,,,,,6702-000-892,Moen 6702-000 Genta Single Handle Bathroom Sink Faucet Chrome 1.2 gpm 4in Item #892,,,,Moen Incorporated (MOEN),Moen Incorporated,MOEN®,,6702-000-892,,Plumbing>Faucets>Bathroom Sink Faucets,"MOEN® 6702-000-892 Bathroom Sink Faucets, 2, 1.2 gpm, Chrome",MOEN 6702-000-892 BATHROOM SINK FAUCETS,"MOEN® 6702-000-892 Bathroom Sink Faucets, 2, 1.2 gpm, Chrome","MOEN® 6702-000-892 Bathroom Sink Faucets, 2, 1.2 gpm, Chrome",,,,,,,,,,,,,,,,,,,,,,,,,,,,,Number of Faucet Handles,2,,Flow Rate,1.2,gpm,Finish/Color,Chrome,,,,,,,,,,,,,,,,,,,,,,,,,,,,,,,,,,,,,,,,,,,,,,,,,,,,,,,,,,,,,,,,,,,,,,,,,,,,,,,,,,,,,,,,,,,,,,,,,,,,,,,,,,,,,,,,,,,,,,,,,,,,,,,,,,,,,,,,,,,,,,,,,,30181702,,,,,,,,,,,,,,,,,,,,,,,,,,,,,,,,,,,,,,,,,,,
,,,,,,,,,,,559HA-DST-893,Delta 559HA-DST Trinsic Single Handle Bathroom Sink Faucet Matte Black 1.2 gpm Item #893,,,,Delta Faucet Company (DELTA),Delta Faucet Company,DELTA®,,559HA-DST-893,,Plumbing>Faucets>Bathroom Sink Faucets,"DELTA® 559HA-DST-893 Bathroom Sink Faucets, 2, 1.2 gpm, Matte Black",DELTA 559HA-DST-893 BATHROOM SINK FAUCET,"DELTA® 559HA-DST-893 Bathroom Sink Faucets, 2, 1.2 gpm, Matte Black","DELTA® 559HA-DST-893 Bathroom Sink Faucets, 2, 1.2 gpm, Matte Black",,,,,,,,,,,,,,,,,,,,,,,,,,,,,Number of Faucet Handles,2,,Flow Rate,1.2,gpm,Finish/Color,Matte Black,,,,,,,,,,,,,,,,,,,,,,,,,,,,,,,,,,,,,,,,,,,,,,,,,,,,,,,,,,,,,,,,,,,,,,,,,,,,,,,,,,,,,,,,,,,,,,,,,,,,,,,,,,,,,,,,,,,,,,,,,,,,,,,,,,,,,,,,,,,,,,,,,,30181702,,,,,,,,,,,,,,,,,,,,,,,,,,,,,,,,,,,,,,,,,,,
,,,,,,,,,,,K-596-VS-894,Kohler K-596-VS Simplice Pull-Down Kitchen Faucet Vibrant Stainless 1.5 gpm Item #894,,,,Kohler Co. (KOHLER),Kohler Co.,KOHLER®,,K-596-VS-894,,Plumbing>Faucets>Utility Faucets,KOHLER® K-596-VS-894 Utility Faucets,KOHLER K-596-VS-894 UTILITY FAUCETS,KOHLER® K-596-VS-894 Utility Faucets,KOHLER® K-596-VS-894 Utility Faucets,,,,,,,,,,,,,,,,,,,,,,,,,,,,,,,,,,,,,,,,,,,,,,,,,,,,,,,,,,,,,,,,,,,,,,,,,,,,,,,,,,,,,,,,,,,,,,,,,,,,,,,,,,,,,,,,,,,,,,,,,,,,,,,,,,,,,,,,,,,,,,,,,,,,,,,,,,,,,,,,,,,,,,,,,,,,,,,,,,,,,,30181706,,,,,,,,,,,,,,,,,,,,,,,,,,,,,,,,,,,,,,,,,,,
,,,,,,,,,,,607-1/2-895,Nibco 607 1/2 1/2 in Copper Wrot Pressure 90 Deg Elbow Item #895,,,,Nibco Inc (NIBCO),Nibco Inc,NIBCO®,,607-1/2-895,,"Plumbing>Pipe, Tube & Hose Fittings>Pipe Fittings","NIBCO® 607-1/2-895 Pipe Fittings, Elbow, 1/2 in, Press, Copper",NIBCO 607-1/2-895 PIPE FITTINGS,"NIBCO® 607-1/2-895 Pipe Fittings, Elbow, 1/2 in, Press, Copper","NIBCO® 607-1/2-895 Pipe Fittings, Elbow, 1/2 in, Press, Copper",,,,,,,,,,,,,,,,,,,,,,,,,,,,,Fitting Fitting/Connector Type,Elbow,,Pipe Size,1/2,in,Connection Type,Press,,Fitting Material,Copper,,,,,,,,,,,,,,,,,,,,,,,,,,,,,,,,,,,,,,,,,,,,,,,,,,,,,,,,,,,,,,,,,,,,,,,,,,,,,,,,,,,,,,,,,,,,,,,,,,,,,,,,,,,,,,,,,,,,,,,,,,,,,,,,,,,,,,,,,,,,,,,40172600,,,,,,,,,,,,,,,,,,,,,,,,,,,,,,,,,,,,,,,,,,,
,,,,,,,,,,,U008LF-896,SharkBite U008LF 1/2 in Push-to-Connect Brass Coupling Item #896,,,,SharkBite Plumbing Solutions (SHARK),SharkBite Plumbing Solutions,SHARKBITE®,,U008LF-896,,"Plumbing>Pipe, Tube & Hose Fittings>Pipe Fittings","SHARKBITE® U008LF-896 Pipe Fittings, Coupling, 1/2 in, Push-to-Connect, Brass",SHARKBITE U008LF-896 PIPE FITTINGS,"SHARKBITE® U008LF-896 Pipe Fittings, Coupling, 1/2 in, Push-to-Connect, Brass","SHARKBITE® U008LF-896 Pipe Fittings, Coupling, 1/2 in, Push-to-Connect, Brass",,,,,,,,,,,,,,,,,,,,,,,,,,,,,Fitting Fitting/Connector Type,Coupling,,Pipe Size,1/2,in,Connection Type,Push-to-Connect,,Fitting Material,Brass,,,,,,,,,,,,,,,,,,,,,,,,,,,,,,,,,,,,,,,,,,,,,,,,,,,,,,,,,,,,,,,,,,,,,,,,,,,,,,,,,,,,,,,,,,,,,,,,,,,,,,,,,,,,,,,,,,,,,,,,,,,,,,,,,,,,,,,,,,,,,,,40172600,,,,,,,,,,,,,,,,,,,,,,,,,,,,,,,,,,,,,,,,,,,
,,,,,,,,,,,NIP-050-CLOSE-897,Charlotte Pipe 1/2 in x Close Black Steel Nipple MNPT Item #897,,,,Charlotte Pipe and Foundry (CHARL),Charlotte Pipe and Foundry,CHARLOTTE PIPE®,,NIP-050-CLOSE-897,,"Plumbing>Pipe, Tube & Hose Fittings>Pipe Fittings","CHARLOTTE PIPE® NIP-050-CLOSE-897 Pipe Fittings, Tee, 1/2 in, MNPT",CHARLOTTE PIPE NIP-050-CLOSE-897 PIPE FI,"CHARLOTTE PIPE® NIP-050-CLOSE-897 Pipe Fittings, Tee, 1/2 in, MNPT","CHARLOTTE PIPE® NIP-050-CLOSE-897 Pipe Fittings, Tee, 1/2 in, MNPT",,,,,,,,,,,,,,,,,,,,,,,,,,,,,Fitting Fitting/Connector Type,Tee,,Pipe Size,1/2,in,Connection Type,MNPT,,,,,,,,,,,,,,,,,,,,,,,,,,,,,,,,,,,,,,,,,,,,,,,,,,,,,,,,,,,,,,,,,,,,,,,,,,,,,,,,,,,,,,,,,,,,,,,,,,,,,,,,,,,,,,,,,,,,,,,,,,,,,,,,,,,,,,,,,,,,,,,,,,40172600,,,,,,,,,,,,,,,,,,,,,,,,,,,,,,,,,,,,,,,,,,,
,,,,,,,,,,,PDSH4816AF-898,PDSH4816AF Dishwasher SS - Display Only Item #898,,,,Appliance Dealers Cooperative (APPDE),Appliance Dealers Cooperative,FRIGIDAIRE®,,PDSH4816AF-898,,unclassified / needs manual mapping,FRIGIDAIRE® PDSH4816AF-898 Product,FRIGIDAIRE PDSH4816AF-898 PRODUCT,FRIGIDAIRE® PDSH4816AF-898 Product,FRIGIDAIRE® PDSH4816AF-898 Product,,,,,,,,,,,,,,,,,,,,,,,,,,,,,,,,,,,,,,,,,,,,,,,,,,,,,,,,,,,,,,,,,,,,,,,,,,,,,,,,,,,,,,,,,,,,,,,,,,,,,,,,,,,,,,,,,,,,,,,,,,,,,,,,,,,,,,,,,,,,,,,,,,,,,,,,,,,,,,,,,,,,,,,,,,,,,,,,,,,,,,,,,,,,,,,,,,,,,,,,,,,,,,,,,,,,,,,,,,,,,,,,,
,,,,,,,,,,,WDTS7024RZ-899,WDTS7024RZ Dishwasher SS - Display Only Item #899,,,,Appliance Dealers Cooperative (APPDE),Appliance Dealers Cooperative,FRIGIDAIRE®,,WDTS7024RZ-899,,unclassified / needs manual mapping,FRIGIDAIRE® WDTS7024RZ-899 Product,FRIGIDAIRE WDTS7024RZ-899 PRODUCT,FRIGIDAIRE® WDTS7024RZ-899 Product,FRIGIDAIRE® WDTS7024RZ-899 Product,,,,,,,,,,,,,,,,,,,,,,,,,,,,,,,,,,,,,,,,,,,,,,,,,,,,,,,,,,,,,,,,,,,,,,,,,,,,,,,,,,,,,,,,,,,,,,,,,,,,,,,,,,,,,,,,,,,,,,,,,,,,,,,,,,,,,,,,,,,,,,,,,,,,,,,,,,,,,,,,,,,,,,,,,,,,,,,,,,,,,,,,,,,,,,,,,,,,,,,,,,,,,,,,,,,,,,,,,,,,,,,,,
,,,,,,,,,,,DCB205C-900,Dewalt 20V Max 5.0Ah Starter Kit Item #900,,,,Black & Decker (2585),Black & Decker,DEWALT®,,DCB205C-900,,unclassified / needs manual mapping,DEWALT® DCB205C-900 Product,DEWALT DCB205C-900 PRODUCT,DEWALT® DCB205C-900 Product,DEWALT® DCB205C-900 Product,,,,,,,,,,,,,,,,,,,,,,,,,,,,,,,,,,,,,,,,,,,,,,,,,,,,,,,,,,,,,,,,,,,,,,,,,,,,,,,,,,,,,,,,,,,,,,,,,,,,,,,,,,,,,,,,,,,,,,,,,,,,,,,,,,,,,,,,,,,,,,,,,,,,,,,,,,,,,,,,,,,,,,,,,,,,,,,,,,,,,,,,,,,,,,,,,,,,,,,,,,,,,,,,,,,,,,,,,,,,,,,,,
,,,,,,,,,,,DCB518ASTS06G-901,"DCB518ASTS06G Diablo 1/2""x18"" - Sanding Belt 6pc Item #901",,,,Freud Inc (2435),Freud Inc,DIABLO®,,DCB518ASTS06G-901,,unclassified / needs manual mapping,DIABLO® DCB518ASTS06G-901 Product,DIABLO DCB518ASTS06G-901 PRODUCT,DIABLO® DCB518ASTS06G-901 Product,DIABLO® DCB518ASTS06G-901 Product,,,,,,,,,,,,,,,,,,,,,,,,,,,,,,,,,,,,,,,,,,,,,,,,,,,,,,,,,,,,,,,,,,,,,,,,,,,,,,,,,,,,,,,,,,,,,,,,,,,,,,,,,,,,,,,,,,,,,,,,,,,,,,,,,,,,,,,,,,,,,,,,,,,,,,,,,,,,,,,,,,,,,,,,,,,,,,,,,,,,,,,,,,,,,,,,,,,,,,,,,,,,,,,,,,,,,,,,,,,,,,,,,
,,,,,,,,,,,6702-000-902,Moen 6702-000 Genta Single Handle Bathroom Sink Faucet Chrome 1.2 gpm 4in Item #902,,,,Moen Incorporated (MOEN),Moen Incorporated,MOEN®,,6702-000-902,,Plumbing>Faucets>Bathroom Sink Faucets,"MOEN® 6702-000-902 Bathroom Sink Faucets, 2, 1.2 gpm, Chrome",MOEN 6702-000-902 BATHROOM SINK FAUCETS,"MOEN® 6702-000-902 Bathroom Sink Faucets, 2, 1.2 gpm, Chrome","MOEN® 6702-000-902 Bathroom Sink Faucets, 2, 1.2 gpm, Chrome",,,,,,,,,,,,,,,,,,,,,,,,,,,,,Number of Faucet Handles,2,,Flow Rate,1.2,gpm,Finish/Color,Chrome,,,,,,,,,,,,,,,,,,,,,,,,,,,,,,,,,,,,,,,,,,,,,,,,,,,,,,,,,,,,,,,,,,,,,,,,,,,,,,,,,,,,,,,,,,,,,,,,,,,,,,,,,,,,,,,,,,,,,,,,,,,,,,,,,,,,,,,,,,,,,,,,,,30181702,,,,,,,,,,,,,,,,,,,,,,,,,,,,,,,,,,,,,,,,,,,
,,,,,,,,,,,559HA-DST-903,Delta 559HA-DST Trinsic Single Handle Bathroom Sink Faucet Matte Black 1.2 gpm Item #903,,,,Delta Faucet Company (DELTA),Delta Faucet Company,DELTA®,,559HA-DST-903,,Plumbing>Faucets>Bathroom Sink Faucets,"DELTA® 559HA-DST-903 Bathroom Sink Faucets, 2, 1.2 gpm, Matte Black",DELTA 559HA-DST-903 BATHROOM SINK FAUCET,"DELTA® 559HA-DST-903 Bathroom Sink Faucets, 2, 1.2 gpm, Matte Black","DELTA® 559HA-DST-903 Bathroom Sink Faucets, 2, 1.2 gpm, Matte Black",,,,,,,,,,,,,,,,,,,,,,,,,,,,,Number of Faucet Handles,2,,Flow Rate,1.2,gpm,Finish/Color,Matte Black,,,,,,,,,,,,,,,,,,,,,,,,,,,,,,,,,,,,,,,,,,,,,,,,,,,,,,,,,,,,,,,,,,,,,,,,,,,,,,,,,,,,,,,,,,,,,,,,,,,,,,,,,,,,,,,,,,,,,,,,,,,,,,,,,,,,,,,,,,,,,,,,,,30181702,,,,,,,,,,,,,,,,,,,,,,,,,,,,,,,,,,,,,,,,,,,
,,,,,,,,,,,K-596-VS-904,Kohler K-596-VS Simplice Pull-Down Kitchen Faucet Vibrant Stainless 1.5 gpm Item #904,,,,Kohler Co. (KOHLER),Kohler Co.,KOHLER®,,K-596-VS-904,,Plumbing>Faucets>Utility Faucets,KOHLER® K-596-VS-904 Utility Faucets,KOHLER K-596-VS-904 UTILITY FAUCETS,KOHLER® K-596-VS-904 Utility Faucets,KOHLER® K-596-VS-904 Utility Faucets,,,,,,,,,,,,,,,,,,,,,,,,,,,,,,,,,,,,,,,,,,,,,,,,,,,,,,,,,,,,,,,,,,,,,,,,,,,,,,,,,,,,,,,,,,,,,,,,,,,,,,,,,,,,,,,,,,,,,,,,,,,,,,,,,,,,,,,,,,,,,,,,,,,,,,,,,,,,,,,,,,,,,,,,,,,,,,,,,,,,,,30181706,,,,,,,,,,,,,,,,,,,,,,,,,,,,,,,,,,,,,,,,,,,
,,,,,,,,,,,607-1/2-905,Nibco 607 1/2 1/2 in Copper Wrot Pressure 90 Deg Elbow Item #905,,,,Nibco Inc (NIBCO),Nibco Inc,NIBCO®,,607-1/2-905,,"Plumbing>Pipe, Tube & Hose Fittings>Pipe Fittings","NIBCO® 607-1/2-905 Pipe Fittings, Elbow, 1/2 in, Press, Copper",NIBCO 607-1/2-905 PIPE FITTINGS,"NIBCO® 607-1/2-905 Pipe Fittings, Elbow, 1/2 in, Press, Copper","NIBCO® 607-1/2-905 Pipe Fittings, Elbow, 1/2 in, Press, Copper",,,,,,,,,,,,,,,,,,,,,,,,,,,,,Fitting Fitting/Connector Type,Elbow,,Pipe Size,1/2,in,Connection Type,Press,,Fitting Material,Copper,,,,,,,,,,,,,,,,,,,,,,,,,,,,,,,,,,,,,,,,,,,,,,,,,,,,,,,,,,,,,,,,,,,,,,,,,,,,,,,,,,,,,,,,,,,,,,,,,,,,,,,,,,,,,,,,,,,,,,,,,,,,,,,,,,,,,,,,,,,,,,,40172600,,,,,,,,,,,,,,,,,,,,,,,,,,,,,,,,,,,,,,,,,,,
,,,,,,,,,,,U008LF-906,SharkBite U008LF 1/2 in Push-to-Connect Brass Coupling Item #906,,,,SharkBite Plumbing Solutions (SHARK),SharkBite Plumbing Solutions,SHARKBITE®,,U008LF-906,,"Plumbing>Pipe, Tube & Hose Fittings>Pipe Fittings","SHARKBITE® U008LF-906 Pipe Fittings, Coupling, 1/2 in, Push-to-Connect, Brass",SHARKBITE U008LF-906 PIPE FITTINGS,"SHARKBITE® U008LF-906 Pipe Fittings, Coupling, 1/2 in, Push-to-Connect, Brass","SHARKBITE® U008LF-906 Pipe Fittings, Coupling, 1/2 in, Push-to-Connect, Brass",,,,,,,,,,,,,,,,,,,,,,,,,,,,,Fitting Fitting/Connector Type,Coupling,,Pipe Size,1/2,in,Connection Type,Push-to-Connect,,Fitting Material,Brass,,,,,,,,,,,,,,,,,,,,,,,,,,,,,,,,,,,,,,,,,,,,,,,,,,,,,,,,,,,,,,,,,,,,,,,,,,,,,,,,,,,,,,,,,,,,,,,,,,,,,,,,,,,,,,,,,,,,,,,,,,,,,,,,,,,,,,,,,,,,,,,40172600,,,,,,,,,,,,,,,,,,,,,,,,,,,,,,,,,,,,,,,,,,,
,,,,,,,,,,,NIP-050-CLOSE-907,Charlotte Pipe 1/2 in x Close Black Steel Nipple MNPT Item #907,,,,Charlotte Pipe and Foundry (CHARL),Charlotte Pipe and Foundry,CHARLOTTE PIPE®,,NIP-050-CLOSE-907,,"Plumbing>Pipe, Tube & Hose Fittings>Pipe Fittings","CHARLOTTE PIPE® NIP-050-CLOSE-907 Pipe Fittings, Tee, 1/2 in, MNPT",CHARLOTTE PIPE NIP-050-CLOSE-907 PIPE FI,"CHARLOTTE PIPE® NIP-050-CLOSE-907 Pipe Fittings, Tee, 1/2 in, MNPT","CHARLOTTE PIPE® NIP-050-CLOSE-907 Pipe Fittings, Tee, 1/2 in, MNPT",,,,,,,,,,,,,,,,,,,,,,,,,,,,,Fitting Fitting/Connector Type,Tee,,Pipe Size,1/2,in,Connection Type,MNPT,,,,,,,,,,,,,,,,,,,,,,,,,,,,,,,,,,,,,,,,,,,,,,,,,,,,,,,,,,,,,,,,,,,,,,,,,,,,,,,,,,,,,,,,,,,,,,,,,,,,,,,,,,,,,,,,,,,,,,,,,,,,,,,,,,,,,,,,,,,,,,,,,,40172600,,,,,,,,,,,,,,,,,,,,,,,,,,,,,,,,,,,,,,,,,,,
,,,,,,,,,,,PDSH4816AF-908,PDSH4816AF Dishwasher SS - Display Only Item #908,,,,Appliance Dealers Cooperative (APPDE),Appliance Dealers Cooperative,FRIGIDAIRE®,,PDSH4816AF-908,,unclassified / needs manual mapping,FRIGIDAIRE® PDSH4816AF-908 Product,FRIGIDAIRE PDSH4816AF-908 PRODUCT,FRIGIDAIRE® PDSH4816AF-908 Product,FRIGIDAIRE® PDSH4816AF-908 Product,,,,,,,,,,,,,,,,,,,,,,,,,,,,,,,,,,,,,,,,,,,,,,,,,,,,,,,,,,,,,,,,,,,,,,,,,,,,,,,,,,,,,,,,,,,,,,,,,,,,,,,,,,,,,,,,,,,,,,,,,,,,,,,,,,,,,,,,,,,,,,,,,,,,,,,,,,,,,,,,,,,,,,,,,,,,,,,,,,,,,,,,,,,,,,,,,,,,,,,,,,,,,,,,,,,,,,,,,,,,,,,,,
,,,,,,,,,,,WDTS7024RZ-909,WDTS7024RZ Dishwasher SS - Display Only Item #909,,,,Appliance Dealers Cooperative (APPDE),Appliance Dealers Cooperative,FRIGIDAIRE®,,WDTS7024RZ-909,,unclassified / needs manual mapping,FRIGIDAIRE® WDTS7024RZ-909 Product,FRIGIDAIRE WDTS7024RZ-909 PRODUCT,FRIGIDAIRE® WDTS7024RZ-909 Product,FRIGIDAIRE® WDTS7024RZ-909 Product,,,,,,,,,,,,,,,,,,,,,,,,,,,,,,,,,,,,,,,,,,,,,,,,,,,,,,,,,,,,,,,,,,,,,,,,,,,,,,,,,,,,,,,,,,,,,,,,,,,,,,,,,,,,,,,,,,,,,,,,,,,,,,,,,,,,,,,,,,,,,,,,,,,,,,,,,,,,,,,,,,,,,,,,,,,,,,,,,,,,,,,,,,,,,,,,,,,,,,,,,,,,,,,,,,,,,,,,,,,,,,,,,
,,,,,,,,,,,DCB205C-910,Dewalt 20V Max 5.0Ah Starter Kit Item #910,,,,Black & Decker (2585),Black & Decker,DEWALT®,,DCB205C-910,,unclassified / needs manual mapping,DEWALT® DCB205C-910 Product,DEWALT DCB205C-910 PRODUCT,DEWALT® DCB205C-910 Product,DEWALT® DCB205C-910 Product,,,,,,,,,,,,,,,,,,,,,,,,,,,,,,,,,,,,,,,,,,,,,,,,,,,,,,,,,,,,,,,,,,,,,,,,,,,,,,,,,,,,,,,,,,,,,,,,,,,,,,,,,,,,,,,,,,,,,,,,,,,,,,,,,,,,,,,,,,,,,,,,,,,,,,,,,,,,,,,,,,,,,,,,,,,,,,,,,,,,,,,,,,,,,,,,,,,,,,,,,,,,,,,,,,,,,,,,,,,,,,,,,
,,,,,,,,,,,DCB518ASTS06G-911,"DCB518ASTS06G Diablo 1/2""x18"" - Sanding Belt 6pc Item #911",,,,Freud Inc (2435),Freud Inc,DIABLO®,,DCB518ASTS06G-911,,unclassified / needs manual mapping,DIABLO® DCB518ASTS06G-911 Product,DIABLO DCB518ASTS06G-911 PRODUCT,DIABLO® DCB518ASTS06G-911 Product,DIABLO® DCB518ASTS06G-911 Product,,,,,,,,,,,,,,,,,,,,,,,,,,,,,,,,,,,,,,,,,,,,,,,,,,,,,,,,,,,,,,,,,,,,,,,,,,,,,,,,,,,,,,,,,,,,,,,,,,,,,,,,,,,,,,,,,,,,,,,,,,,,,,,,,,,,,,,,,,,,,,,,,,,,,,,,,,,,,,,,,,,,,,,,,,,,,,,,,,,,,,,,,,,,,,,,,,,,,,,,,,,,,,,,,,,,,,,,,,,,,,,,,
,,,,,,,,,,,6702-000-912,Moen 6702-000 Genta Single Handle Bathroom Sink Faucet Chrome 1.2 gpm 4in Item #912,,,,Moen Incorporated (MOEN),Moen Incorporated,MOEN®,,6702-000-912,,Plumbing>Faucets>Bathroom Sink Faucets,"MOEN® 6702-000-912 Bathroom Sink Faucets, 2, 1.2 gpm, Chrome",MOEN 6702-000-912 BATHROOM SINK FAUCETS,"MOEN® 6702-000-912 Bathroom Sink Faucets, 2, 1.2 gpm, Chrome","MOEN® 6702-000-912 Bathroom Sink Faucets, 2, 1.2 gpm, Chrome",,,,,,,,,,,,,,,,,,,,,,,,,,,,,Number of Faucet Handles,2,,Flow Rate,1.2,gpm,Finish/Color,Chrome,,,,,,,,,,,,,,,,,,,,,,,,,,,,,,,,,,,,,,,,,,,,,,,,,,,,,,,,,,,,,,,,,,,,,,,,,,,,,,,,,,,,,,,,,,,,,,,,,,,,,,,,,,,,,,,,,,,,,,,,,,,,,,,,,,,,,,,,,,,,,,,,,,30181702,,,,,,,,,,,,,,,,,,,,,,,,,,,,,,,,,,,,,,,,,,,
,,,,,,,,,,,559HA-DST-913,Delta 559HA-DST Trinsic Single Handle Bathroom Sink Faucet Matte Black 1.2 gpm Item #913,,,,Delta Faucet Company (DELTA),Delta Faucet Company,DELTA®,,559HA-DST-913,,Plumbing>Faucets>Bathroom Sink Faucets,"DELTA® 559HA-DST-913 Bathroom Sink Faucets, 2, 1.2 gpm, Matte Black",DELTA 559HA-DST-913 BATHROOM SINK FAUCET,"DELTA® 559HA-DST-913 Bathroom Sink Faucets, 2, 1.2 gpm, Matte Black","DELTA® 559HA-DST-913 Bathroom Sink Faucets, 2, 1.2 gpm, Matte Black",,,,,,,,,,,,,,,,,,,,,,,,,,,,,Number of Faucet Handles,2,,Flow Rate,1.2,gpm,Finish/Color,Matte Black,,,,,,,,,,,,,,,,,,,,,,,,,,,,,,,,,,,,,,,,,,,,,,,,,,,,,,,,,,,,,,,,,,,,,,,,,,,,,,,,,,,,,,,,,,,,,,,,,,,,,,,,,,,,,,,,,,,,,,,,,,,,,,,,,,,,,,,,,,,,,,,,,,30181702,,,,,,,,,,,,,,,,,,,,,,,,,,,,,,,,,,,,,,,,,,,
,,,,,,,,,,,K-596-VS-914,Kohler K-596-VS Simplice Pull-Down Kitchen Faucet Vibrant Stainless 1.5 gpm Item #914,,,,Kohler Co. (KOHLER),Kohler Co.,KOHLER®,,K-596-VS-914,,Plumbing>Faucets>Utility Faucets,KOHLER® K-596-VS-914 Utility Faucets,KOHLER K-596-VS-914 UTILITY FAUCETS,KOHLER® K-596-VS-914 Utility Faucets,KOHLER® K-596-VS-914 Utility Faucets,,,,,,,,,,,,,,,,,,,,,,,,,,,,,,,,,,,,,,,,,,,,,,,,,,,,,,,,,,,,,,,,,,,,,,,,,,,,,,,,,,,,,,,,,,,,,,,,,,,,,,,,,,,,,,,,,,,,,,,,,,,,,,,,,,,,,,,,,,,,,,,,,,,,,,,,,,,,,,,,,,,,,,,,,,,,,,,,,,,,,,30181706,,,,,,,,,,,,,,,,,,,,,,,,,,,,,,,,,,,,,,,,,,,
,,,,,,,,,,,607-1/2-915,Nibco 607 1/2 1/2 in Copper Wrot Pressure 90 Deg Elbow Item #915,,,,Nibco Inc (NIBCO),Nibco Inc,NIBCO®,,607-1/2-915,,"Plumbing>Pipe, Tube & Hose Fittings>Pipe Fittings","NIBCO® 607-1/2-915 Pipe Fittings, Elbow, 1/2 in, Press, Copper",NIBCO 607-1/2-915 PIPE FITTINGS,"NIBCO® 607-1/2-915 Pipe Fittings, Elbow, 1/2 in, Press, Copper","NIBCO® 607-1/2-915 Pipe Fittings, Elbow, 1/2 in, Press, Copper",,,,,,,,,,,,,,,,,,,,,,,,,,,,,Fitting Fitting/Connector Type,Elbow,,Pipe Size,1/2,in,Connection Type,Press,,Fitting Material,Copper,,,,,,,,,,,,,,,,,,,,,,,,,,,,,,,,,,,,,,,,,,,,,,,,,,,,,,,,,,,,,,,,,,,,,,,,,,,,,,,,,,,,,,,,,,,,,,,,,,,,,,,,,,,,,,,,,,,,,,,,,,,,,,,,,,,,,,,,,,,,,,,40172600,,,,,,,,,,,,,,,,,,,,,,,,,,,,,,,,,,,,,,,,,,,
,,,,,,,,,,,U008LF-916,SharkBite U008LF 1/2 in Push-to-Connect Brass Coupling Item #916,,,,SharkBite Plumbing Solutions (SHARK),SharkBite Plumbing Solutions,SHARKBITE®,,U008LF-916,,"Plumbing>Pipe, Tube & Hose Fittings>Pipe Fittings","SHARKBITE® U008LF-916 Pipe Fittings, Coupling, 1/2 in, Push-to-Connect, Brass",SHARKBITE U008LF-916 PIPE FITTINGS,"SHARKBITE® U008LF-916 Pipe Fittings, Coupling, 1/2 in, Push-to-Connect, Brass","SHARKBITE® U008LF-916 Pipe Fittings, Coupling, 1/2 in, Push-to-Connect, Brass",,,,,,,,,,,,,,,,,,,,,,,,,,,,,Fitting Fitting/Connector Type,Coupling,,Pipe Size,1/2,in,Connection Type,Push-to-Connect,,Fitting Material,Brass,,,,,,,,,,,,,,,,,,,,,,,,,,,,,,,,,,,,,,,,,,,,,,,,,,,,,,,,,,,,,,,,,,,,,,,,,,,,,,,,,,,,,,,,,,,,,,,,,,,,,,,,,,,,,,,,,,,,,,,,,,,,,,,,,,,,,,,,,,,,,,,40172600,,,,,,,,,,,,,,,,,,,,,,,,,,,,,,,,,,,,,,,,,,,
,,,,,,,,,,,NIP-050-CLOSE-917,Charlotte Pipe 1/2 in x Close Black Steel Nipple MNPT Item #917,,,,Charlotte Pipe and Foundry (CHARL),Charlotte Pipe and Foundry,CHARLOTTE PIPE®,,NIP-050-CLOSE-917,,"Plumbing>Pipe, Tube & Hose Fittings>Pipe Fittings","CHARLOTTE PIPE® NIP-050-CLOSE-917 Pipe Fittings, Tee, 1/2 in, MNPT",CHARLOTTE PIPE NIP-050-CLOSE-917 PIPE FI,"CHARLOTTE PIPE® NIP-050-CLOSE-917 Pipe Fittings, Tee, 1/2 in, MNPT","CHARLOTTE PIPE® NIP-050-CLOSE-917 Pipe Fittings, Tee, 1/2 in, MNPT",,,,,,,,,,,,,,,,,,,,,,,,,,,,,Fitting Fitting/Connector Type,Tee,,Pipe Size,1/2,in,Connection Type,MNPT,,,,,,,,,,,,,,,,,,,,,,,,,,,,,,,,,,,,,,,,,,,,,,,,,,,,,,,,,,,,,,,,,,,,,,,,,,,,,,,,,,,,,,,,,,,,,,,,,,,,,,,,,,,,,,,,,,,,,,,,,,,,,,,,,,,,,,,,,,,,,,,,,,40172600,,,,,,,,,,,,,,,,,,,,,,,,,,,,,,,,,,,,,,,,,,,
,,,,,,,,,,,PDSH4816AF-918,PDSH4816AF Dishwasher SS - Display Only Item #918,,,,Appliance Dealers Cooperative (APPDE),Appliance Dealers Cooperative,FRIGIDAIRE®,,PDSH4816AF-918,,unclassified / needs manual mapping,FRIGIDAIRE® PDSH4816AF-918 Product,FRIGIDAIRE PDSH4816AF-918 PRODUCT,FRIGIDAIRE® PDSH4816AF-918 Product,FRIGIDAIRE® PDSH4816AF-918 Product,,,,,,,,,,,,,,,,,,,,,,,,,,,,,,,,,,,,,,,,,,,,,,,,,,,,,,,,,,,,,,,,,,,,,,,,,,,,,,,,,,,,,,,,,,,,,,,,,,,,,,,,,,,,,,,,,,,,,,,,,,,,,,,,,,,,,,,,,,,,,,,,,,,,,,,,,,,,,,,,,,,,,,,,,,,,,,,,,,,,,,,,,,,,,,,,,,,,,,,,,,,,,,,,,,,,,,,,,,,,,,,,,
,,,,,,,,,,,WDTS7024RZ-919,WDTS7024RZ Dishwasher SS - Display Only Item #919,,,,Appliance Dealers Cooperative (APPDE),Appliance Dealers Cooperative,FRIGIDAIRE®,,WDTS7024RZ-919,,unclassified / needs manual mapping,FRIGIDAIRE® WDTS7024RZ-919 Product,FRIGIDAIRE WDTS7024RZ-919 PRODUCT,FRIGIDAIRE® WDTS7024RZ-919 Product,FRIGIDAIRE® WDTS7024RZ-919 Product,,,,,,,,,,,,,,,,,,,,,,,,,,,,,,,,,,,,,,,,,,,,,,,,,,,,,,,,,,,,,,,,,,,,,,,,,,,,,,,,,,,,,,,,,,,,,,,,,,,,,,,,,,,,,,,,,,,,,,,,,,,,,,,,,,,,,,,,,,,,,,,,,,,,,,,,,,,,,,,,,,,,,,,,,,,,,,,,,,,,,,,,,,,,,,,,,,,,,,,,,,,,,,,,,,,,,,,,,,,,,,,,,
,,,,,,,,,,,DCB205C-920,Dewalt 20V Max 5.0Ah Starter Kit Item #920,,,,Black & Decker (2585),Black & Decker,DEWALT®,,DCB205C-920,,unclassified / needs manual mapping,DEWALT® DCB205C-920 Product,DEWALT DCB205C-920 PRODUCT,DEWALT® DCB205C-920 Product,DEWALT® DCB205C-920 Product,,,,,,,,,,,,,,,,,,,,,,,,,,,,,,,,,,,,,,,,,,,,,,,,,,,,,,,,,,,,,,,,,,,,,,,,,,,,,,,,,,,,,,,,,,,,,,,,,,,,,,,,,,,,,,,,,,,,,,,,,,,,,,,,,,,,,,,,,,,,,,,,,,,,,,,,,,,,,,,,,,,,,,,,,,,,,,,,,,,,,,,,,,,,,,,,,,,,,,,,,,,,,,,,,,,,,,,,,,,,,,,,,
,,,,,,,,,,,DCB518ASTS06G-921,"DCB518ASTS06G Diablo 1/2""x18"" - Sanding Belt 6pc Item #921",,,,Freud Inc (2435),Freud Inc,DIABLO®,,DCB518ASTS06G-921,,unclassified / needs manual mapping,DIABLO® DCB518ASTS06G-921 Product,DIABLO DCB518ASTS06G-921 PRODUCT,DIABLO® DCB518ASTS06G-921 Product,DIABLO® DCB518ASTS06G-921 Product,,,,,,,,,,,,,,,,,,,,,,,,,,,,,,,,,,,,,,,,,,,,,,,,,,,,,,,,,,,,,,,,,,,,,,,,,,,,,,,,,,,,,,,,,,,,,,,,,,,,,,,,,,,,,,,,,,,,,,,,,,,,,,,,,,,,,,,,,,,,,,,,,,,,,,,,,,,,,,,,,,,,,,,,,,,,,,,,,,,,,,,,,,,,,,,,,,,,,,,,,,,,,,,,,,,,,,,,,,,,,,,,,
,,,,,,,,,,,6702-000-922,Moen 6702-000 Genta Single Handle Bathroom Sink Faucet Chrome 1.2 gpm 4in Item #922,,,,Moen Incorporated (MOEN),Moen Incorporated,MOEN®,,6702-000-922,,Plumbing>Faucets>Bathroom Sink Faucets,"MOEN® 6702-000-922 Bathroom Sink Faucets, 2, 1.2 gpm, Chrome",MOEN 6702-000-922 BATHROOM SINK FAUCETS,"MOEN® 6702-000-922 Bathroom Sink Faucets, 2, 1.2 gpm, Chrome","MOEN® 6702-000-922 Bathroom Sink Faucets, 2, 1.2 gpm, Chrome",,,,,,,,,,,,,,,,,,,,,,,,,,,,,Number of Faucet Handles,2,,Flow Rate,1.2,gpm,Finish/Color,Chrome,,,,,,,,,,,,,,,,,,,,,,,,,,,,,,,,,,,,,,,,,,,,,,,,,,,,,,,,,,,,,,,,,,,,,,,,,,,,,,,,,,,,,,,,,,,,,,,,,,,,,,,,,,,,,,,,,,,,,,,,,,,,,,,,,,,,,,,,,,,,,,,,,,30181702,,,,,,,,,,,,,,,,,,,,,,,,,,,,,,,,,,,,,,,,,,,
,,,,,,,,,,,559HA-DST-923,Delta 559HA-DST Trinsic Single Handle Bathroom Sink Faucet Matte Black 1.2 gpm Item #923,,,,Delta Faucet Company (DELTA),Delta Faucet Company,DELTA®,,559HA-DST-923,,Plumbing>Faucets>Bathroom Sink Faucets,"DELTA® 559HA-DST-923 Bathroom Sink Faucets, 2, 1.2 gpm, Matte Black",DELTA 559HA-DST-923 BATHROOM SINK FAUCET,"DELTA® 559HA-DST-923 Bathroom Sink Faucets, 2, 1.2 gpm, Matte Black","DELTA® 559HA-DST-923 Bathroom Sink Faucets, 2, 1.2 gpm, Matte Black",,,,,,,,,,,,,,,,,,,,,,,,,,,,,Number of Faucet Handles,2,,Flow Rate,1.2,gpm,Finish/Color,Matte Black,,,,,,,,,,,,,,,,,,,,,,,,,,,,,,,,,,,,,,,,,,,,,,,,,,,,,,,,,,,,,,,,,,,,,,,,,,,,,,,,,,,,,,,,,,,,,,,,,,,,,,,,,,,,,,,,,,,,,,,,,,,,,,,,,,,,,,,,,,,,,,,,,,30181702,,,,,,,,,,,,,,,,,,,,,,,,,,,,,,,,,,,,,,,,,,,
,,,,,,,,,,,K-596-VS-924,Kohler K-596-VS Simplice Pull-Down Kitchen Faucet Vibrant Stainless 1.5 gpm Item #924,,,,Kohler Co. (KOHLER),Kohler Co.,KOHLER®,,K-596-VS-924,,Plumbing>Faucets>Utility Faucets,KOHLER® K-596-VS-924 Utility Faucets,KOHLER K-596-VS-924 UTILITY FAUCETS,KOHLER® K-596-VS-924 Utility Faucets,KOHLER® K-596-VS-924 Utility Faucets,,,,,,,,,,,,,,,,,,,,,,,,,,,,,,,,,,,,,,,,,,,,,,,,,,,,,,,,,,,,,,,,,,,,,,,,,,,,,,,,,,,,,,,,,,,,,,,,,,,,,,,,,,,,,,,,,,,,,,,,,,,,,,,,,,,,,,,,,,,,,,,,,,,,,,,,,,,,,,,,,,,,,,,,,,,,,,,,,,,,,,30181706,,,,,,,,,,,,,,,,,,,,,,,,,,,,,,,,,,,,,,,,,,,
,,,,,,,,,,,607-1/2-925,Nibco 607 1/2 1/2 in Copper Wrot Pressure 90 Deg Elbow Item #925,,,,Nibco Inc (NIBCO),Nibco Inc,NIBCO®,,607-1/2-925,,"Plumbing>Pipe, Tube & Hose Fittings>Pipe Fittings","NIBCO® 607-1/2-925 Pipe Fittings, Elbow, 1/2 in, Press, Copper",NIBCO 607-1/2-925 PIPE FITTINGS,"NIBCO® 607-1/2-925 Pipe Fittings, Elbow, 1/2 in, Press, Copper","NIBCO® 607-1/2-925 Pipe Fittings, Elbow, 1/2 in, Press, Copper",,,,,,,,,,,,,,,,,,,,,,,,,,,,,Fitting Fitting/Connector Type,Elbow,,Pipe Size,1/2,in,Connection Type,Press,,Fitting Material,Copper,,,,,,,,,,,,,,,,,,,,,,,,,,,,,,,,,,,,,,,,,,,,,,,,,,,,,,,,,,,,,,,,,,,,,,,,,,,,,,,,,,,,,,,,,,,,,,,,,,,,,,,,,,,,,,,,,,,,,,,,,,,,,,,,,,,,,,,,,,,,,,,40172600,,,,,,,,,,,,,,,,,,,,,,,,,,,,,,,,,,,,,,,,,,,
,,,,,,,,,,,U008LF-926,SharkBite U008LF 1/2 in Push-to-Connect Brass Coupling Item #926,,,,SharkBite Plumbing Solutions (SHARK),SharkBite Plumbing Solutions,SHARKBITE®,,U008LF-926,,"Plumbing>Pipe, Tube & Hose Fittings>Pipe Fittings","SHARKBITE® U008LF-926 Pipe Fittings, Coupling, 1/2 in, Push-to-Connect, Brass",SHARKBITE U008LF-926 PIPE FITTINGS,"SHARKBITE® U008LF-926 Pipe Fittings, Coupling, 1/2 in, Push-to-Connect, Brass","SHARKBITE® U008LF-926 Pipe Fittings, Coupling, 1/2 in, Push-to-Connect, Brass",,,,,,,,,,,,,,,,,,,,,,,,,,,,,Fitting Fitting/Connector Type,Coupling,,Pipe Size,1/2,in,Connection Type,Push-to-Connect,,Fitting Material,Brass,,,,,,,,,,,,,,,,,,,,,,,,,,,,,,,,,,,,,,,,,,,,,,,,,,,,,,,,,,,,,,,,,,,,,,,,,,,,,,,,,,,,,,,,,,,,,,,,,,,,,,,,,,,,,,,,,,,,,,,,,,,,,,,,,,,,,,,,,,,,,,,40172600,,,,,,,,,,,,,,,,,,,,,,,,,,,,,,,,,,,,,,,,,,,
,,,,,,,,,,,NIP-050-CLOSE-927,Charlotte Pipe 1/2 in x Close Black Steel Nipple MNPT Item #927,,,,Charlotte Pipe and Foundry (CHARL),Charlotte Pipe and Foundry,CHARLOTTE PIPE®,,NIP-050-CLOSE-927,,"Plumbing>Pipe, Tube & Hose Fittings>Pipe Fittings","CHARLOTTE PIPE® NIP-050-CLOSE-927 Pipe Fittings, Tee, 1/2 in, MNPT",CHARLOTTE PIPE NIP-050-CLOSE-927 PIPE FI,"CHARLOTTE PIPE® NIP-050-CLOSE-927 Pipe Fittings, Tee, 1/2 in, MNPT","CHARLOTTE PIPE® NIP-050-CLOSE-927 Pipe Fittings, Tee, 1/2 in, MNPT",,,,,,,,,,,,,,,,,,,,,,,,,,,,,Fitting Fitting/Connector Type,Tee,,Pipe Size,1/2,in,Connection Type,MNPT,,,,,,,,,,,,,,,,,,,,,,,,,,,,,,,,,,,,,,,,,,,,,,,,,,,,,,,,,,,,,,,,,,,,,,,,,,,,,,,,,,,,,,,,,,,,,,,,,,,,,,,,,,,,,,,,,,,,,,,,,,,,,,,,,,,,,,,,,,,,,,,,,,40172600,,,,,,,,,,,,,,,,,,,,,,,,,,,,,,,,,,,,,,,,,,,
,,,,,,,,,,,PDSH4816AF-928,PDSH4816AF Dishwasher SS - Display Only Item #928,,,,Appliance Dealers Cooperative (APPDE),Appliance Dealers Cooperative,FRIGIDAIRE®,,PDSH4816AF-928,,unclassified / needs manual mapping,FRIGIDAIRE® PDSH4816AF-928 Product,FRIGIDAIRE PDSH4816AF-928 PRODUCT,FRIGIDAIRE® PDSH4816AF-928 Product,FRIGIDAIRE® PDSH4816AF-928 Product,,,,,,,,,,,,,,,,,,,,,,,,,,,,,,,,,,,,,,,,,,,,,,,,,,,,,,,,,,,,,,,,,,,,,,,,,,,,,,,,,,,,,,,,,,,,,,,,,,,,,,,,,,,,,,,,,,,,,,,,,,,,,,,,,,,,,,,,,,,,,,,,,,,,,,,,,,,,,,,,,,,,,,,,,,,,,,,,,,,,,,,,,,,,,,,,,,,,,,,,,,,,,,,,,,,,,,,,,,,,,,,,,
,,,,,,,,,,,WDTS7024RZ-929,WDTS7024RZ Dishwasher SS - Display Only Item #929,,,,Appliance Dealers Cooperative (APPDE),Appliance Dealers Cooperative,FRIGIDAIRE®,,WDTS7024RZ-929,,unclassified / needs manual mapping,FRIGIDAIRE® WDTS7024RZ-929 Product,FRIGIDAIRE WDTS7024RZ-929 PRODUCT,FRIGIDAIRE® WDTS7024RZ-929 Product,FRIGIDAIRE® WDTS7024RZ-929 Product,,,,,,,,,,,,,,,,,,,,,,,,,,,,,,,,,,,,,,,,,,,,,,,,,,,,,,,,,,,,,,,,,,,,,,,,,,,,,,,,,,,,,,,,,,,,,,,,,,,,,,,,,,,,,,,,,,,,,,,,,,,,,,,,,,,,,,,,,,,,,,,,,,,,,,,,,,,,,,,,,,,,,,,,,,,,,,,,,,,,,,,,,,,,,,,,,,,,,,,,,,,,,,,,,,,,,,,,,,,,,,,,,
,,,,,,,,,,,DCB205C-930,Dewalt 20V Max 5.0Ah Starter Kit Item #930,,,,Black & Decker (2585),Black & Decker,DEWALT®,,DCB205C-930,,unclassified / needs manual mapping,DEWALT® DCB205C-930 Product,DEWALT DCB205C-930 PRODUCT,DEWALT® DCB205C-930 Product,DEWALT® DCB205C-930 Product,,,,,,,,,,,,,,,,,,,,,,,,,,,,,,,,,,,,,,,,,,,,,,,,,,,,,,,,,,,,,,,,,,,,,,,,,,,,,,,,,,,,,,,,,,,,,,,,,,,,,,,,,,,,,,,,,,,,,,,,,,,,,,,,,,,,,,,,,,,,,,,,,,,,,,,,,,,,,,,,,,,,,,,,,,,,,,,,,,,,,,,,,,,,,,,,,,,,,,,,,,,,,,,,,,,,,,,,,,,,,,,,,
,,,,,,,,,,,DCB518ASTS06G-931,"DCB518ASTS06G Diablo 1/2""x18"" - Sanding Belt 6pc Item #931",,,,Freud Inc (2435),Freud Inc,DIABLO®,,DCB518ASTS06G-931,,unclassified / needs manual mapping,DIABLO® DCB518ASTS06G-931 Product,DIABLO DCB518ASTS06G-931 PRODUCT,DIABLO® DCB518ASTS06G-931 Product,DIABLO® DCB518ASTS06G-931 Product,,,,,,,,,,,,,,,,,,,,,,,,,,,,,,,,,,,,,,,,,,,,,,,,,,,,,,,,,,,,,,,,,,,,,,,,,,,,,,,,,,,,,,,,,,,,,,,,,,,,,,,,,,,,,,,,,,,,,,,,,,,,,,,,,,,,,,,,,,,,,,,,,,,,,,,,,,,,,,,,,,,,,,,,,,,,,,,,,,,,,,,,,,,,,,,,,,,,,,,,,,,,,,,,,,,,,,,,,,,,,,,,,
,,,,,,,,,,,6702-000-932,Moen 6702-000 Genta Single Handle Bathroom Sink Faucet Chrome 1.2 gpm 4in Item #932,,,,Moen Incorporated (MOEN),Moen Incorporated,MOEN®,,6702-000-932,,Plumbing>Faucets>Bathroom Sink Faucets,"MOEN® 6702-000-932 Bathroom Sink Faucets, 2, 1.2 gpm, Chrome",MOEN 6702-000-932 BATHROOM SINK FAUCETS,"MOEN® 6702-000-932 Bathroom Sink Faucets, 2, 1.2 gpm, Chrome","MOEN® 6702-000-932 Bathroom Sink Faucets, 2, 1.2 gpm, Chrome",,,,,,,,,,,,,,,,,,,,,,,,,,,,,Number of Faucet Handles,2,,Flow Rate,1.2,gpm,Finish/Color,Chrome,,,,,,,,,,,,,,,,,,,,,,,,,,,,,,,,,,,,,,,,,,,,,,,,,,,,,,,,,,,,,,,,,,,,,,,,,,,,,,,,,,,,,,,,,,,,,,,,,,,,,,,,,,,,,,,,,,,,,,,,,,,,,,,,,,,,,,,,,,,,,,,,,,30181702,,,,,,,,,,,,,,,,,,,,,,,,,,,,,,,,,,,,,,,,,,,
,,,,,,,,,,,559HA-DST-933,Delta 559HA-DST Trinsic Single Handle Bathroom Sink Faucet Matte Black 1.2 gpm Item #933,,,,Delta Faucet Company (DELTA),Delta Faucet Company,DELTA®,,559HA-DST-933,,Plumbing>Faucets>Bathroom Sink Faucets,"DELTA® 559HA-DST-933 Bathroom Sink Faucets, 2, 1.2 gpm, Matte Black",DELTA 559HA-DST-933 BATHROOM SINK FAUCET,"DELTA® 559HA-DST-933 Bathroom Sink Faucets, 2, 1.2 gpm, Matte Black","DELTA® 559HA-DST-933 Bathroom Sink Faucets, 2, 1.2 gpm, Matte Black",,,,,,,,,,,,,,,,,,,,,,,,,,,,,Number of Faucet Handles,2,,Flow Rate,1.2,gpm,Finish/Color,Matte Black,,,,,,,,,,,,,,,,,,,,,,,,,,,,,,,,,,,,,,,,,,,,,,,,,,,,,,,,,,,,,,,,,,,,,,,,,,,,,,,,,,,,,,,,,,,,,,,,,,,,,,,,,,,,,,,,,,,,,,,,,,,,,,,,,,,,,,,,,,,,,,,,,,30181702,,,,,,,,,,,,,,,,,,,,,,,,,,,,,,,,,,,,,,,,,,,
,,,,,,,,,,,K-596-VS-934,Kohler K-596-VS Simplice Pull-Down Kitchen Faucet Vibrant Stainless 1.5 gpm Item #934,,,,Kohler Co. (KOHLER),Kohler Co.,KOHLER®,,K-596-VS-934,,Plumbing>Faucets>Utility Faucets,KOHLER® K-596-VS-934 Utility Faucets,KOHLER K-596-VS-934 UTILITY FAUCETS,KOHLER® K-596-VS-934 Utility Faucets,KOHLER® K-596-VS-934 Utility Faucets,,,,,,,,,,,,,,,,,,,,,,,,,,,,,,,,,,,,,,,,,,,,,,,,,,,,,,,,,,,,,,,,,,,,,,,,,,,,,,,,,,,,,,,,,,,,,,,,,,,,,,,,,,,,,,,,,,,,,,,,,,,,,,,,,,,,,,,,,,,,,,,,,,,,,,,,,,,,,,,,,,,,,,,,,,,,,,,,,,,,,,30181706,,,,,,,,,,,,,,,,,,,,,,,,,,,,,,,,,,,,,,,,,,,
,,,,,,,,,,,607-1/2-935,Nibco 607 1/2 1/2 in Copper Wrot Pressure 90 Deg Elbow Item #935,,,,Nibco Inc (NIBCO),Nibco Inc,NIBCO®,,607-1/2-935,,"Plumbing>Pipe, Tube & Hose Fittings>Pipe Fittings","NIBCO® 607-1/2-935 Pipe Fittings, Elbow, 1/2 in, Press, Copper",NIBCO 607-1/2-935 PIPE FITTINGS,"NIBCO® 607-1/2-935 Pipe Fittings, Elbow, 1/2 in, Press, Copper","NIBCO® 607-1/2-935 Pipe Fittings, Elbow, 1/2 in, Press, Copper",,,,,,,,,,,,,,,,,,,,,,,,,,,,,Fitting Fitting/Connector Type,Elbow,,Pipe Size,1/2,in,Connection Type,Press,,Fitting Material,Copper,,,,,,,,,,,,,,,,,,,,,,,,,,,,,,,,,,,,,,,,,,,,,,,,,,,,,,,,,,,,,,,,,,,,,,,,,,,,,,,,,,,,,,,,,,,,,,,,,,,,,,,,,,,,,,,,,,,,,,,,,,,,,,,,,,,,,,,,,,,,,,,40172600,,,,,,,,,,,,,,,,,,,,,,,,,,,,,,,,,,,,,,,,,,,
,,,,,,,,,,,U008LF-936,SharkBite U008LF 1/2 in Push-to-Connect Brass Coupling Item #936,,,,SharkBite Plumbing Solutions (SHARK),SharkBite Plumbing Solutions,SHARKBITE®,,U008LF-936,,"Plumbing>Pipe, Tube & Hose Fittings>Pipe Fittings","SHARKBITE® U008LF-936 Pipe Fittings, Coupling, 1/2 in, Push-to-Connect, Brass",SHARKBITE U008LF-936 PIPE FITTINGS,"SHARKBITE® U008LF-936 Pipe Fittings, Coupling, 1/2 in, Push-to-Connect, Brass","SHARKBITE® U008LF-936 Pipe Fittings, Coupling, 1/2 in, Push-to-Connect, Brass",,,,,,,,,,,,,,,,,,,,,,,,,,,,,Fitting Fitting/Connector Type,Coupling,,Pipe Size,1/2,in,Connection Type,Push-to-Connect,,Fitting Material,Brass,,,,,,,,,,,,,,,,,,,,,,,,,,,,,,,,,,,,,,,,,,,,,,,,,,,,,,,,,,,,,,,,,,,,,,,,,,,,,,,,,,,,,,,,,,,,,,,,,,,,,,,,,,,,,,,,,,,,,,,,,,,,,,,,,,,,,,,,,,,,,,,40172600,,,,,,,,,,,,,,,,,,,,,,,,,,,,,,,,,,,,,,,,,,,
,,,,,,,,,,,NIP-050-CLOSE-937,Charlotte Pipe 1/2 in x Close Black Steel Nipple MNPT Item #937,,,,Charlotte Pipe and Foundry (CHARL),Charlotte Pipe and Foundry,CHARLOTTE PIPE®,,NIP-050-CLOSE-937,,"Plumbing>Pipe, Tube & Hose Fittings>Pipe Fittings","CHARLOTTE PIPE® NIP-050-CLOSE-937 Pipe Fittings, Tee, 1/2 in, MNPT",CHARLOTTE PIPE NIP-050-CLOSE-937 PIPE FI,"CHARLOTTE PIPE® NIP-050-CLOSE-937 Pipe Fittings, Tee, 1/2 in, MNPT","CHARLOTTE PIPE® NIP-050-CLOSE-937 Pipe Fittings, Tee, 1/2 in, MNPT",,,,,,,,,,,,,,,,,,,,,,,,,,,,,Fitting Fitting/Connector Type,Tee,,Pipe Size,1/2,in,Connection Type,MNPT,,,,,,,,,,,,,,,,,,,,,,,,,,,,,,,,,,,,,,,,,,,,,,,,,,,,,,,,,,,,,,,,,,,,,,,,,,,,,,,,,,,,,,,,,,,,,,,,,,,,,,,,,,,,,,,,,,,,,,,,,,,,,,,,,,,,,,,,,,,,,,,,,,40172600,,,,,,,,,,,,,,,,,,,,,,,,,,,,,,,,,,,,,,,,,,,
,,,,,,,,,,,PDSH4816AF-938,PDSH4816AF Dishwasher SS - Display Only Item #938,,,,Appliance Dealers Cooperative (APPDE),Appliance Dealers Cooperative,FRIGIDAIRE®,,PDSH4816AF-938,,unclassified / needs manual mapping,FRIGIDAIRE® PDSH4816AF-938 Product,FRIGIDAIRE PDSH4816AF-938 PRODUCT,FRIGIDAIRE® PDSH4816AF-938 Product,FRIGIDAIRE® PDSH4816AF-938 Product,,,,,,,,,,,,,,,,,,,,,,,,,,,,,,,,,,,,,,,,,,,,,,,,,,,,,,,,,,,,,,,,,,,,,,,,,,,,,,,,,,,,,,,,,,,,,,,,,,,,,,,,,,,,,,,,,,,,,,,,,,,,,,,,,,,,,,,,,,,,,,,,,,,,,,,,,,,,,,,,,,,,,,,,,,,,,,,,,,,,,,,,,,,,,,,,,,,,,,,,,,,,,,,,,,,,,,,,,,,,,,,,,
,,,,,,,,,,,WDTS7024RZ-939,WDTS7024RZ Dishwasher SS - Display Only Item #939,,,,Appliance Dealers Cooperative (APPDE),Appliance Dealers Cooperative,FRIGIDAIRE®,,WDTS7024RZ-939,,unclassified / needs manual mapping,FRIGIDAIRE® WDTS7024RZ-939 Product,FRIGIDAIRE WDTS7024RZ-939 PRODUCT,FRIGIDAIRE® WDTS7024RZ-939 Product,FRIGIDAIRE® WDTS7024RZ-939 Product,,,,,,,,,,,,,,,,,,,,,,,,,,,,,,,,,,,,,,,,,,,,,,,,,,,,,,,,,,,,,,,,,,,,,,,,,,,,,,,,,,,,,,,,,,,,,,,,,,,,,,,,,,,,,,,,,,,,,,,,,,,,,,,,,,,,,,,,,,,,,,,,,,,,,,,,,,,,,,,,,,,,,,,,,,,,,,,,,,,,,,,,,,,,,,,,,,,,,,,,,,,,,,,,,,,,,,,,,,,,,,,,,
,,,,,,,,,,,DCB205C-940,Dewalt 20V Max 5.0Ah Starter Kit Item #940,,,,Black & Decker (2585),Black & Decker,DEWALT®,,DCB205C-940,,unclassified / needs manual mapping,DEWALT® DCB205C-940 Product,DEWALT DCB205C-940 PRODUCT,DEWALT® DCB205C-940 Product,DEWALT® DCB205C-940 Product,,,,,,,,,,,,,,,,,,,,,,,,,,,,,,,,,,,,,,,,,,,,,,,,,,,,,,,,,,,,,,,,,,,,,,,,,,,,,,,,,,,,,,,,,,,,,,,,,,,,,,,,,,,,,,,,,,,,,,,,,,,,,,,,,,,,,,,,,,,,,,,,,,,,,,,,,,,,,,,,,,,,,,,,,,,,,,,,,,,,,,,,,,,,,,,,,,,,,,,,,,,,,,,,,,,,,,,,,,,,,,,,,
,,,,,,,,,,,DCB518ASTS06G-941,"DCB518ASTS06G Diablo 1/2""x18"" - Sanding Belt 6pc Item #941",,,,Freud Inc (2435),Freud Inc,DIABLO®,,DCB518ASTS06G-941,,unclassified / needs manual mapping,DIABLO® DCB518ASTS06G-941 Product,DIABLO DCB518ASTS06G-941 PRODUCT,DIABLO® DCB518ASTS06G-941 Product,DIABLO® DCB518ASTS06G-941 Product,,,,,,,,,,,,,,,,,,,,,,,,,,,,,,,,,,,,,,,,,,,,,,,,,,,,,,,,,,,,,,,,,,,,,,,,,,,,,,,,,,,,,,,,,,,,,,,,,,,,,,,,,,,,,,,,,,,,,,,,,,,,,,,,,,,,,,,,,,,,,,,,,,,,,,,,,,,,,,,,,,,,,,,,,,,,,,,,,,,,,,,,,,,,,,,,,,,,,,,,,,,,,,,,,,,,,,,,,,,,,,,,,
,,,,,,,,,,,6702-000-942,Moen 6702-000 Genta Single Handle Bathroom Sink Faucet Chrome 1.2 gpm 4in Item #942,,,,Moen Incorporated (MOEN),Moen Incorporated,MOEN®,,6702-000-942,,Plumbing>Faucets>Bathroom Sink Faucets,"MOEN® 6702-000-942 Bathroom Sink Faucets, 2, 1.2 gpm, Chrome",MOEN 6702-000-942 BATHROOM SINK FAUCETS,"MOEN® 6702-000-942 Bathroom Sink Faucets, 2, 1.2 gpm, Chrome","MOEN® 6702-000-942 Bathroom Sink Faucets, 2, 1.2 gpm, Chrome",,,,,,,,,,,,,,,,,,,,,,,,,,,,,Number of Faucet Handles,2,,Flow Rate,1.2,gpm,Finish/Color,Chrome,,,,,,,,,,,,,,,,,,,,,,,,,,,,,,,,,,,,,,,,,,,,,,,,,,,,,,,,,,,,,,,,,,,,,,,,,,,,,,,,,,,,,,,,,,,,,,,,,,,,,,,,,,,,,,,,,,,,,,,,,,,,,,,,,,,,,,,,,,,,,,,,,,30181702,,,,,,,,,,,,,,,,,,,,,,,,,,,,,,,,,,,,,,,,,,,
,,,,,,,,,,,559HA-DST-943,Delta 559HA-DST Trinsic Single Handle Bathroom Sink Faucet Matte Black 1.2 gpm Item #943,,,,Delta Faucet Company (DELTA),Delta Faucet Company,DELTA®,,559HA-DST-943,,Plumbing>Faucets>Bathroom Sink Faucets,"DELTA® 559HA-DST-943 Bathroom Sink Faucets, 2, 1.2 gpm, Matte Black",DELTA 559HA-DST-943 BATHROOM SINK FAUCET,"DELTA® 559HA-DST-943 Bathroom Sink Faucets, 2, 1.2 gpm, Matte Black","DELTA® 559HA-DST-943 Bathroom Sink Faucets, 2, 1.2 gpm, Matte Black",,,,,,,,,,,,,,,,,,,,,,,,,,,,,Number of Faucet Handles,2,,Flow Rate,1.2,gpm,Finish/Color,Matte Black,,,,,,,,,,,,,,,,,,,,,,,,,,,,,,,,,,,,,,,,,,,,,,,,,,,,,,,,,,,,,,,,,,,,,,,,,,,,,,,,,,,,,,,,,,,,,,,,,,,,,,,,,,,,,,,,,,,,,,,,,,,,,,,,,,,,,,,,,,,,,,,,,,30181702,,,,,,,,,,,,,,,,,,,,,,,,,,,,,,,,,,,,,,,,,,,
,,,,,,,,,,,K-596-VS-944,Kohler K-596-VS Simplice Pull-Down Kitchen Faucet Vibrant Stainless 1.5 gpm Item #944,,,,Kohler Co. (KOHLER),Kohler Co.,KOHLER®,,K-596-VS-944,,Plumbing>Faucets>Utility Faucets,KOHLER® K-596-VS-944 Utility Faucets,KOHLER K-596-VS-944 UTILITY FAUCETS,KOHLER® K-596-VS-944 Utility Faucets,KOHLER® K-596-VS-944 Utility Faucets,,,,,,,,,,,,,,,,,,,,,,,,,,,,,,,,,,,,,,,,,,,,,,,,,,,,,,,,,,,,,,,,,,,,,,,,,,,,,,,,,,,,,,,,,,,,,,,,,,,,,,,,,,,,,,,,,,,,,,,,,,,,,,,,,,,,,,,,,,,,,,,,,,,,,,,,,,,,,,,,,,,,,,,,,,,,,,,,,,,,,,30181706,,,,,,,,,,,,,,,,,,,,,,,,,,,,,,,,,,,,,,,,,,,
,,,,,,,,,,,607-1/2-945,Nibco 607 1/2 1/2 in Copper Wrot Pressure 90 Deg Elbow Item #945,,,,Nibco Inc (NIBCO),Nibco Inc,NIBCO®,,607-1/2-945,,"Plumbing>Pipe, Tube & Hose Fittings>Pipe Fittings","NIBCO® 607-1/2-945 Pipe Fittings, Elbow, 1/2 in, Press, Copper",NIBCO 607-1/2-945 PIPE FITTINGS,"NIBCO® 607-1/2-945 Pipe Fittings, Elbow, 1/2 in, Press, Copper","NIBCO® 607-1/2-945 Pipe Fittings, Elbow, 1/2 in, Press, Copper",,,,,,,,,,,,,,,,,,,,,,,,,,,,,Fitting Fitting/Connector Type,Elbow,,Pipe Size,1/2,in,Connection Type,Press,,Fitting Material,Copper,,,,,,,,,,,,,,,,,,,,,,,,,,,,,,,,,,,,,,,,,,,,,,,,,,,,,,,,,,,,,,,,,,,,,,,,,,,,,,,,,,,,,,,,,,,,,,,,,,,,,,,,,,,,,,,,,,,,,,,,,,,,,,,,,,,,,,,,,,,,,,,40172600,,,,,,,,,,,,,,,,,,,,,,,,,,,,,,,,,,,,,,,,,,,
,,,,,,,,,,,U008LF-946,SharkBite U008LF 1/2 in Push-to-Connect Brass Coupling Item #946,,,,SharkBite Plumbing Solutions (SHARK),SharkBite Plumbing Solutions,SHARKBITE®,,U008LF-946,,"Plumbing>Pipe, Tube & Hose Fittings>Pipe Fittings","SHARKBITE® U008LF-946 Pipe Fittings, Coupling, 1/2 in, Push-to-Connect, Brass",SHARKBITE U008LF-946 PIPE FITTINGS,"SHARKBITE® U008LF-946 Pipe Fittings, Coupling, 1/2 in, Push-to-Connect, Brass","SHARKBITE® U008LF-946 Pipe Fittings, Coupling, 1/2 in, Push-to-Connect, Brass",,,,,,,,,,,,,,,,,,,,,,,,,,,,,Fitting Fitting/Connector Type,Coupling,,Pipe Size,1/2,in,Connection Type,Push-to-Connect,,Fitting Material,Brass,,,,,,,,,,,,,,,,,,,,,,,,,,,,,,,,,,,,,,,,,,,,,,,,,,,,,,,,,,,,,,,,,,,,,,,,,,,,,,,,,,,,,,,,,,,,,,,,,,,,,,,,,,,,,,,,,,,,,,,,,,,,,,,,,,,,,,,,,,,,,,,40172600,,,,,,,,,,,,,,,,,,,,,,,,,,,,,,,,,,,,,,,,,,,
,,,,,,,,,,,NIP-050-CLOSE-947,Charlotte Pipe 1/2 in x Close Black Steel Nipple MNPT Item #947,,,,Charlotte Pipe and Foundry (CHARL),Charlotte Pipe and Foundry,CHARLOTTE PIPE®,,NIP-050-CLOSE-947,,"Plumbing>Pipe, Tube & Hose Fittings>Pipe Fittings","CHARLOTTE PIPE® NIP-050-CLOSE-947 Pipe Fittings, Tee, 1/2 in, MNPT",CHARLOTTE PIPE NIP-050-CLOSE-947 PIPE FI,"CHARLOTTE PIPE® NIP-050-CLOSE-947 Pipe Fittings, Tee, 1/2 in, MNPT","CHARLOTTE PIPE® NIP-050-CLOSE-947 Pipe Fittings, Tee, 1/2 in, MNPT",,,,,,,,,,,,,,,,,,,,,,,,,,,,,Fitting Fitting/Connector Type,Tee,,Pipe Size,1/2,in,Connection Type,MNPT,,,,,,,,,,,,,,,,,,,,,,,,,,,,,,,,,,,,,,,,,,,,,,,,,,,,,,,,,,,,,,,,,,,,,,,,,,,,,,,,,,,,,,,,,,,,,,,,,,,,,,,,,,,,,,,,,,,,,,,,,,,,,,,,,,,,,,,,,,,,,,,,,,40172600,,,,,,,,,,,,,,,,,,,,,,,,,,,,,,,,,,,,,,,,,,,
,,,,,,,,,,,PDSH4816AF-948,PDSH4816AF Dishwasher SS - Display Only Item #948,,,,Appliance Dealers Cooperative (APPDE),Appliance Dealers Cooperative,FRIGIDAIRE®,,PDSH4816AF-948,,unclassified / needs manual mapping,FRIGIDAIRE® PDSH4816AF-948 Product,FRIGIDAIRE PDSH4816AF-948 PRODUCT,FRIGIDAIRE® PDSH4816AF-948 Product,FRIGIDAIRE® PDSH4816AF-948 Product,,,,,,,,,,,,,,,,,,,,,,,,,,,,,,,,,,,,,,,,,,,,,,,,,,,,,,,,,,,,,,,,,,,,,,,,,,,,,,,,,,,,,,,,,,,,,,,,,,,,,,,,,,,,,,,,,,,,,,,,,,,,,,,,,,,,,,,,,,,,,,,,,,,,,,,,,,,,,,,,,,,,,,,,,,,,,,,,,,,,,,,,,,,,,,,,,,,,,,,,,,,,,,,,,,,,,,,,,,,,,,,,,
,,,,,,,,,,,WDTS7024RZ-949,WDTS7024RZ Dishwasher SS - Display Only Item #949,,,,Appliance Dealers Cooperative (APPDE),Appliance Dealers Cooperative,FRIGIDAIRE®,,WDTS7024RZ-949,,unclassified / needs manual mapping,FRIGIDAIRE® WDTS7024RZ-949 Product,FRIGIDAIRE WDTS7024RZ-949 PRODUCT,FRIGIDAIRE® WDTS7024RZ-949 Product,FRIGIDAIRE® WDTS7024RZ-949 Product,,,,,,,,,,,,,,,,,,,,,,,,,,,,,,,,,,,,,,,,,,,,,,,,,,,,,,,,,,,,,,,,,,,,,,,,,,,,,,,,,,,,,,,,,,,,,,,,,,,,,,,,,,,,,,,,,,,,,,,,,,,,,,,,,,,,,,,,,,,,,,,,,,,,,,,,,,,,,,,,,,,,,,,,,,,,,,,,,,,,,,,,,,,,,,,,,,,,,,,,,,,,,,,,,,,,,,,,,,,,,,,,,
,,,,,,,,,,,DCB205C-950,Dewalt 20V Max 5.0Ah Starter Kit Item #950,,,,Black & Decker (2585),Black & Decker,DEWALT®,,DCB205C-950,,unclassified / needs manual mapping,DEWALT® DCB205C-950 Product,DEWALT DCB205C-950 PRODUCT,DEWALT® DCB205C-950 Product,DEWALT® DCB205C-950 Product,,,,,,,,,,,,,,,,,,,,,,,,,,,,,,,,,,,,,,,,,,,,,,,,,,,,,,,,,,,,,,,,,,,,,,,,,,,,,,,,,,,,,,,,,,,,,,,,,,,,,,,,,,,,,,,,,,,,,,,,,,,,,,,,,,,,,,,,,,,,,,,,,,,,,,,,,,,,,,,,,,,,,,,,,,,,,,,,,,,,,,,,,,,,,,,,,,,,,,,,,,,,,,,,,,,,,,,,,,,,,,,,,
,,,,,,,,,,,DCB518ASTS06G-951,"DCB518ASTS06G Diablo 1/2""x18"" - Sanding Belt 6pc Item #951",,,,Freud Inc (2435),Freud Inc,DIABLO®,,DCB518ASTS06G-951,,unclassified / needs manual mapping,DIABLO® DCB518ASTS06G-951 Product,DIABLO DCB518ASTS06G-951 PRODUCT,DIABLO® DCB518ASTS06G-951 Product,DIABLO® DCB518ASTS06G-951 Product,,,,,,,,,,,,,,,,,,,,,,,,,,,,,,,,,,,,,,,,,,,,,,,,,,,,,,,,,,,,,,,,,,,,,,,,,,,,,,,,,,,,,,,,,,,,,,,,,,,,,,,,,,,,,,,,,,,,,,,,,,,,,,,,,,,,,,,,,,,,,,,,,,,,,,,,,,,,,,,,,,,,,,,,,,,,,,,,,,,,,,,,,,,,,,,,,,,,,,,,,,,,,,,,,,,,,,,,,,,,,,,,,
,,,,,,,,,,,6702-000-952,Moen 6702-000 Genta Single Handle Bathroom Sink Faucet Chrome 1.2 gpm 4in Item #952,,,,Moen Incorporated (MOEN),Moen Incorporated,MOEN®,,6702-000-952,,Plumbing>Faucets>Bathroom Sink Faucets,"MOEN® 6702-000-952 Bathroom Sink Faucets, 2, 1.2 gpm, Chrome",MOEN 6702-000-952 BATHROOM SINK FAUCETS,"MOEN® 6702-000-952 Bathroom Sink Faucets, 2, 1.2 gpm, Chrome","MOEN® 6702-000-952 Bathroom Sink Faucets, 2, 1.2 gpm, Chrome",,,,,,,,,,,,,,,,,,,,,,,,,,,,,Number of Faucet Handles,2,,Flow Rate,1.2,gpm,Finish/Color,Chrome,,,,,,,,,,,,,,,,,,,,,,,,,,,,,,,,,,,,,,,,,,,,,,,,,,,,,,,,,,,,,,,,,,,,,,,,,,,,,,,,,,,,,,,,,,,,,,,,,,,,,,,,,,,,,,,,,,,,,,,,,,,,,,,,,,,,,,,,,,,,,,,,,,30181702,,,,,,,,,,,,,,,,,,,,,,,,,,,,,,,,,,,,,,,,,,,
,,,,,,,,,,,559HA-DST-953,Delta 559HA-DST Trinsic Single Handle Bathroom Sink Faucet Matte Black 1.2 gpm Item #953,,,,Delta Faucet Company (DELTA),Delta Faucet Company,DELTA®,,559HA-DST-953,,Plumbing>Faucets>Bathroom Sink Faucets,"DELTA® 559HA-DST-953 Bathroom Sink Faucets, 2, 1.2 gpm, Matte Black",DELTA 559HA-DST-953 BATHROOM SINK FAUCET,"DELTA® 559HA-DST-953 Bathroom Sink Faucets, 2, 1.2 gpm, Matte Black","DELTA® 559HA-DST-953 Bathroom Sink Faucets, 2, 1.2 gpm, Matte Black",,,,,,,,,,,,,,,,,,,,,,,,,,,,,Number of Faucet Handles,2,,Flow Rate,1.2,gpm,Finish/Color,Matte Black,,,,,,,,,,,,,,,,,,,,,,,,,,,,,,,,,,,,,,,,,,,,,,,,,,,,,,,,,,,,,,,,,,,,,,,,,,,,,,,,,,,,,,,,,,,,,,,,,,,,,,,,,,,,,,,,,,,,,,,,,,,,,,,,,,,,,,,,,,,,,,,,,,30181702,,,,,,,,,,,,,,,,,,,,,,,,,,,,,,,,,,,,,,,,,,,
,,,,,,,,,,,K-596-VS-954,Kohler K-596-VS Simplice Pull-Down Kitchen Faucet Vibrant Stainless 1.5 gpm Item #954,,,,Kohler Co. (KOHLER),Kohler Co.,KOHLER®,,K-596-VS-954,,Plumbing>Faucets>Utility Faucets,KOHLER® K-596-VS-954 Utility Faucets,KOHLER K-596-VS-954 UTILITY FAUCETS,KOHLER® K-596-VS-954 Utility Faucets,KOHLER® K-596-VS-954 Utility Faucets,,,,,,,,,,,,,,,,,,,,,,,,,,,,,,,,,,,,,,,,,,,,,,,,,,,,,,,,,,,,,,,,,,,,,,,,,,,,,,,,,,,,,,,,,,,,,,,,,,,,,,,,,,,,,,,,,,,,,,,,,,,,,,,,,,,,,,,,,,,,,,,,,,,,,,,,,,,,,,,,,,,,,,,,,,,,,,,,,,,,,,30181706,,,,,,,,,,,,,,,,,,,,,,,,,,,,,,,,,,,,,,,,,,,
,,,,,,,,,,,607-1/2-955,Nibco 607 1/2 1/2 in Copper Wrot Pressure 90 Deg Elbow Item #955,,,,Nibco Inc (NIBCO),Nibco Inc,NIBCO®,,607-1/2-955,,"Plumbing>Pipe, Tube & Hose Fittings>Pipe Fittings","NIBCO® 607-1/2-955 Pipe Fittings, Elbow, 1/2 in, Press, Copper",NIBCO 607-1/2-955 PIPE FITTINGS,"NIBCO® 607-1/2-955 Pipe Fittings, Elbow, 1/2 in, Press, Copper","NIBCO® 607-1/2-955 Pipe Fittings, Elbow, 1/2 in, Press, Copper",,,,,,,,,,,,,,,,,,,,,,,,,,,,,Fitting Fitting/Connector Type,Elbow,,Pipe Size,1/2,in,Connection Type,Press,,Fitting Material,Copper,,,,,,,,,,,,,,,,,,,,,,,,,,,,,,,,,,,,,,,,,,,,,,,,,,,,,,,,,,,,,,,,,,,,,,,,,,,,,,,,,,,,,,,,,,,,,,,,,,,,,,,,,,,,,,,,,,,,,,,,,,,,,,,,,,,,,,,,,,,,,,,40172600,,,,,,,,,,,,,,,,,,,,,,,,,,,,,,,,,,,,,,,,,,,
,,,,,,,,,,,U008LF-956,SharkBite U008LF 1/2 in Push-to-Connect Brass Coupling Item #956,,,,SharkBite Plumbing Solutions (SHARK),SharkBite Plumbing Solutions,SHARKBITE®,,U008LF-956,,"Plumbing>Pipe, Tube & Hose Fittings>Pipe Fittings","SHARKBITE® U008LF-956 Pipe Fittings, Coupling, 1/2 in, Push-to-Connect, Brass",SHARKBITE U008LF-956 PIPE FITTINGS,"SHARKBITE® U008LF-956 Pipe Fittings, Coupling, 1/2 in, Push-to-Connect, Brass","SHARKBITE® U008LF-956 Pipe Fittings, Coupling, 1/2 in, Push-to-Connect, Brass",,,,,,,,,,,,,,,,,,,,,,,,,,,,,Fitting Fitting/Connector Type,Coupling,,Pipe Size,1/2,in,Connection Type,Push-to-Connect,,Fitting Material,Brass,,,,,,,,,,,,,,,,,,,,,,,,,,,,,,,,,,,,,,,,,,,,,,,,,,,,,,,,,,,,,,,,,,,,,,,,,,,,,,,,,,,,,,,,,,,,,,,,,,,,,,,,,,,,,,,,,,,,,,,,,,,,,,,,,,,,,,,,,,,,,,,40172600,,,,,,,,,,,,,,,,,,,,,,,,,,,,,,,,,,,,,,,,,,,
,,,,,,,,,,,NIP-050-CLOSE-957,Charlotte Pipe 1/2 in x Close Black Steel Nipple MNPT Item #957,,,,Charlotte Pipe and Foundry (CHARL),Charlotte Pipe and Foundry,CHARLOTTE PIPE®,,NIP-050-CLOSE-957,,"Plumbing>Pipe, Tube & Hose Fittings>Pipe Fittings","CHARLOTTE PIPE® NIP-050-CLOSE-957 Pipe Fittings, Tee, 1/2 in, MNPT",CHARLOTTE PIPE NIP-050-CLOSE-957 PIPE FI,"CHARLOTTE PIPE® NIP-050-CLOSE-957 Pipe Fittings, Tee, 1/2 in, MNPT","CHARLOTTE PIPE® NIP-050-CLOSE-957 Pipe Fittings, Tee, 1/2 in, MNPT",,,,,,,,,,,,,,,,,,,,,,,,,,,,,Fitting Fitting/Connector Type,Tee,,Pipe Size,1/2,in,Connection Type,MNPT,,,,,,,,,,,,,,,,,,,,,,,,,,,,,,,,,,,,,,,,,,,,,,,,,,,,,,,,,,,,,,,,,,,,,,,,,,,,,,,,,,,,,,,,,,,,,,,,,,,,,,,,,,,,,,,,,,,,,,,,,,,,,,,,,,,,,,,,,,,,,,,,,,40172600,,,,,,,,,,,,,,,,,,,,,,,,,,,,,,,,,,,,,,,,,,,
,,,,,,,,,,,PDSH4816AF-958,PDSH4816AF Dishwasher SS - Display Only Item #958,,,,Appliance Dealers Cooperative (APPDE),Appliance Dealers Cooperative,FRIGIDAIRE®,,PDSH4816AF-958,,unclassified / needs manual mapping,FRIGIDAIRE® PDSH4816AF-958 Product,FRIGIDAIRE PDSH4816AF-958 PRODUCT,FRIGIDAIRE® PDSH4816AF-958 Product,FRIGIDAIRE® PDSH4816AF-958 Product,,,,,,,,,,,,,,,,,,,,,,,,,,,,,,,,,,,,,,,,,,,,,,,,,,,,,,,,,,,,,,,,,,,,,,,,,,,,,,,,,,,,,,,,,,,,,,,,,,,,,,,,,,,,,,,,,,,,,,,,,,,,,,,,,,,,,,,,,,,,,,,,,,,,,,,,,,,,,,,,,,,,,,,,,,,,,,,,,,,,,,,,,,,,,,,,,,,,,,,,,,,,,,,,,,,,,,,,,,,,,,,,,
,,,,,,,,,,,WDTS7024RZ-959,WDTS7024RZ Dishwasher SS - Display Only Item #959,,,,Appliance Dealers Cooperative (APPDE),Appliance Dealers Cooperative,FRIGIDAIRE®,,WDTS7024RZ-959,,unclassified / needs manual mapping,FRIGIDAIRE® WDTS7024RZ-959 Product,FRIGIDAIRE WDTS7024RZ-959 PRODUCT,FRIGIDAIRE® WDTS7024RZ-959 Product,FRIGIDAIRE® WDTS7024RZ-959 Product,,,,,,,,,,,,,,,,,,,,,,,,,,,,,,,,,,,,,,,,,,,,,,,,,,,,,,,,,,,,,,,,,,,,,,,,,,,,,,,,,,,,,,,,,,,,,,,,,,,,,,,,,,,,,,,,,,,,,,,,,,,,,,,,,,,,,,,,,,,,,,,,,,,,,,,,,,,,,,,,,,,,,,,,,,,,,,,,,,,,,,,,,,,,,,,,,,,,,,,,,,,,,,,,,,,,,,,,,,,,,,,,,
,,,,,,,,,,,DCB205C-960,Dewalt 20V Max 5.0Ah Starter Kit Item #960,,,,Black & Decker (2585),Black & Decker,DEWALT®,,DCB205C-960,,unclassified / needs manual mapping,DEWALT® DCB205C-960 Product,DEWALT DCB205C-960 PRODUCT,DEWALT® DCB205C-960 Product,DEWALT® DCB205C-960 Product,,,,,,,,,,,,,,,,,,,,,,,,,,,,,,,,,,,,,,,,,,,,,,,,,,,,,,,,,,,,,,,,,,,,,,,,,,,,,,,,,,,,,,,,,,,,,,,,,,,,,,,,,,,,,,,,,,,,,,,,,,,,,,,,,,,,,,,,,,,,,,,,,,,,,,,,,,,,,,,,,,,,,,,,,,,,,,,,,,,,,,,,,,,,,,,,,,,,,,,,,,,,,,,,,,,,,,,,,,,,,,,,,
,,,,,,,,,,,DCB518ASTS06G-961,"DCB518ASTS06G Diablo 1/2""x18"" - Sanding Belt 6pc Item #961",,,,Freud Inc (2435),Freud Inc,DIABLO®,,DCB518ASTS06G-961,,unclassified / needs manual mapping,DIABLO® DCB518ASTS06G-961 Product,DIABLO DCB518ASTS06G-961 PRODUCT,DIABLO® DCB518ASTS06G-961 Product,DIABLO® DCB518ASTS06G-961 Product,,,,,,,,,,,,,,,,,,,,,,,,,,,,,,,,,,,,,,,,,,,,,,,,,,,,,,,,,,,,,,,,,,,,,,,,,,,,,,,,,,,,,,,,,,,,,,,,,,,,,,,,,,,,,,,,,,,,,,,,,,,,,,,,,,,,,,,,,,,,,,,,,,,,,,,,,,,,,,,,,,,,,,,,,,,,,,,,,,,,,,,,,,,,,,,,,,,,,,,,,,,,,,,,,,,,,,,,,,,,,,,,,
,,,,,,,,,,,6702-000-962,Moen 6702-000 Genta Single Handle Bathroom Sink Faucet Chrome 1.2 gpm 4in Item #962,,,,Moen Incorporated (MOEN),Moen Incorporated,MOEN®,,6702-000-962,,Plumbing>Faucets>Bathroom Sink Faucets,"MOEN® 6702-000-962 Bathroom Sink Faucets, 2, 1.2 gpm, Chrome",MOEN 6702-000-962 BATHROOM SINK FAUCETS,"MOEN® 6702-000-962 Bathroom Sink Faucets, 2, 1.2 gpm, Chrome","MOEN® 6702-000-962 Bathroom Sink Faucets, 2, 1.2 gpm, Chrome",,,,,,,,,,,,,,,,,,,,,,,,,,,,,Number of Faucet Handles,2,,Flow Rate,1.2,gpm,Finish/Color,Chrome,,,,,,,,,,,,,,,,,,,,,,,,,,,,,,,,,,,,,,,,,,,,,,,,,,,,,,,,,,,,,,,,,,,,,,,,,,,,,,,,,,,,,,,,,,,,,,,,,,,,,,,,,,,,,,,,,,,,,,,,,,,,,,,,,,,,,,,,,,,,,,,,,,30181702,,,,,,,,,,,,,,,,,,,,,,,,,,,,,,,,,,,,,,,,,,,
,,,,,,,,,,,559HA-DST-963,Delta 559HA-DST Trinsic Single Handle Bathroom Sink Faucet Matte Black 1.2 gpm Item #963,,,,Delta Faucet Company (DELTA),Delta Faucet Company,DELTA®,,559HA-DST-963,,Plumbing>Faucets>Bathroom Sink Faucets,"DELTA® 559HA-DST-963 Bathroom Sink Faucets, 2, 1.2 gpm, Matte Black",DELTA 559HA-DST-963 BATHROOM SINK FAUCET,"DELTA® 559HA-DST-963 Bathroom Sink Faucets, 2, 1.2 gpm, Matte Black","DELTA® 559HA-DST-963 Bathroom Sink Faucets, 2, 1.2 gpm, Matte Black",,,,,,,,,,,,,,,,,,,,,,,,,,,,,Number of Faucet Handles,2,,Flow Rate,1.2,gpm,Finish/Color,Matte Black,,,,,,,,,,,,,,,,,,,,,,,,,,,,,,,,,,,,,,,,,,,,,,,,,,,,,,,,,,,,,,,,,,,,,,,,,,,,,,,,,,,,,,,,,,,,,,,,,,,,,,,,,,,,,,,,,,,,,,,,,,,,,,,,,,,,,,,,,,,,,,,,,,30181702,,,,,,,,,,,,,,,,,,,,,,,,,,,,,,,,,,,,,,,,,,,
,,,,,,,,,,,K-596-VS-964,Kohler K-596-VS Simplice Pull-Down Kitchen Faucet Vibrant Stainless 1.5 gpm Item #964,,,,Kohler Co. (KOHLER),Kohler Co.,KOHLER®,,K-596-VS-964,,Plumbing>Faucets>Utility Faucets,KOHLER® K-596-VS-964 Utility Faucets,KOHLER K-596-VS-964 UTILITY FAUCETS,KOHLER® K-596-VS-964 Utility Faucets,KOHLER® K-596-VS-964 Utility Faucets,,,,,,,,,,,,,,,,,,,,,,,,,,,,,,,,,,,,,,,,,,,,,,,,,,,,,,,,,,,,,,,,,,,,,,,,,,,,,,,,,,,,,,,,,,,,,,,,,,,,,,,,,,,,,,,,,,,,,,,,,,,,,,,,,,,,,,,,,,,,,,,,,,,,,,,,,,,,,,,,,,,,,,,,,,,,,,,,,,,,,,30181706,,,,,,,,,,,,,,,,,,,,,,,,,,,,,,,,,,,,,,,,,,,
,,,,,,,,,,,607-1/2-965,Nibco 607 1/2 1/2 in Copper Wrot Pressure 90 Deg Elbow Item #965,,,,Nibco Inc (NIBCO),Nibco Inc,NIBCO®,,607-1/2-965,,"Plumbing>Pipe, Tube & Hose Fittings>Pipe Fittings","NIBCO® 607-1/2-965 Pipe Fittings, Elbow, 1/2 in, Press, Copper",NIBCO 607-1/2-965 PIPE FITTINGS,"NIBCO® 607-1/2-965 Pipe Fittings, Elbow, 1/2 in, Press, Copper","NIBCO® 607-1/2-965 Pipe Fittings, Elbow, 1/2 in, Press, Copper",,,,,,,,,,,,,,,,,,,,,,,,,,,,,Fitting Fitting/Connector Type,Elbow,,Pipe Size,1/2,in,Connection Type,Press,,Fitting Material,Copper,,,,,,,,,,,,,,,,,,,,,,,,,,,,,,,,,,,,,,,,,,,,,,,,,,,,,,,,,,,,,,,,,,,,,,,,,,,,,,,,,,,,,,,,,,,,,,,,,,,,,,,,,,,,,,,,,,,,,,,,,,,,,,,,,,,,,,,,,,,,,,,40172600,,,,,,,,,,,,,,,,,,,,,,,,,,,,,,,,,,,,,,,,,,,
,,,,,,,,,,,U008LF-966,SharkBite U008LF 1/2 in Push-to-Connect Brass Coupling Item #966,,,,SharkBite Plumbing Solutions (SHARK),SharkBite Plumbing Solutions,SHARKBITE®,,U008LF-966,,"Plumbing>Pipe, Tube & Hose Fittings>Pipe Fittings","SHARKBITE® U008LF-966 Pipe Fittings, Coupling, 1/2 in, Push-to-Connect, Brass",SHARKBITE U008LF-966 PIPE FITTINGS,"SHARKBITE® U008LF-966 Pipe Fittings, Coupling, 1/2 in, Push-to-Connect, Brass","SHARKBITE® U008LF-966 Pipe Fittings, Coupling, 1/2 in, Push-to-Connect, Brass",,,,,,,,,,,,,,,,,,,,,,,,,,,,,Fitting Fitting/Connector Type,Coupling,,Pipe Size,1/2,in,Connection Type,Push-to-Connect,,Fitting Material,Brass,,,,,,,,,,,,,,,,,,,,,,,,,,,,,,,,,,,,,,,,,,,,,,,,,,,,,,,,,,,,,,,,,,,,,,,,,,,,,,,,,,,,,,,,,,,,,,,,,,,,,,,,,,,,,,,,,,,,,,,,,,,,,,,,,,,,,,,,,,,,,,,40172600,,,,,,,,,,,,,,,,,,,,,,,,,,,,,,,,,,,,,,,,,,,
,,,,,,,,,,,NIP-050-CLOSE-967,Charlotte Pipe 1/2 in x Close Black Steel Nipple MNPT Item #967,,,,Charlotte Pipe and Foundry (CHARL),Charlotte Pipe and Foundry,CHARLOTTE PIPE®,,NIP-050-CLOSE-967,,"Plumbing>Pipe, Tube & Hose Fittings>Pipe Fittings","CHARLOTTE PIPE® NIP-050-CLOSE-967 Pipe Fittings, Tee, 1/2 in, MNPT",CHARLOTTE PIPE NIP-050-CLOSE-967 PIPE FI,"CHARLOTTE PIPE® NIP-050-CLOSE-967 Pipe Fittings, Tee, 1/2 in, MNPT","CHARLOTTE PIPE® NIP-050-CLOSE-967 Pipe Fittings, Tee, 1/2 in, MNPT",,,,,,,,,,,,,,,,,,,,,,,,,,,,,Fitting Fitting/Connector Type,Tee,,Pipe Size,1/2,in,Connection Type,MNPT,,,,,,,,,,,,,,,,,,,,,,,,,,,,,,,,,,,,,,,,,,,,,,,,,,,,,,,,,,,,,,,,,,,,,,,,,,,,,,,,,,,,,,,,,,,,,,,,,,,,,,,,,,,,,,,,,,,,,,,,,,,,,,,,,,,,,,,,,,,,,,,,,,40172600,,,,,,,,,,,,,,,,,,,,,,,,,,,,,,,,,,,,,,,,,,,
,,,,,,,,,,,PDSH4816AF-968,PDSH4816AF Dishwasher SS - Display Only Item #968,,,,Appliance Dealers Cooperative (APPDE),Appliance Dealers Cooperative,FRIGIDAIRE®,,PDSH4816AF-968,,unclassified / needs manual mapping,FRIGIDAIRE® PDSH4816AF-968 Product,FRIGIDAIRE PDSH4816AF-968 PRODUCT,FRIGIDAIRE® PDSH4816AF-968 Product,FRIGIDAIRE® PDSH4816AF-968 Product,,,,,,,,,,,,,,,,,,,,,,,,,,,,,,,,,,,,,,,,,,,,,,,,,,,,,,,,,,,,,,,,,,,,,,,,,,,,,,,,,,,,,,,,,,,,,,,,,,,,,,,,,,,,,,,,,,,,,,,,,,,,,,,,,,,,,,,,,,,,,,,,,,,,,,,,,,,,,,,,,,,,,,,,,,,,,,,,,,,,,,,,,,,,,,,,,,,,,,,,,,,,,,,,,,,,,,,,,,,,,,,,,
,,,,,,,,,,,WDTS7024RZ-969,WDTS7024RZ Dishwasher SS - Display Only Item #969,,,,Appliance Dealers Cooperative (APPDE),Appliance Dealers Cooperative,FRIGIDAIRE®,,WDTS7024RZ-969,,unclassified / needs manual mapping,FRIGIDAIRE® WDTS7024RZ-969 Product,FRIGIDAIRE WDTS7024RZ-969 PRODUCT,FRIGIDAIRE® WDTS7024RZ-969 Product,FRIGIDAIRE® WDTS7024RZ-969 Product,,,,,,,,,,,,,,,,,,,,,,,,,,,,,,,,,,,,,,,,,,,,,,,,,,,,,,,,,,,,,,,,,,,,,,,,,,,,,,,,,,,,,,,,,,,,,,,,,,,,,,,,,,,,,,,,,,,,,,,,,,,,,,,,,,,,,,,,,,,,,,,,,,,,,,,,,,,,,,,,,,,,,,,,,,,,,,,,,,,,,,,,,,,,,,,,,,,,,,,,,,,,,,,,,,,,,,,,,,,,,,,,,
,,,,,,,,,,,DCB205C-970,Dewalt 20V Max 5.0Ah Starter Kit Item #970,,,,Black & Decker (2585),Black & Decker,DEWALT®,,DCB205C-970,,unclassified / needs manual mapping,DEWALT® DCB205C-970 Product,DEWALT DCB205C-970 PRODUCT,DEWALT® DCB205C-970 Product,DEWALT® DCB205C-970 Product,,,,,,,,,,,,,,,,,,,,,,,,,,,,,,,,,,,,,,,,,,,,,,,,,,,,,,,,,,,,,,,,,,,,,,,,,,,,,,,,,,,,,,,,,,,,,,,,,,,,,,,,,,,,,,,,,,,,,,,,,,,,,,,,,,,,,,,,,,,,,,,,,,,,,,,,,,,,,,,,,,,,,,,,,,,,,,,,,,,,,,,,,,,,,,,,,,,,,,,,,,,,,,,,,,,,,,,,,,,,,,,,,
,,,,,,,,,,,DCB518ASTS06G-971,"DCB518ASTS06G Diablo 1/2""x18"" - Sanding Belt 6pc Item #971",,,,Freud Inc (2435),Freud Inc,DIABLO®,,DCB518ASTS06G-971,,unclassified / needs manual mapping,DIABLO® DCB518ASTS06G-971 Product,DIABLO DCB518ASTS06G-971 PRODUCT,DIABLO® DCB518ASTS06G-971 Product,DIABLO® DCB518ASTS06G-971 Product,,,,,,,,,,,,,,,,,,,,,,,,,,,,,,,,,,,,,,,,,,,,,,,,,,,,,,,,,,,,,,,,,,,,,,,,,,,,,,,,,,,,,,,,,,,,,,,,,,,,,,,,,,,,,,,,,,,,,,,,,,,,,,,,,,,,,,,,,,,,,,,,,,,,,,,,,,,,,,,,,,,,,,,,,,,,,,,,,,,,,,,,,,,,,,,,,,,,,,,,,,,,,,,,,,,,,,,,,,,,,,,,,
,,,,,,,,,,,6702-000-972,Moen 6702-000 Genta Single Handle Bathroom Sink Faucet Chrome 1.2 gpm 4in Item #972,,,,Moen Incorporated (MOEN),Moen Incorporated,MOEN®,,6702-000-972,,Plumbing>Faucets>Bathroom Sink Faucets,"MOEN® 6702-000-972 Bathroom Sink Faucets, 2, 1.2 gpm, Chrome",MOEN 6702-000-972 BATHROOM SINK FAUCETS,"MOEN® 6702-000-972 Bathroom Sink Faucets, 2, 1.2 gpm, Chrome","MOEN® 6702-000-972 Bathroom Sink Faucets, 2, 1.2 gpm, Chrome",,,,,,,,,,,,,,,,,,,,,,,,,,,,,Number of Faucet Handles,2,,Flow Rate,1.2,gpm,Finish/Color,Chrome,,,,,,,,,,,,,,,,,,,,,,,,,,,,,,,,,,,,,,,,,,,,,,,,,,,,,,,,,,,,,,,,,,,,,,,,,,,,,,,,,,,,,,,,,,,,,,,,,,,,,,,,,,,,,,,,,,,,,,,,,,,,,,,,,,,,,,,,,,,,,,,,,,30181702,,,,,,,,,,,,,,,,,,,,,,,,,,,,,,,,,,,,,,,,,,,
,,,,,,,,,,,559HA-DST-973,Delta 559HA-DST Trinsic Single Handle Bathroom Sink Faucet Matte Black 1.2 gpm Item #973,,,,Delta Faucet Company (DELTA),Delta Faucet Company,DELTA®,,559HA-DST-973,,Plumbing>Faucets>Bathroom Sink Faucets,"DELTA® 559HA-DST-973 Bathroom Sink Faucets, 2, 1.2 gpm, Matte Black",DELTA 559HA-DST-973 BATHROOM SINK FAUCET,"DELTA® 559HA-DST-973 Bathroom Sink Faucets, 2, 1.2 gpm, Matte Black","DELTA® 559HA-DST-973 Bathroom Sink Faucets, 2, 1.2 gpm, Matte Black",,,,,,,,,,,,,,,,,,,,,,,,,,,,,Number of Faucet Handles,2,,Flow Rate,1.2,gpm,Finish/Color,Matte Black,,,,,,,,,,,,,,,,,,,,,,,,,,,,,,,,,,,,,,,,,,,,,,,,,,,,,,,,,,,,,,,,,,,,,,,,,,,,,,,,,,,,,,,,,,,,,,,,,,,,,,,,,,,,,,,,,,,,,,,,,,,,,,,,,,,,,,,,,,,,,,,,,,30181702,,,,,,,,,,,,,,,,,,,,,,,,,,,,,,,,,,,,,,,,,,,
,,,,,,,,,,,K-596-VS-974,Kohler K-596-VS Simplice Pull-Down Kitchen Faucet Vibrant Stainless 1.5 gpm Item #974,,,,Kohler Co. (KOHLER),Kohler Co.,KOHLER®,,K-596-VS-974,,Plumbing>Faucets>Utility Faucets,KOHLER® K-596-VS-974 Utility Faucets,KOHLER K-596-VS-974 UTILITY FAUCETS,KOHLER® K-596-VS-974 Utility Faucets,KOHLER® K-596-VS-974 Utility Faucets,,,,,,,,,,,,,,,,,,,,,,,,,,,,,,,,,,,,,,,,,,,,,,,,,,,,,,,,,,,,,,,,,,,,,,,,,,,,,,,,,,,,,,,,,,,,,,,,,,,,,,,,,,,,,,,,,,,,,,,,,,,,,,,,,,,,,,,,,,,,,,,,,,,,,,,,,,,,,,,,,,,,,,,,,,,,,,,,,,,,,,30181706,,,,,,,,,,,,,,,,,,,,,,,,,,,,,,,,,,,,,,,,,,,
,,,,,,,,,,,607-1/2-975,Nibco 607 1/2 1/2 in Copper Wrot Pressure 90 Deg Elbow Item #975,,,,Nibco Inc (NIBCO),Nibco Inc,NIBCO®,,607-1/2-975,,"Plumbing>Pipe, Tube & Hose Fittings>Pipe Fittings","NIBCO® 607-1/2-975 Pipe Fittings, Elbow, 1/2 in, Press, Copper",NIBCO 607-1/2-975 PIPE FITTINGS,"NIBCO® 607-1/2-975 Pipe Fittings, Elbow, 1/2 in, Press, Copper","NIBCO® 607-1/2-975 Pipe Fittings, Elbow, 1/2 in, Press, Copper",,,,,,,,,,,,,,,,,,,,,,,,,,,,,Fitting Fitting/Connector Type,Elbow,,Pipe Size,1/2,in,Connection Type,Press,,Fitting Material,Copper,,,,,,,,,,,,,,,,,,,,,,,,,,,,,,,,,,,,,,,,,,,,,,,,,,,,,,,,,,,,,,,,,,,,,,,,,,,,,,,,,,,,,,,,,,,,,,,,,,,,,,,,,,,,,,,,,,,,,,,,,,,,,,,,,,,,,,,,,,,,,,,40172600,,,,,,,,,,,,,,,,,,,,,,,,,,,,,,,,,,,,,,,,,,,
,,,,,,,,,,,U008LF-976,SharkBite U008LF 1/2 in Push-to-Connect Brass Coupling Item #976,,,,SharkBite Plumbing Solutions (SHARK),SharkBite Plumbing Solutions,SHARKBITE®,,U008LF-976,,"Plumbing>Pipe, Tube & Hose Fittings>Pipe Fittings","SHARKBITE® U008LF-976 Pipe Fittings, Coupling, 1/2 in, Push-to-Connect, Brass",SHARKBITE U008LF-976 PIPE FITTINGS,"SHARKBITE® U008LF-976 Pipe Fittings, Coupling, 1/2 in, Push-to-Connect, Brass","SHARKBITE® U008LF-976 Pipe Fittings, Coupling, 1/2 in, Push-to-Connect, Brass",,,,,,,,,,,,,,,,,,,,,,,,,,,,,Fitting Fitting/Connector Type,Coupling,,Pipe Size,1/2,in,Connection Type,Push-to-Connect,,Fitting Material,Brass,,,,,,,,,,,,,,,,,,,,,,,,,,,,,,,,,,,,,,,,,,,,,,,,,,,,,,,,,,,,,,,,,,,,,,,,,,,,,,,,,,,,,,,,,,,,,,,,,,,,,,,,,,,,,,,,,,,,,,,,,,,,,,,,,,,,,,,,,,,,,,,40172600,,,,,,,,,,,,,,,,,,,,,,,,,,,,,,,,,,,,,,,,,,,
,,,,,,,,,,,NIP-050-CLOSE-977,Charlotte Pipe 1/2 in x Close Black Steel Nipple MNPT Item #977,,,,Charlotte Pipe and Foundry (CHARL),Charlotte Pipe and Foundry,CHARLOTTE PIPE®,,NIP-050-CLOSE-977,,"Plumbing>Pipe, Tube & Hose Fittings>Pipe Fittings","CHARLOTTE PIPE® NIP-050-CLOSE-977 Pipe Fittings, Tee, 1/2 in, MNPT",CHARLOTTE PIPE NIP-050-CLOSE-977 PIPE FI,"CHARLOTTE PIPE® NIP-050-CLOSE-977 Pipe Fittings, Tee, 1/2 in, MNPT","CHARLOTTE PIPE® NIP-050-CLOSE-977 Pipe Fittings, Tee, 1/2 in, MNPT",,,,,,,,,,,,,,,,,,,,,,,,,,,,,Fitting Fitting/Connector Type,Tee,,Pipe Size,1/2,in,Connection Type,MNPT,,,,,,,,,,,,,,,,,,,,,,,,,,,,,,,,,,,,,,,,,,,,,,,,,,,,,,,,,,,,,,,,,,,,,,,,,,,,,,,,,,,,,,,,,,,,,,,,,,,,,,,,,,,,,,,,,,,,,,,,,,,,,,,,,,,,,,,,,,,,,,,,,,40172600,,,,,,,,,,,,,,,,,,,,,,,,,,,,,,,,,,,,,,,,,,,
,,,,,,,,,,,PDSH4816AF-978,PDSH4816AF Dishwasher SS - Display Only Item #978,,,,Appliance Dealers Cooperative (APPDE),Appliance Dealers Cooperative,FRIGIDAIRE®,,PDSH4816AF-978,,unclassified / needs manual mapping,FRIGIDAIRE® PDSH4816AF-978 Product,FRIGIDAIRE PDSH4816AF-978 PRODUCT,FRIGIDAIRE® PDSH4816AF-978 Product,FRIGIDAIRE® PDSH4816AF-978 Product,,,,,,,,,,,,,,,,,,,,,,,,,,,,,,,,,,,,,,,,,,,,,,,,,,,,,,,,,,,,,,,,,,,,,,,,,,,,,,,,,,,,,,,,,,,,,,,,,,,,,,,,,,,,,,,,,,,,,,,,,,,,,,,,,,,,,,,,,,,,,,,,,,,,,,,,,,,,,,,,,,,,,,,,,,,,,,,,,,,,,,,,,,,,,,,,,,,,,,,,,,,,,,,,,,,,,,,,,,,,,,,,,
,,,,,,,,,,,WDTS7024RZ-979,WDTS7024RZ Dishwasher SS - Display Only Item #979,,,,Appliance Dealers Cooperative (APPDE),Appliance Dealers Cooperative,FRIGIDAIRE®,,WDTS7024RZ-979,,unclassified / needs manual mapping,FRIGIDAIRE® WDTS7024RZ-979 Product,FRIGIDAIRE WDTS7024RZ-979 PRODUCT,FRIGIDAIRE® WDTS7024RZ-979 Product,FRIGIDAIRE® WDTS7024RZ-979 Product,,,,,,,,,,,,,,,,,,,,,,,,,,,,,,,,,,,,,,,,,,,,,,,,,,,,,,,,,,,,,,,,,,,,,,,,,,,,,,,,,,,,,,,,,,,,,,,,,,,,,,,,,,,,,,,,,,,,,,,,,,,,,,,,,,,,,,,,,,,,,,,,,,,,,,,,,,,,,,,,,,,,,,,,,,,,,,,,,,,,,,,,,,,,,,,,,,,,,,,,,,,,,,,,,,,,,,,,,,,,,,,,,
,,,,,,,,,,,DCB205C-980,Dewalt 20V Max 5.0Ah Starter Kit Item #980,,,,Black & Decker (2585),Black & Decker,DEWALT®,,DCB205C-980,,unclassified / needs manual mapping,DEWALT® DCB205C-980 Product,DEWALT DCB205C-980 PRODUCT,DEWALT® DCB205C-980 Product,DEWALT® DCB205C-980 Product,,,,,,,,,,,,,,,,,,,,,,,,,,,,,,,,,,,,,,,,,,,,,,,,,,,,,,,,,,,,,,,,,,,,,,,,,,,,,,,,,,,,,,,,,,,,,,,,,,,,,,,,,,,,,,,,,,,,,,,,,,,,,,,,,,,,,,,,,,,,,,,,,,,,,,,,,,,,,,,,,,,,,,,,,,,,,,,,,,,,,,,,,,,,,,,,,,,,,,,,,,,,,,,,,,,,,,,,,,,,,,,,,
,,,,,,,,,,,DCB518ASTS06G-981,"DCB518ASTS06G Diablo 1/2""x18"" - Sanding Belt 6pc Item #981",,,,Freud Inc (2435),Freud Inc,DIABLO®,,DCB518ASTS06G-981,,unclassified / needs manual mapping,DIABLO® DCB518ASTS06G-981 Product,DIABLO DCB518ASTS06G-981 PRODUCT,DIABLO® DCB518ASTS06G-981 Product,DIABLO® DCB518ASTS06G-981 Product,,,,,,,,,,,,,,,,,,,,,,,,,,,,,,,,,,,,,,,,,,,,,,,,,,,,,,,,,,,,,,,,,,,,,,,,,,,,,,,,,,,,,,,,,,,,,,,,,,,,,,,,,,,,,,,,,,,,,,,,,,,,,,,,,,,,,,,,,,,,,,,,,,,,,,,,,,,,,,,,,,,,,,,,,,,,,,,,,,,,,,,,,,,,,,,,,,,,,,,,,,,,,,,,,,,,,,,,,,,,,,,,,
,,,,,,,,,,,6702-000-982,Moen 6702-000 Genta Single Handle Bathroom Sink Faucet Chrome 1.2 gpm 4in Item #982,,,,Moen Incorporated (MOEN),Moen Incorporated,MOEN®,,6702-000-982,,Plumbing>Faucets>Bathroom Sink Faucets,"MOEN® 6702-000-982 Bathroom Sink Faucets, 2, 1.2 gpm, Chrome",MOEN 6702-000-982 BATHROOM SINK FAUCETS,"MOEN® 6702-000-982 Bathroom Sink Faucets, 2, 1.2 gpm, Chrome","MOEN® 6702-000-982 Bathroom Sink Faucets, 2, 1.2 gpm, Chrome",,,,,,,,,,,,,,,,,,,,,,,,,,,,,Number of Faucet Handles,2,,Flow Rate,1.2,gpm,Finish/Color,Chrome,,,,,,,,,,,,,,,,,,,,,,,,,,,,,,,,,,,,,,,,,,,,,,,,,,,,,,,,,,,,,,,,,,,,,,,,,,,,,,,,,,,,,,,,,,,,,,,,,,,,,,,,,,,,,,,,,,,,,,,,,,,,,,,,,,,,,,,,,,,,,,,,,,30181702,,,,,,,,,,,,,,,,,,,,,,,,,,,,,,,,,,,,,,,,,,,
,,,,,,,,,,,559HA-DST-983,Delta 559HA-DST Trinsic Single Handle Bathroom Sink Faucet Matte Black 1.2 gpm Item #983,,,,Delta Faucet Company (DELTA),Delta Faucet Company,DELTA®,,559HA-DST-983,,Plumbing>Faucets>Bathroom Sink Faucets,"DELTA® 559HA-DST-983 Bathroom Sink Faucets, 2, 1.2 gpm, Matte Black",DELTA 559HA-DST-983 BATHROOM SINK FAUCET,"DELTA® 559HA-DST-983 Bathroom Sink Faucets, 2, 1.2 gpm, Matte Black","DELTA® 559HA-DST-983 Bathroom Sink Faucets, 2, 1.2 gpm, Matte Black",,,,,,,,,,,,,,,,,,,,,,,,,,,,,Number of Faucet Handles,2,,Flow Rate,1.2,gpm,Finish/Color,Matte Black,,,,,,,,,,,,,,,,,,,,,,,,,,,,,,,,,,,,,,,,,,,,,,,,,,,,,,,,,,,,,,,,,,,,,,,,,,,,,,,,,,,,,,,,,,,,,,,,,,,,,,,,,,,,,,,,,,,,,,,,,,,,,,,,,,,,,,,,,,,,,,,,,,30181702,,,,,,,,,,,,,,,,,,,,,,,,,,,,,,,,,,,,,,,,,,,
,,,,,,,,,,,K-596-VS-984,Kohler K-596-VS Simplice Pull-Down Kitchen Faucet Vibrant Stainless 1.5 gpm Item #984,,,,Kohler Co. (KOHLER),Kohler Co.,KOHLER®,,K-596-VS-984,,Plumbing>Faucets>Utility Faucets,KOHLER® K-596-VS-984 Utility Faucets,KOHLER K-596-VS-984 UTILITY FAUCETS,KOHLER® K-596-VS-984 Utility Faucets,KOHLER® K-596-VS-984 Utility Faucets,,,,,,,,,,,,,,,,,,,,,,,,,,,,,,,,,,,,,,,,,,,,,,,,,,,,,,,,,,,,,,,,,,,,,,,,,,,,,,,,,,,,,,,,,,,,,,,,,,,,,,,,,,,,,,,,,,,,,,,,,,,,,,,,,,,,,,,,,,,,,,,,,,,,,,,,,,,,,,,,,,,,,,,,,,,,,,,,,,,,,,30181706,,,,,,,,,,,,,,,,,,,,,,,,,,,,,,,,,,,,,,,,,,,
,,,,,,,,,,,607-1/2-985,Nibco 607 1/2 1/2 in Copper Wrot Pressure 90 Deg Elbow Item #985,,,,Nibco Inc (NIBCO),Nibco Inc,NIBCO®,,607-1/2-985,,"Plumbing>Pipe, Tube & Hose Fittings>Pipe Fittings","NIBCO® 607-1/2-985 Pipe Fittings, Elbow, 1/2 in, Press, Copper",NIBCO 607-1/2-985 PIPE FITTINGS,"NIBCO® 607-1/2-985 Pipe Fittings, Elbow, 1/2 in, Press, Copper","NIBCO® 607-1/2-985 Pipe Fittings, Elbow, 1/2 in, Press, Copper",,,,,,,,,,,,,,,,,,,,,,,,,,,,,Fitting Fitting/Connector Type,Elbow,,Pipe Size,1/2,in,Connection Type,Press,,Fitting Material,Copper,,,,,,,,,,,,,,,,,,,,,,,,,,,,,,,,,,,,,,,,,,,,,,,,,,,,,,,,,,,,,,,,,,,,,,,,,,,,,,,,,,,,,,,,,,,,,,,,,,,,,,,,,,,,,,,,,,,,,,,,,,,,,,,,,,,,,,,,,,,,,,,40172600,,,,,,,,,,,,,,,,,,,,,,,,,,,,,,,,,,,,,,,,,,,
,,,,,,,,,,,U008LF-986,SharkBite U008LF 1/2 in Push-to-Connect Brass Coupling Item #986,,,,SharkBite Plumbing Solutions (SHARK),SharkBite Plumbing Solutions,SHARKBITE®,,U008LF-986,,"Plumbing>Pipe, Tube & Hose Fittings>Pipe Fittings","SHARKBITE® U008LF-986 Pipe Fittings, Coupling, 1/2 in, Push-to-Connect, Brass",SHARKBITE U008LF-986 PIPE FITTINGS,"SHARKBITE® U008LF-986 Pipe Fittings, Coupling, 1/2 in, Push-to-Connect, Brass","SHARKBITE® U008LF-986 Pipe Fittings, Coupling, 1/2 in, Push-to-Connect, Brass",,,,,,,,,,,,,,,,,,,,,,,,,,,,,Fitting Fitting/Connector Type,Coupling,,Pipe Size,1/2,in,Connection Type,Push-to-Connect,,Fitting Material,Brass,,,,,,,,,,,,,,,,,,,,,,,,,,,,,,,,,,,,,,,,,,,,,,,,,,,,,,,,,,,,,,,,,,,,,,,,,,,,,,,,,,,,,,,,,,,,,,,,,,,,,,,,,,,,,,,,,,,,,,,,,,,,,,,,,,,,,,,,,,,,,,,40172600,,,,,,,,,,,,,,,,,,,,,,,,,,,,,,,,,,,,,,,,,,,
,,,,,,,,,,,NIP-050-CLOSE-987,Charlotte Pipe 1/2 in x Close Black Steel Nipple MNPT Item #987,,,,Charlotte Pipe and Foundry (CHARL),Charlotte Pipe and Foundry,CHARLOTTE PIPE®,,NIP-050-CLOSE-987,,"Plumbing>Pipe, Tube & Hose Fittings>Pipe Fittings","CHARLOTTE PIPE® NIP-050-CLOSE-987 Pipe Fittings, Tee, 1/2 in, MNPT",CHARLOTTE PIPE NIP-050-CLOSE-987 PIPE FI,"CHARLOTTE PIPE® NIP-050-CLOSE-987 Pipe Fittings, Tee, 1/2 in, MNPT","CHARLOTTE PIPE® NIP-050-CLOSE-987 Pipe Fittings, Tee, 1/2 in, MNPT",,,,,,,,,,,,,,,,,,,,,,,,,,,,,Fitting Fitting/Connector Type,Tee,,Pipe Size,1/2,in,Connection Type,MNPT,,,,,,,,,,,,,,,,,,,,,,,,,,,,,,,,,,,,,,,,,,,,,,,,,,,,,,,,,,,,,,,,,,,,,,,,,,,,,,,,,,,,,,,,,,,,,,,,,,,,,,,,,,,,,,,,,,,,,,,,,,,,,,,,,,,,,,,,,,,,,,,,,,40172600,,,,,,,,,,,,,,,,,,,,,,,,,,,,,,,,,,,,,,,,,,,
,,,,,,,,,,,PDSH4816AF-988,PDSH4816AF Dishwasher SS - Display Only Item #988,,,,Appliance Dealers Cooperative (APPDE),Appliance Dealers Cooperative,FRIGIDAIRE®,,PDSH4816AF-988,,unclassified / needs manual mapping,FRIGIDAIRE® PDSH4816AF-988 Product,FRIGIDAIRE PDSH4816AF-988 PRODUCT,FRIGIDAIRE® PDSH4816AF-988 Product,FRIGIDAIRE® PDSH4816AF-988 Product,,,,,,,,,,,,,,,,,,,,,,,,,,,,,,,,,,,,,,,,,,,,,,,,,,,,,,,,,,,,,,,,,,,,,,,,,,,,,,,,,,,,,,,,,,,,,,,,,,,,,,,,,,,,,,,,,,,,,,,,,,,,,,,,,,,,,,,,,,,,,,,,,,,,,,,,,,,,,,,,,,,,,,,,,,,,,,,,,,,,,,,,,,,,,,,,,,,,,,,,,,,,,,,,,,,,,,,,,,,,,,,,,
,,,,,,,,,,,WDTS7024RZ-989,WDTS7024RZ Dishwasher SS - Display Only Item #989,,,,Appliance Dealers Cooperative (APPDE),Appliance Dealers Cooperative,FRIGIDAIRE®,,WDTS7024RZ-989,,unclassified / needs manual mapping,FRIGIDAIRE® WDTS7024RZ-989 Product,FRIGIDAIRE WDTS7024RZ-989 PRODUCT,FRIGIDAIRE® WDTS7024RZ-989 Product,FRIGIDAIRE® WDTS7024RZ-989 Product,,,,,,,,,,,,,,,,,,,,,,,,,,,,,,,,,,,,,,,,,,,,,,,,,,,,,,,,,,,,,,,,,,,,,,,,,,,,,,,,,,,,,,,,,,,,,,,,,,,,,,,,,,,,,,,,,,,,,,,,,,,,,,,,,,,,,,,,,,,,,,,,,,,,,,,,,,,,,,,,,,,,,,,,,,,,,,,,,,,,,,,,,,,,,,,,,,,,,,,,,,,,,,,,,,,,,,,,,,,,,,,,,
,,,,,,,,,,,DCB205C-990,Dewalt 20V Max 5.0Ah Starter Kit Item #990,,,,Black & Decker (2585),Black & Decker,DEWALT®,,DCB205C-990,,unclassified / needs manual mapping,DEWALT® DCB205C-990 Product,DEWALT DCB205C-990 PRODUCT,DEWALT® DCB205C-990 Product,DEWALT® DCB205C-990 Product,,,,,,,,,,,,,,,,,,,,,,,,,,,,,,,,,,,,,,,,,,,,,,,,,,,,,,,,,,,,,,,,,,,,,,,,,,,,,,,,,,,,,,,,,,,,,,,,,,,,,,,,,,,,,,,,,,,,,,,,,,,,,,,,,,,,,,,,,,,,,,,,,,,,,,,,,,,,,,,,,,,,,,,,,,,,,,,,,,,,,,,,,,,,,,,,,,,,,,,,,,,,,,,,,,,,,,,,,,,,,,,,,
,,,,,,,,,,,DCB518ASTS06G-991,"DCB518ASTS06G Diablo 1/2""x18"" - Sanding Belt 6pc Item #991",,,,Freud Inc (2435),Freud Inc,DIABLO®,,DCB518ASTS06G-991,,unclassified / needs manual mapping,DIABLO® DCB518ASTS06G-991 Product,DIABLO DCB518ASTS06G-991 PRODUCT,DIABLO® DCB518ASTS06G-991 Product,DIABLO® DCB518ASTS06G-991 Product,,,,,,,,,,,,,,,,,,,,,,,,,,,,,,,,,,,,,,,,,,,,,,,,,,,,,,,,,,,,,,,,,,,,,,,,,,,,,,,,,,,,,,,,,,,,,,,,,,,,,,,,,,,,,,,,,,,,,,,,,,,,,,,,,,,,,,,,,,,,,,,,,,,,,,,,,,,,,,,,,,,,,,,,,,,,,,,,,,,,,,,,,,,,,,,,,,,,,,,,,,,,,,,,,,,,,,,,,,,,,,,,,
,,,,,,,,,,,6702-000-992,Moen 6702-000 Genta Single Handle Bathroom Sink Faucet Chrome 1.2 gpm 4in Item #992,,,,Moen Incorporated (MOEN),Moen Incorporated,MOEN®,,6702-000-992,,Plumbing>Faucets>Bathroom Sink Faucets,"MOEN® 6702-000-992 Bathroom Sink Faucets, 2, 1.2 gpm, Chrome",MOEN 6702-000-992 BATHROOM SINK FAUCETS,"MOEN® 6702-000-992 Bathroom Sink Faucets, 2, 1.2 gpm, Chrome","MOEN® 6702-000-992 Bathroom Sink Faucets, 2, 1.2 gpm, Chrome",,,,,,,,,,,,,,,,,,,,,,,,,,,,,Number of Faucet Handles,2,,Flow Rate,1.2,gpm,Finish/Color,Chrome,,,,,,,,,,,,,,,,,,,,,,,,,,,,,,,,,,,,,,,,,,,,,,,,,,,,,,,,,,,,,,,,,,,,,,,,,,,,,,,,,,,,,,,,,,,,,,,,,,,,,,,,,,,,,,,,,,,,,,,,,,,,,,,,,,,,,,,,,,,,,,,,,,30181702,,,,,,,,,,,,,,,,,,,,,,,,,,,,,,,,,,,,,,,,,,,
,,,,,,,,,,,559HA-DST-993,Delta 559HA-DST Trinsic Single Handle Bathroom Sink Faucet Matte Black 1.2 gpm Item #993,,,,Delta Faucet Company (DELTA),Delta Faucet Company,DELTA®,,559HA-DST-993,,Plumbing>Faucets>Bathroom Sink Faucets,"DELTA® 559HA-DST-993 Bathroom Sink Faucets, 2, 1.2 gpm, Matte Black",DELTA 559HA-DST-993 BATHROOM SINK FAUCET,"DELTA® 559HA-DST-993 Bathroom Sink Faucets, 2, 1.2 gpm, Matte Black","DELTA® 559HA-DST-993 Bathroom Sink Faucets, 2, 1.2 gpm, Matte Black",,,,,,,,,,,,,,,,,,,,,,,,,,,,,Number of Faucet Handles,2,,Flow Rate,1.2,gpm,Finish/Color,Matte Black,,,,,,,,,,,,,,,,,,,,,,,,,,,,,,,,,,,,,,,,,,,,,,,,,,,,,,,,,,,,,,,,,,,,,,,,,,,,,,,,,,,,,,,,,,,,,,,,,,,,,,,,,,,,,,,,,,,,,,,,,,,,,,,,,,,,,,,,,,,,,,,,,,30181702,,,,,,,,,,,,,,,,,,,,,,,,,,,,,,,,,,,,,,,,,,,
,,,,,,,,,,,K-596-VS-994,Kohler K-596-VS Simplice Pull-Down Kitchen Faucet Vibrant Stainless 1.5 gpm Item #994,,,,Kohler Co. (KOHLER),Kohler Co.,KOHLER®,,K-596-VS-994,,Plumbing>Faucets>Utility Faucets,KOHLER® K-596-VS-994 Utility Faucets,KOHLER K-596-VS-994 UTILITY FAUCETS,KOHLER® K-596-VS-994 Utility Faucets,KOHLER® K-596-VS-994 Utility Faucets,,,,,,,,,,,,,,,,,,,,,,,,,,,,,,,,,,,,,,,,,,,,,,,,,,,,,,,,,,,,,,,,,,,,,,,,,,,,,,,,,,,,,,,,,,,,,,,,,,,,,,,,,,,,,,,,,,,,,,,,,,,,,,,,,,,,,,,,,,,,,,,,,,,,,,,,,,,,,,,,,,,,,,,,,,,,,,,,,,,,,,30181706,,,,,,,,,,,,,,,,,,,,,,,,,,,,,,,,,,,,,,,,,,,
,,,,,,,,,,,607-1/2-995,Nibco 607 1/2 1/2 in Copper Wrot Pressure 90 Deg Elbow Item #995,,,,Nibco Inc (NIBCO),Nibco Inc,NIBCO®,,607-1/2-995,,"Plumbing>Pipe, Tube & Hose Fittings>Pipe Fittings","NIBCO® 607-1/2-995 Pipe Fittings, Elbow, 1/2 in, Press, Copper",NIBCO 607-1/2-995 PIPE FITTINGS,"NIBCO® 607-1/2-995 Pipe Fittings, Elbow, 1/2 in, Press, Copper","NIBCO® 607-1/2-995 Pipe Fittings, Elbow, 1/2 in, Press, Copper",,,,,,,,,,,,,,,,,,,,,,,,,,,,,Fitting Fitting/Connector Type,Elbow,,Pipe Size,1/2,in,Connection Type,Press,,Fitting Material,Copper,,,,,,,,,,,,,,,,,,,,,,,,,,,,,,,,,,,,,,,,,,,,,,,,,,,,,,,,,,,,,,,,,,,,,,,,,,,,,,,,,,,,,,,,,,,,,,,,,,,,,,,,,,,,,,,,,,,,,,,,,,,,,,,,,,,,,,,,,,,,,,,40172600,,,,,,,,,,,,,,,,,,,,,,,,,,,,,,,,,,,,,,,,,,,
,,,,,,,,,,,U008LF-996,SharkBite U008LF 1/2 in Push-to-Connect Brass Coupling Item #996,,,,SharkBite Plumbing Solutions (SHARK),SharkBite Plumbing Solutions,SHARKBITE®,,U008LF-996,,"Plumbing>Pipe, Tube & Hose Fittings>Pipe Fittings","SHARKBITE® U008LF-996 Pipe Fittings, Coupling, 1/2 in, Push-to-Connect, Brass",SHARKBITE U008LF-996 PIPE FITTINGS,"SHARKBITE® U008LF-996 Pipe Fittings, Coupling, 1/2 in, Push-to-Connect, Brass","SHARKBITE® U008LF-996 Pipe Fittings, Coupling, 1/2 in, Push-to-Connect, Brass",,,,,,,,,,,,,,,,,,,,,,,,,,,,,Fitting Fitting/Connector Type,Coupling,,Pipe Size,1/2,in,Connection Type,Push-to-Connect,,Fitting Material,Brass,,,,,,,,,,,,,,,,,,,,,,,,,,,,,,,,,,,,,,,,,,,,,,,,,,,,,,,,,,,,,,,,,,,,,,,,,,,,,,,,,,,,,,,,,,,,,,,,,,,,,,,,,,,,,,,,,,,,,,,,,,,,,,,,,,,,,,,,,,,,,,,40172600,,,,,,,,,,,,,,,,,,,,,,,,,,,,,,,,,,,,,,,,,,,
,,,,,,,,,,,NIP-050-CLOSE-997,Charlotte Pipe 1/2 in x Close Black Steel Nipple MNPT Item #997,,,,Charlotte Pipe and Foundry (CHARL),Charlotte Pipe and Foundry,CHARLOTTE PIPE®,,NIP-050-CLOSE-997,,"Plumbing>Pipe, Tube & Hose Fittings>Pipe Fittings","CHARLOTTE PIPE® NIP-050-CLOSE-997 Pipe Fittings, Tee, 1/2 in, MNPT",CHARLOTTE PIPE NIP-050-CLOSE-997 PIPE FI,"CHARLOTTE PIPE® NIP-050-CLOSE-997 Pipe Fittings, Tee, 1/2 in, MNPT","CHARLOTTE PIPE® NIP-050-CLOSE-997 Pipe Fittings, Tee, 1/2 in, MNPT",,,,,,,,,,,,,,,,,,,,,,,,,,,,,Fitting Fitting/Connector Type,Tee,,Pipe Size,1/2,in,Connection Type,MNPT,,,,,,,,,,,,,,,,,,,,,,,,,,,,,,,,,,,,,,,,,,,,,,,,,,,,,,,,,,,,,,,,,,,,,,,,,,,,,,,,,,,,,,,,,,,,,,,,,,,,,,,,,,,,,,,,,,,,,,,,,,,,,,,,,,,,,,,,,,,,,,,,,,40172600,,,,,,,,,,,,,,,,,,,,,,,,,,,,,,,,,,,,,,,,,,,
,,,,,,,,,,,PDSH4816AF-998,PDSH4816AF Dishwasher SS - Display Only Item #998,,,,Appliance Dealers Cooperative (APPDE),Appliance Dealers Cooperative,FRIGIDAIRE®,,PDSH4816AF-998,,unclassified / needs manual mapping,FRIGIDAIRE® PDSH4816AF-998 Product,FRIGIDAIRE PDSH4816AF-998 PRODUCT,FRIGIDAIRE® PDSH4816AF-998 Product,FRIGIDAIRE® PDSH4816AF-998 Product,,,,,,,,,,,,,,,,,,,,,,,,,,,,,,,,,,,,,,,,,,,,,,,,,,,,,,,,,,,,,,,,,,,,,,,,,,,,,,,,,,,,,,,,,,,,,,,,,,,,,,,,,,,,,,,,,,,,,,,,,,,,,,,,,,,,,,,,,,,,,,,,,,,,,,,,,,,,,,,,,,,,,,,,,,,,,,,,,,,,,,,,,,,,,,,,,,,,,,,,,,,,,,,,,,,,,,,,,,,,,,,,,
,,,,,,,,,,,WDTS7024RZ-999,WDTS7024RZ Dishwasher SS - Display Only Item #999,,,,Appliance Dealers Cooperative (APPDE),Appliance Dealers Cooperative,FRIGIDAIRE®,,WDTS7024RZ-999,,unclassified / needs manual mapping,FRIGIDAIRE® WDTS7024RZ-999 Product,FRIGIDAIRE WDTS7024RZ-999 PRODUCT,FRIGIDAIRE® WDTS7024RZ-999 Product,FRIGIDAIRE® WDTS7024RZ-999 Product,,,,,,,,,,,,,,,,,,,,,,,,,,,,,,,,,,,,,,,,,,,,,,,,,,,,,,,,,,,,,,,,,,,,,,,,,,,,,,,,,,,,,,,,,,,,,,,,,,,,,,,,,,,,,,,,,,,,,,,,,,,,,,,,,,,,,,,,,,,,,,,,,,,,,,,,,,,,,,,,,,,,,,,,,,,,,,,,,,,,,,,,,,,,,,,,,,,,,,,,,,,,,,,,,,,,,,,,,,,,,,,,,
,,,,,,,,,,,DCB205C-1000,Dewalt 20V Max 5.0Ah Starter Kit Item #1000,,,,Black & Decker (2585),Black & Decker,DEWALT®,,DCB205C-1000,,unclassified / needs manual mapping,DEWALT® DCB205C-1000 Product,DEWALT DCB205C-1000 PRODUCT,DEWALT® DCB205C-1000 Product,DEWALT® DCB205C-1000 Product,,,,,,,,,,,,,,,,,,,,,,,,,,,,,,,,,,,,,,,,,,,,,,,,,,,,,,,,,,,,,,,,,,,,,,,,,,,,,,,,,,,,,,,,,,,,,,,,,,,,,,,,,,,,,,,,,,,,,,,,,,,,,,,,,,,,,,,,,,,,,,,,,,,,,,,,,,,,,,,,,,,,,,,,,,,,,,,,,,,,,,,,,,,,,,,,,,,,,,,,,,,,,,,,,,,,,,,,,,,,,,,,,
